customer_id,frequency,avg_spend,avg_energy,cluster
CUST_00001,267,27.182996254681647,46.06666666666666,2
CUST_00002,243,27.91777777777778,47.815637860082305,2
CUST_00003,282,27.729397163120566,46.67801418439716,2
CUST_00004,253,28.151383399209486,48.00158102766798,2
CUST_00005,246,27.976626016260163,47.614227642276425,2
CUST_00006,231,27.674805194805195,46.570129870129875,2
CUST_00007,257,27.311400778210114,46.74669260700389,2
CUST_00008,237,28.942489451476792,48.58227848101266,2
CUST_00009,243,28.441604938271606,48.18930041152263,2
CUST_00010,264,29.068674242424244,48.72803030303031,2
CUST_00011,264,28.167348484848485,47.61893939393939,2
CUST_00012,266,26.374097744360903,45.16466165413534,2
CUST_00013,224,27.656875000000003,46.886607142857144,2
CUST_00014,236,27.643644067796608,46.82415254237288,2
CUST_00015,259,27.812432432432434,47.1073359073359,2
CUST_00016,283,27.356148409893994,46.521908127208484,2
CUST_00017,248,27.88241935483871,47.87943548387097,2
CUST_00018,240,27.549458333333334,46.19416666666667,2
CUST_00019,251,28.703187250996017,48.833067729083666,2
CUST_00020,253,28.381304347826088,48.29249011857708,2
CUST_00021,258,28.165426356589148,47.794186046511626,2
CUST_00022,281,27.553238434163703,46.93274021352313,2
CUST_00023,252,27.76170634920635,47.01309523809523,2
CUST_00024,278,27.559676258992805,46.20719424460432,2
CUST_00025,257,27.597081712062256,46.95525291828794,2
CUST_00026,276,27.94909420289855,46.94927536231884,2
CUST_00027,263,27.42893536121673,46.247148288973385,2
CUST_00028,270,28.130407407407407,47.90185185185185,2
CUST_00029,259,29.21949806949807,49.13397683397684,2
CUST_00030,257,27.528443579766538,46.63735408560311,2
CUST_00031,272,27.89378676470588,47.086029411764706,2
CUST_00032,280,28.209857142857143,47.31428571428572,2
CUST_00033,266,28.96563909774436,49.27857142857143,2
CUST_00034,258,28.30922480620155,47.5046511627907,2
CUST_00035,279,28.204086021505375,48.02652329749104,2
CUST_00036,271,28.248339483394833,47.5309963099631,2
CUST_00037,244,28.398155737704915,48.22950819672131,2
CUST_00038,277,28.442093862815884,47.39494584837545,2
CUST_00039,269,27.662639405204462,47.07695167286246,2
CUST_00040,260,27.126884615384615,45.79653846153846,2
CUST_00041,247,27.52582995951417,46.43481781376518,2
CUST_00042,267,28.580823970037454,48.36329588014981,2
CUST_00043,245,27.73273469387755,46.89265306122449,2
CUST_00044,240,27.77854166666667,47.026666666666664,2
CUST_00045,289,28.297647058823532,48.17370242214533,2
CUST_00046,245,28.67534693877551,47.74204081632653,2
CUST_00047,260,28.079,47.47038461538461,2
CUST_00048,251,28.392031872509957,47.864541832669325,2
CUST_00049,273,27.294358974358975,46.24029304029304,2
CUST_00050,230,27.348739130434783,46.6204347826087,2
CUST_00051,242,26.301694214876033,45.03347107438017,2
CUST_00052,268,27.848283582089554,47.05298507462687,2
CUST_00053,242,26.895289256198346,45.051239669421484,2
CUST_00054,277,27.78851985559567,46.82057761732852,2
CUST_00055,242,28.25020661157025,47.59338842975207,2
CUST_00056,260,27.165423076923076,46.82,2
CUST_00057,263,27.599201520912548,46.18250950570342,2
CUST_00058,234,28.611367521367523,47.48760683760684,2
CUST_00059,244,27.055573770491804,46.01311475409836,2
CUST_00060,269,28.4310780669145,47.97732342007435,2
CUST_00061,243,28.160082304526746,47.80329218106996,2
CUST_00062,282,27.327375886524823,46.238297872340425,2
CUST_00063,276,27.940760869565217,47.30797101449275,2
CUST_00064,256,28.3084765625,47.71953125,2
CUST_00065,261,28.106551724137933,47.651340996168585,2
CUST_00066,246,27.935203252032522,47.16463414634146,2
CUST_00067,231,26.75251082251082,45.4025974025974,2
CUST_00068,271,27.841402214022143,47.26088560885609,2
CUST_00069,283,27.590212014134273,47.27985865724382,2
CUST_00070,268,28.2855223880597,47.44738805970149,2
CUST_00071,243,26.566255144032922,44.457613168724286,2
CUST_00072,275,28.32589090909091,48.02218181818182,2
CUST_00073,270,26.516074074074076,44.948888888888895,2
CUST_00074,258,27.717868217054264,46.99031007751938,2
CUST_00075,287,27.49439024390244,46.182578397212545,2
CUST_00076,262,27.342213740458014,47.023664122137404,2
CUST_00077,254,27.218700787401577,46.187401574803154,2
CUST_00078,268,27.73873134328358,46.647014925373135,2
CUST_00079,239,26.94510460251046,45.1857740585774,2
CUST_00080,257,28.653035019455253,48.34863813229572,2
CUST_00081,259,26.869652509652507,45.4,2
CUST_00082,250,27.1006,46.231199999999994,2
CUST_00083,233,28.356866952789698,48.29656652360515,2
CUST_00084,257,27.20136186770428,46.49610894941634,2
CUST_00085,251,27.496613545816732,46.83386454183267,2
CUST_00086,260,28.350653846153847,47.69730769230769,2
CUST_00087,234,28.037478632478635,46.63247863247863,2
CUST_00088,252,28.42515873015873,47.93650793650794,2
CUST_00089,264,27.63344696969697,46.425378787878785,2
CUST_00090,239,27.525564853556485,46.50543933054393,2
CUST_00091,270,27.73048148148148,46.73814814814815,2
CUST_00092,246,28.763699186991868,48.81991869918699,2
CUST_00093,293,27.757610921501705,46.83174061433447,2
CUST_00094,263,27.7006463878327,46.72471482889734,2
CUST_00095,264,26.994053030303032,45.411742424242426,2
CUST_00096,266,27.23488721804511,46.37406015037594,2
CUST_00097,251,27.23254980079681,46.072111553784865,2
CUST_00098,300,27.63896666666667,46.745333333333335,2
CUST_00099,226,28.911769911504425,48.71150442477876,2
CUST_00100,265,27.61788679245283,46.45849056603774,2
CUST_00101,264,27.430378787878787,46.08977272727273,2
CUST_00102,269,28.154349442379182,47.9185873605948,2
CUST_00103,266,28.04703007518797,46.821052631578944,2
CUST_00104,241,28.57323651452282,48.46763485477179,2
CUST_00105,273,29.200036630036628,48.602930402930404,2
CUST_00106,245,28.23657142857143,47.962448979591834,2
CUST_00107,277,27.161010830324912,45.92166064981949,2
CUST_00108,261,27.967547892720305,46.69272030651341,2
CUST_00109,226,28.027035398230087,47.493362831858406,2
CUST_00110,246,26.495325203252033,45.15650406504065,2
CUST_00111,280,28.556642857142855,47.07785714285714,2
CUST_00112,250,28.03084,47.4104,2
CUST_00113,263,27.90072243346008,47.188593155893535,2
CUST_00114,258,26.985193798449615,45.79767441860465,2
CUST_00115,256,28.43640625,48.502734375,2
CUST_00116,230,26.905521739130435,45.57217391304348,2
CUST_00117,259,28.05988416988417,47.79459459459459,2
CUST_00118,241,27.53286307053942,46.37883817427386,2
CUST_00119,280,27.294071428571428,46.85285714285714,2
CUST_00120,256,30.12765625,50.2984375,2
CUST_00121,223,27.133497757847532,45.75291479820628,2
CUST_00122,264,27.993446969696972,47.14848484848485,2
CUST_00123,265,28.456264150943397,48.414339622641506,2
CUST_00124,231,27.48796536796537,46.55108225108225,2
CUST_00125,242,28.14615702479339,46.9,2
CUST_00126,264,27.60969696969697,46.767803030303035,2
CUST_00127,271,28.50811808118081,48.08081180811808,2
CUST_00128,240,28.525291666666664,47.975,2
CUST_00129,242,27.184173553719006,45.731818181818184,2
CUST_00130,284,28.621514084507044,48.234507042253526,2
CUST_00131,262,28.28229007633588,47.33053435114504,2
CUST_00132,265,26.665018867924527,45.123773584905656,2
CUST_00133,271,26.674464944649447,44.89225092250922,2
CUST_00134,284,27.284401408450705,46.16302816901408,2
CUST_00135,286,28.650174825174826,48.36888111888112,2
CUST_00136,265,27.636490566037736,46.82150943396227,2
CUST_00137,254,28.284448818897637,47.60236220472441,2
CUST_00138,272,27.77816176470588,46.484926470588235,2
CUST_00139,244,28.789467213114754,48.557377049180324,2
CUST_00140,290,28.37555172413793,48.04862068965517,2
CUST_00141,274,28.45021897810219,48.364598540145984,2
CUST_00142,270,27.552444444444443,46.76592592592592,2
CUST_00143,276,29.14644927536232,49.19456521739131,2
CUST_00144,244,27.76372950819672,47.67131147540983,2
CUST_00145,252,27.62436507936508,46.52619047619048,2
CUST_00146,265,27.091811320754715,45.8233962264151,2
CUST_00147,273,27.922747252747254,46.835531135531134,2
CUST_00148,223,28.34708520179372,47.819282511210766,2
CUST_00149,227,26.484625550660795,44.57488986784141,2
CUST_00150,251,27.382629482071714,46.274103585657365,2
CUST_00151,286,28.56576923076923,47.80804195804196,2
CUST_00152,230,28.113347826086954,47.440000000000005,2
CUST_00153,257,28.130428015564203,48.11400778210116,2
CUST_00154,249,28.38180722891566,47.791164658634536,2
CUST_00155,252,27.011468253968257,45.1047619047619,2
CUST_00156,271,27.37391143911439,46.06826568265683,2
CUST_00157,260,28.740846153846153,49.15615384615385,2
CUST_00158,278,27.942338129496402,47.45719424460432,2
CUST_00159,229,27.764410480349344,46.90480349344978,2
CUST_00160,249,27.019558232931725,45.564658634538155,2
CUST_00161,254,27.694173228346454,46.63070866141732,2
CUST_00162,242,28.06673553719008,47.5202479338843,2
CUST_00163,259,27.69930501930502,46.591119691119694,2
CUST_00164,234,27.925940170940173,47.427350427350426,2
CUST_00165,254,26.933503937007874,45.05511811023622,2
CUST_00166,254,27.772913385826772,47.10944881889763,2
CUST_00167,265,27.068754716981132,46.32377358490566,2
CUST_00168,234,29.063076923076924,48.96153846153846,2
CUST_00169,281,27.844199288256227,47.447330960854096,2
CUST_00170,260,27.676038461538464,46.78846153846154,2
CUST_00171,262,28.463664122137402,47.96793893129771,2
CUST_00172,261,27.589693486590036,46.66781609195402,2
CUST_00173,261,27.162107279693487,45.90344827586207,2
CUST_00174,279,28.257598566308243,47.339068100358425,2
CUST_00175,266,28.908120300751882,49.07067669172932,2
CUST_00176,258,28.625232558139537,48.97325581395349,2
CUST_00177,239,26.789958158995816,45.53891213389121,2
CUST_00178,260,27.762153846153847,46.85961538461538,2
CUST_00179,261,28.264022988505747,47.65402298850575,2
CUST_00180,263,27.19593155893536,45.84524714828897,2
CUST_00181,257,28.49856031128405,48.20700389105059,2
CUST_00182,251,26.71414342629482,45.44661354581673,2
CUST_00183,240,28.200166666666668,47.858333333333334,2
CUST_00184,241,27.49854771784232,46.637344398340254,2
CUST_00185,244,27.76782786885246,46.99672131147541,2
CUST_00186,250,27.52916,46.628,2
CUST_00187,219,27.913196347031963,47.22465753424658,2
CUST_00188,267,27.880936329588014,46.792509363295885,2
CUST_00189,283,28.402932862190813,47.59293286219081,2
CUST_00190,290,27.330206896551726,46.12965517241379,2
CUST_00191,251,27.22390438247012,46.235856573705185,2
CUST_00192,254,27.757204724409448,46.601181102362204,2
CUST_00193,266,26.451954887218047,44.89473684210526,2
CUST_00194,268,27.18167910447761,45.583955223880594,2
CUST_00195,252,27.52,46.281349206349205,2
CUST_00196,243,27.264074074074074,45.96954732510288,2
CUST_00197,266,27.315676691729323,46.295112781954884,2
CUST_00198,263,28.830342205323195,48.46311787072243,2
CUST_00199,248,29.375362903225806,49.38991935483871,2
CUST_00200,262,28.429312977099237,47.699999999999996,2
CUST_00201,261,29.67030651340996,49.88850574712644,2
CUST_00202,227,27.706431718061673,47.277092511013215,2
CUST_00203,261,28.087777777777777,46.8272030651341,2
CUST_00204,257,26.98400778210117,45.893774319066154,2
CUST_00205,264,28.80575757575758,48.29128787878788,2
CUST_00206,258,28.31906976744186,47.308914728682176,2
CUST_00207,239,26.824937238493725,45.44979079497908,2
CUST_00208,270,28.619555555555554,48.355555555555554,2
CUST_00209,275,28.122327272727272,47.852363636363634,2
CUST_00210,270,27.275074074074073,45.87851851851852,2
CUST_00211,264,27.75215909090909,46.6530303030303,2
CUST_00212,257,27.792451361867705,46.382879377431905,2
CUST_00213,237,27.215822784810126,45.99746835443038,2
CUST_00214,239,27.37205020920502,46.7439330543933,2
CUST_00215,293,28.032457337883958,47.491467576791806,2
CUST_00216,249,27.557751004016065,46.450602409638556,2
CUST_00217,267,28.20067415730337,47.75355805243446,2
CUST_00218,273,27.623333333333335,46.55347985347986,2
CUST_00219,244,27.386926229508195,46.040983606557376,2
CUST_00220,284,29.66214788732394,49.30915492957746,2
CUST_00221,251,27.123346613545817,46.14581673306773,2
CUST_00222,246,27.857682926829266,46.65162601626016,2
CUST_00223,265,26.81667924528302,45.5188679245283,2
CUST_00224,269,27.82483271375465,46.834944237918215,2
CUST_00225,270,27.76074074074074,47.095555555555556,2
CUST_00226,251,28.240597609561753,47.48565737051793,2
CUST_00227,249,27.50827309236948,47.04738955823293,2
CUST_00228,249,26.5885140562249,45.08232931726908,2
CUST_00229,261,28.80965517241379,48.75134099616859,2
CUST_00230,266,26.45315789473684,45.03007518796993,2
CUST_00231,253,28.03300395256917,47.36284584980237,2
CUST_00232,260,27.43723076923077,46.443461538461534,2
CUST_00233,255,29.113999999999997,49.590196078431376,2
CUST_00234,263,28.781939163498098,48.33954372623574,2
CUST_00235,258,26.976356589147287,45.77906976744186,2
CUST_00236,282,27.84258865248227,46.617375886524826,2
CUST_00237,261,26.615057471264368,45.638697318007665,2
CUST_00238,254,27.83011811023622,46.98464566929134,2
CUST_00239,243,27.786090534979426,47.260905349794236,2
CUST_00240,231,28.06744588744589,47.09004329004329,2
CUST_00241,242,28.38301652892562,47.570661157024794,2
CUST_00242,236,26.325254237288135,45.082203389830504,2
CUST_00243,256,28.0497265625,47.186328125,2
CUST_00244,239,26.956150627615063,45.331799163179916,2
CUST_00245,275,28.384109090909092,48.02290909090909,2
CUST_00246,241,27.112365145228214,46.19128630705394,2
CUST_00247,252,28.21690476190476,47.63690476190476,2
CUST_00248,272,27.98466911764706,47.31985294117647,2
CUST_00249,265,27.89456603773585,47.04415094339623,2
CUST_00250,257,27.911984435797667,47.87470817120622,2
CUST_00251,248,28.036290322580644,47.458064516129035,2
CUST_00252,252,27.494801587301584,46.641269841269846,2
CUST_00253,241,27.954771784232367,47.368464730290455,2
CUST_00254,261,28.248773946360153,47.80153256704981,2
CUST_00255,249,26.935461847389558,45.564658634538155,2
CUST_00256,257,28.515525291828794,48.528404669260695,2
CUST_00257,247,27.389757085020246,46.08218623481781,2
CUST_00258,262,27.796297709923664,47.5,2
CUST_00259,244,27.42233606557377,46.506967213114756,2
CUST_00260,247,27.73392712550607,47.107287449392715,2
CUST_00261,258,28.109186046511628,47.60581395348837,2
CUST_00262,248,28.923709677419353,48.791532258064514,2
CUST_00263,244,28.568811475409834,48.286475409836065,2
CUST_00264,266,27.401015037593986,46.523308270676694,2
CUST_00265,250,28.305400000000002,47.2752,2
CUST_00266,251,28.15195219123506,46.91195219123506,2
CUST_00267,261,28.25793103448276,47.52183908045977,2
CUST_00268,264,26.86867424242424,45.87045454545454,2
CUST_00269,252,28.315,47.574999999999996,2
CUST_00270,257,28.518249027237353,48.28287937743191,2
CUST_00271,272,27.36702205882353,46.10294117647059,2
CUST_00272,233,28.439527896995706,48.17639484978541,2
CUST_00273,226,26.64800884955752,44.78362831858407,2
CUST_00274,261,28.041455938697318,47.55747126436781,2
CUST_00275,245,27.24118367346939,46.18326530612245,2
CUST_00276,256,28.4480859375,48.1421875,2
CUST_00277,264,27.217159090909092,46.09318181818182,2
CUST_00278,237,27.730759493670885,47.26033755274262,2
CUST_00279,258,27.07391472868217,45.81899224806201,2
CUST_00280,247,27.404008097165992,46.1506072874494,2
CUST_00281,245,27.90473469387755,46.968163265306124,2
CUST_00282,269,27.52382899628253,46.837546468401484,2
CUST_00283,275,26.9972,45.750181818181815,2
CUST_00284,242,29.271487603305783,50.06157024793388,2
CUST_00285,273,28.395421245421243,47.8996336996337,2
CUST_00286,292,27.27027397260274,45.96506849315068,2
CUST_00287,253,28.3797628458498,48.630434782608695,2
CUST_00288,300,28.197633333333336,47.86033333333334,2
CUST_00289,262,28.053740458015266,47.4175572519084,2
CUST_00290,267,28.016591760299626,47.22696629213483,2
CUST_00291,248,27.429556451612903,46.34596774193548,2
CUST_00292,256,27.4538671875,46.693359375,2
CUST_00293,266,27.226015037593985,45.92744360902256,2
CUST_00294,270,29.055074074074074,48.92962962962963,2
CUST_00295,269,27.737620817843865,47.10223048327138,2
CUST_00296,244,27.705040983606555,46.74590163934426,2
CUST_00297,234,27.378589743589743,46.28333333333333,2
CUST_00298,241,28.433900414937757,47.7402489626556,2
CUST_00299,249,26.179116465863455,44.63734939759036,2
CUST_00300,237,26.958565400843884,45.140928270042195,2
CUST_00301,259,27.204324324324325,46.27104247104247,2
CUST_00302,249,28.383253012048193,48.15863453815261,2
CUST_00303,267,28.5063670411985,47.76966292134831,2
CUST_00304,243,27.263333333333332,45.778189300411526,2
CUST_00305,289,28.025986159169552,47.55051903114187,2
CUST_00306,250,27.797279999999997,46.860800000000005,2
CUST_00307,278,27.128597122302157,46.47697841726619,2
CUST_00308,238,28.926386554621846,48.95924369747899,2
CUST_00309,258,27.87251937984496,46.96627906976744,2
CUST_00310,302,27.710728476821192,47.11556291390728,2
CUST_00311,260,27.714653846153848,46.60346153846154,2
CUST_00312,265,28.116830188679245,47.21622641509434,2
CUST_00313,262,27.466374045801526,46.58625954198473,2
CUST_00314,258,27.96019379844961,46.580232558139535,2
CUST_00315,249,29.308755020080323,49.63694779116466,2
CUST_00316,258,26.668333333333333,45.52829457364341,2
CUST_00317,245,28.676408163265307,47.916326530612245,2
CUST_00318,246,26.27056910569106,44.5280487804878,2
CUST_00319,243,28.542469135802467,48.53703703703704,2
CUST_00320,254,28.136062992125986,47.138188976377954,2
CUST_00321,280,27.74707142857143,47.24142857142857,2
CUST_00322,254,26.983267716535433,46.45314960629921,2
CUST_00323,285,27.396315789473682,45.796140350877195,2
CUST_00324,238,27.612226890756304,47.04495798319328,2
CUST_00325,265,27.165584905660378,46.87207547169812,2
CUST_00326,264,27.8332196969697,47.33371212121212,2
CUST_00327,268,28.585932835820895,47.73544776119403,2
CUST_00328,268,27.31507462686567,46.27798507462686,2
CUST_00329,256,28.1308203125,47.616796875,2
CUST_00330,253,27.359723320158103,46.088537549407114,2
CUST_00331,288,29.078680555555554,49.197916666666664,2
CUST_00332,273,27.177069597069597,46.28278388278389,2
CUST_00333,250,28.2892,47.506800000000005,2
CUST_00334,230,26.93226086956522,45.9,2
CUST_00335,238,28.095252100840337,47.36890756302521,2
CUST_00336,272,27.45863970588235,46.658088235294116,2
CUST_00337,253,27.096640316205534,45.761264822134386,2
CUST_00338,269,26.835241635687733,45.253531598513014,2
CUST_00339,252,28.457738095238096,47.695634920634916,2
CUST_00340,262,28.994274809160306,48.67404580152672,2
CUST_00341,245,27.572979591836734,46.98816326530613,2
CUST_00342,274,27.202700729927006,46.08905109489051,2
CUST_00343,282,28.13336879432624,46.85,2
CUST_00344,245,28.476408163265308,47.44734693877551,2
CUST_00345,272,26.573125,45.25625,2
CUST_00346,246,28.296951219512195,47.28170731707317,2
CUST_00347,274,28.12116788321168,47.59014598540146,2
CUST_00348,246,28.28646341463415,48.074390243902435,2
CUST_00349,251,26.94083665338645,45.45776892430279,2
CUST_00350,244,26.8069262295082,45.65901639344262,2
CUST_00351,265,28.442150943396225,47.858867924528305,2
CUST_00352,243,28.535802469135803,48.7843621399177,2
CUST_00353,232,28.51909482758621,48.22284482758621,2
CUST_00354,269,27.723122676579926,46.92602230483271,2
CUST_00355,265,27.231320754716982,46.355094339622646,2
CUST_00356,270,28.667185185185186,47.97925925925926,2
CUST_00357,274,27.50700729927007,46.56897810218978,2
CUST_00358,239,27.230167364016737,46.107531380753144,2
CUST_00359,246,28.430365853658536,47.90040650406504,2
CUST_00360,263,27.61384030418251,46.52471482889734,2
CUST_00361,270,27.20777777777778,46.099629629629625,2
CUST_00362,250,27.68676,46.61,2
CUST_00363,266,28.245413533834586,47.96691729323309,2
CUST_00364,285,26.776456140350877,45.38982456140351,2
CUST_00365,280,27.149214285714283,45.824642857142855,2
CUST_00366,260,27.784615384615385,47.50730769230769,2
CUST_00367,276,28.20894927536232,47.774275362318846,2
CUST_00368,247,28.262348178137653,47.819433198380565,2
CUST_00369,269,26.92814126394052,45.78661710037175,2
CUST_00370,274,28.29259124087591,47.6,2
CUST_00371,298,27.861912751677853,46.98959731543624,2
CUST_00372,244,27.628852459016393,46.912295081967216,2
CUST_00373,260,28.39969230769231,47.456923076923076,2
CUST_00374,278,27.035791366906473,46.07661870503597,2
CUST_00375,248,28.647862903225807,47.9241935483871,2
CUST_00376,247,27.173238866396762,45.697570850202425,2
CUST_00377,231,28.15809523809524,47.25281385281385,2
CUST_00378,238,28.305336134453782,47.93403361344537,2
CUST_00379,262,27.555839694656488,46.00916030534351,2
CUST_00380,255,27.593764705882354,46.30980392156863,2
CUST_00381,272,28.139338235294115,47.30992647058823,2
CUST_00382,264,27.565227272727274,46.38636363636363,2
CUST_00383,254,27.123858267716535,46.05905511811024,2
CUST_00384,242,28.663801652892563,48.09090909090909,2
CUST_00385,254,27.49956692913386,46.322047244094485,2
CUST_00386,235,28.02514893617021,46.93574468085106,2
CUST_00387,260,29.367846153846155,48.97807692307692,2
CUST_00388,245,27.366285714285713,46.251020408163264,2
CUST_00389,263,28.20657794676806,47.05171102661597,2
CUST_00390,244,28.53733606557377,47.63770491803279,2
CUST_00391,226,26.733938053097344,45.1362831858407,2
CUST_00392,252,26.681984126984126,44.47380952380952,2
CUST_00393,245,27.050204081632653,46.00775510204082,2
CUST_00394,237,26.98970464135021,45.84177215189873,2
CUST_00395,266,28.72533834586466,48.62518796992481,2
CUST_00396,266,27.292406015037592,45.918796992481205,2
CUST_00397,274,28.886532846715326,49.043065693430655,2
CUST_00398,237,28.460042194092825,48.05443037974683,2
CUST_00399,253,27.640592885375494,46.82727272727272,2
CUST_00400,254,27.26031496062992,46.346456692913385,2
CUST_00401,73,27.962876712328768,46.9986301369863,0
CUST_00402,82,27.189999999999998,45.136585365853655,0
CUST_00403,78,28.416794871794874,48.23717948717949,0
CUST_00404,73,28.107123287671236,48.12876712328767,0
CUST_00405,66,27.82212121212121,47.73939393939394,0
CUST_00406,76,27.36973684210526,46.40394736842105,0
CUST_00407,69,25.93463768115942,44.94927536231884,0
CUST_00408,73,28.704520547945204,46.76712328767123,0
CUST_00409,76,26.99,46.113157894736844,0
CUST_00410,71,26.266197183098594,45.777464788732395,0
CUST_00411,73,27.715616438356165,45.894520547945206,0
CUST_00412,71,27.028591549295776,45.936619718309856,0
CUST_00413,81,29.130246913580248,48.19506172839506,0
CUST_00414,72,28.50944444444444,48.32083333333333,0
CUST_00415,74,26.619054054054054,45.23108108108108,0
CUST_00416,74,27.83297297297297,46.24864864864865,0
CUST_00417,74,26.531756756756756,44.48783783783784,0
CUST_00418,57,26.769649122807017,45.078947368421055,0
CUST_00419,82,30.15719512195122,51.099999999999994,0
CUST_00420,75,26.25453333333333,45.41066666666667,0
CUST_00421,69,28.004202898550723,47.620289855072464,0
CUST_00422,76,29.708552631578947,50.03026315789474,0
CUST_00423,81,31.16395061728395,52.45802469135803,0
CUST_00424,87,29.830919540229885,50.339080459770116,0
CUST_00425,88,26.407840909090908,44.93068181818182,0
CUST_00426,90,25.642999999999997,44.01222222222222,0
CUST_00427,83,28.789156626506024,48.64337349397591,0
CUST_00428,81,28.901604938271607,48.07777777777778,0
CUST_00429,74,29.172837837837836,49.48918918918919,0
CUST_00430,65,28.569076923076924,49.01846153846154,0
CUST_00431,74,29.689999999999998,48.6472972972973,0
CUST_00432,62,27.17016129032258,46.37096774193548,0
CUST_00433,75,28.132266666666666,47.13733333333334,0
CUST_00434,73,27.59178082191781,46.02328767123287,0
CUST_00435,74,28.70972972972973,47.59594594594594,0
CUST_00436,75,28.582,48.114666666666665,0
CUST_00437,64,27.9634375,49.0515625,0
CUST_00438,76,28.860394736842103,47.48157894736842,0
CUST_00439,64,26.88609375,45.5578125,0
CUST_00440,79,28.67721518987342,48.2873417721519,0
CUST_00441,66,26.229848484848485,43.81060606060606,0
CUST_00442,68,26.581470588235295,44.78235294117647,0
CUST_00443,67,25.94268656716418,44.649253731343286,0
CUST_00444,76,28.35657894736842,47.33421052631579,0
CUST_00445,64,28.32421875,48.2859375,0
CUST_00446,73,27.53808219178082,45.657534246575345,0
CUST_00447,74,29.030135135135136,48.57432432432432,0
CUST_00448,74,29.528513513513516,49.49594594594594,0
CUST_00449,70,28.215999999999998,47.97,0
CUST_00450,81,27.469135802469136,46.48271604938272,0
CUST_00451,65,28.492923076923077,47.67076923076923,0
CUST_00452,71,27.17014084507042,45.67887323943662,0
CUST_00453,73,26.907808219178083,45.701369863013696,0
CUST_00454,84,27.82333333333333,47.760714285714286,0
CUST_00455,61,25.697540983606558,44.15245901639344,0
CUST_00456,72,28.152083333333334,47.37638888888889,0
CUST_00457,64,27.5396875,46.4421875,0
CUST_00458,57,31.19543859649123,51.62456140350877,0
CUST_00459,74,26.403108108108107,43.5527027027027,0
CUST_00460,71,27.64985915492958,47.81267605633803,0
CUST_00461,77,28.262727272727272,47.16233766233766,0
CUST_00462,83,27.57746987951807,45.875903614457826,0
CUST_00463,81,26.8079012345679,45.160493827160494,0
CUST_00464,76,27.345,45.517105263157895,0
CUST_00465,70,28.977285714285717,48.49857142857143,0
CUST_00466,74,25.747432432432433,43.862162162162164,0
CUST_00467,76,27.81855263157895,47.33947368421053,0
CUST_00468,81,29.27395061728395,48.498765432098764,0
CUST_00469,67,24.912835820895523,43.4223880597015,0
CUST_00470,74,27.921351351351348,47.65945945945946,0
CUST_00471,57,27.048947368421054,44.91929824561404,0
CUST_00472,72,26.98375,45.86944444444444,0
CUST_00473,63,27.662539682539684,48.16031746031746,0
CUST_00474,69,26.407826086956522,45.36086956521739,0
CUST_00475,87,27.169310344827586,45.0367816091954,0
CUST_00476,67,30.77328358208955,51.06567164179105,0
CUST_00477,74,27.903648648648648,47.84054054054054,0
CUST_00478,70,28.391571428571428,46.815714285714286,0
CUST_00479,80,25.974874999999997,44.50875,0
CUST_00480,79,29.421898734177216,48.721518987341774,0
CUST_00481,54,27.980555555555558,47.63148148148148,0
CUST_00482,74,27.99986486486486,46.56351351351351,0
CUST_00483,69,26.64144927536232,46.172463768115946,0
CUST_00484,69,27.18,45.65072463768116,0
CUST_00485,80,25.422,43.316250000000004,0
CUST_00486,72,29.29625,49.59583333333333,0
CUST_00487,64,29.045,48.9515625,0
CUST_00488,71,27.571408450704226,47.13380281690141,0
CUST_00489,76,27.29815789473684,45.18421052631579,0
CUST_00490,69,30.08072463768116,50.41014492753623,0
CUST_00491,87,28.065287356321836,47.6551724137931,0
CUST_00492,77,26.709220779220782,44.900000000000006,0
CUST_00493,74,28.35608108108108,47.722972972972975,0
CUST_00494,66,29.33090909090909,49.630303030303025,0
CUST_00495,59,25.51016949152542,43.286440677966105,0
CUST_00496,65,27.17923076923077,45.8,0
CUST_00497,68,26.670735294117645,45.116176470588236,0
CUST_00498,79,30.91632911392405,50.95569620253165,0
CUST_00499,71,27.213098591549297,45.85352112676056,0
CUST_00500,76,25.86342105263158,43.96447368421053,0
CUST_00501,79,25.25240506329114,43.05949367088608,0
CUST_00502,93,26.893978494623653,46.18279569892473,0
CUST_00503,71,28.852676056338026,47.56619718309859,0
CUST_00504,55,25.81981818181818,44.263636363636365,0
CUST_00505,71,28.07380281690141,48.001408450704226,0
CUST_00506,58,31.192068965517244,51.470689655172414,0
CUST_00507,82,28.735243902439024,48.674390243902444,0
CUST_00508,65,27.779846153846155,47.50615384615385,0
CUST_00509,67,27.204328358208954,44.758208955223886,0
CUST_00510,83,27.97397590361446,46.56265060240963,0
CUST_00511,75,28.1636,46.68933333333333,0
CUST_00512,58,25.08706896551724,43.57586206896552,0
CUST_00513,57,29.302982456140352,48.6859649122807,0
CUST_00514,70,26.575,44.755714285714284,0
CUST_00515,67,25.611940298507463,43.56268656716418,0
CUST_00516,68,26.873382352941178,46.10441176470588,0
CUST_00517,70,26.24514285714286,44.231428571428566,0
CUST_00518,71,30.07760563380282,50.64366197183098,0
CUST_00519,76,26.127368421052633,44.511842105263156,0
CUST_00520,83,26.889277108433735,45.651807228915665,0
CUST_00521,72,28.731250000000003,49.12222222222223,0
CUST_00522,83,28.483855421686744,48.36506024096386,0
CUST_00523,71,27.94549295774648,46.30281690140845,0
CUST_00524,69,28.141304347826086,47.1463768115942,0
CUST_00525,68,26.601911764705882,45.16764705882353,0
CUST_00526,81,27.651358024691355,47.11975308641975,0
CUST_00527,71,29.317887323943665,50.011267605633805,0
CUST_00528,64,30.67328125,51.096875,0
CUST_00529,78,28.020384615384618,47.601282051282055,0
CUST_00530,76,28.216052631578947,47.080263157894734,0
CUST_00531,77,27.52688311688312,46.62207792207792,0
CUST_00532,71,29.679859154929577,48.55070422535211,0
CUST_00533,70,28.78214285714286,48.964285714285715,0
CUST_00534,67,27.010149253731345,44.67313432835821,0
CUST_00535,59,27.87932203389831,46.40338983050848,0
CUST_00536,80,27.920375,47.166250000000005,0
CUST_00537,86,25.872906976744186,43.50232558139535,0
CUST_00538,63,28.24809523809524,47.86507936507937,0
CUST_00539,75,26.618,45.908,0
CUST_00540,80,28.537875000000003,47.3475,0
CUST_00541,85,27.95352941176471,47.31529411764706,0
CUST_00542,84,29.149047619047618,48.08452380952381,0
CUST_00543,71,25.652957746478872,43.73661971830986,0
CUST_00544,66,28.339242424242425,47.15909090909091,0
CUST_00545,67,28.253731343283583,47.798507462686565,0
CUST_00546,76,27.953289473684208,46.580263157894734,0
CUST_00547,81,26.48432098765432,45.80246913580247,0
CUST_00548,53,26.750566037735847,45.91509433962264,0
CUST_00549,58,27.361034482758622,46.67758620689656,0
CUST_00550,78,27.798974358974363,46.30641025641026,0
CUST_00551,65,29.773384615384614,50.00153846153846,0
CUST_00552,51,29.878627450980392,50.076470588235296,0
CUST_00553,71,28.65323943661972,49.316901408450704,0
CUST_00554,71,26.964084507042255,45.459154929577466,0
CUST_00555,85,28.44423529411765,47.95529411764706,0
CUST_00556,54,26.575185185185184,44.72777777777778,0
CUST_00557,58,28.48862068965517,47.591379310344834,0
CUST_00558,77,29.339740259740257,50.61298701298701,0
CUST_00559,71,26.089295774647887,44.75352112676056,0
CUST_00560,82,29.10268292682927,48.59512195121951,0
CUST_00561,75,26.956,45.568,0
CUST_00562,69,26.067971014492755,43.8768115942029,0
CUST_00563,71,28.35154929577465,47.745070422535214,0
CUST_00564,75,27.07493333333333,45.861333333333334,0
CUST_00565,62,27.04258064516129,44.6983870967742,0
CUST_00566,55,28.319999999999997,47.81818181818182,0
CUST_00567,59,26.609491525423728,46.19661016949152,0
CUST_00568,63,28.566984126984128,48.093650793650795,0
CUST_00569,70,27.281000000000002,45.6,0
CUST_00570,74,27.113108108108108,45.872972972972974,0
CUST_00571,66,27.192272727272726,45.737878787878785,0
CUST_00572,75,27.589866666666662,46.035999999999994,0
CUST_00573,74,28.050945945945944,46.20945945945946,0
CUST_00574,69,28.118840579710145,47.91014492753624,0
CUST_00575,72,27.220555555555556,45.849999999999994,0
CUST_00576,60,25.91433333333333,44.10166666666667,0
CUST_00577,78,29.7525641025641,50.534615384615385,0
CUST_00578,77,27.5012987012987,46.45454545454545,0
CUST_00579,84,29.33857142857143,49.1702380952381,0
CUST_00580,87,29.64137931034483,49.6183908045977,0
CUST_00581,90,28.419888888888888,48.00555555555555,0
CUST_00582,67,27.712985074626864,47.528358208955225,0
CUST_00583,69,26.14246376811594,45.04057971014493,0
CUST_00584,82,28.892195121951218,49.05609756097561,0
CUST_00585,70,25.76942857142857,42.824285714285715,0
CUST_00586,79,28.531898734177215,46.84050632911393,0
CUST_00587,69,28.889565217391304,48.82173913043478,0
CUST_00588,73,26.10890410958904,44.0958904109589,0
CUST_00589,81,27.723333333333336,45.858024691358025,0
CUST_00590,77,28.111038961038965,48.14545454545454,0
CUST_00591,63,28.45873015873016,47.73968253968254,0
CUST_00592,63,28.697777777777777,48.44285714285714,0
CUST_00593,69,27.861159420289855,47.336231884057966,0
CUST_00594,91,25.486043956043957,43.321978021978026,0
CUST_00595,78,28.94717948717949,48.565384615384616,0
CUST_00596,68,27.24411764705882,45.66470588235294,0
CUST_00597,60,27.924333333333333,48.111666666666665,0
CUST_00598,61,28.462131147540983,48.118032786885244,0
CUST_00599,76,28.46986842105263,48.36842105263158,0
CUST_00600,95,27.59136842105263,46.90842105263158,0
CUST_00601,79,27.105063291139242,46.37341772151899,0
CUST_00602,68,27.379117647058823,46.48235294117647,0
CUST_00603,72,24.620416666666667,42.702777777777776,0
CUST_00604,69,28.45101449275362,48.34057971014493,0
CUST_00605,85,27.11458823529412,46.18588235294118,0
CUST_00606,68,26.650000000000002,44.752941176470586,0
CUST_00607,74,28.284459459459462,48.682432432432435,0
CUST_00608,53,29.517169811320755,49.216981132075475,0
CUST_00609,82,28.026097560975607,48.01219512195122,0
CUST_00610,75,27.122933333333332,46.669333333333334,0
CUST_00611,68,29.435882352941178,48.71029411764706,0
CUST_00612,81,27.433827160493827,45.59135802469136,0
CUST_00613,86,29.621627906976745,49.52906976744186,0
CUST_00614,73,29.380821917808223,48.865753424657534,0
CUST_00615,67,27.696119402985076,46.08507462686567,0
CUST_00616,83,25.80614457831325,44.40722891566265,0
CUST_00617,73,28.047808219178084,47.6,0
CUST_00618,71,25.835352112676055,43.80845070422535,0
CUST_00619,64,26.6359375,44.084375,0
CUST_00620,78,26.968333333333337,45.78974358974359,0
CUST_00621,87,27.8083908045977,47.311494252873565,0
CUST_00622,70,24.849285714285713,41.317142857142855,0
CUST_00623,66,26.893939393939394,45.981818181818184,0
CUST_00624,75,28.825333333333333,47.654666666666664,0
CUST_00625,60,28.238,45.736666666666665,0
CUST_00626,73,26.93890410958904,46.443835616438356,0
CUST_00627,68,26.47279411764706,45.66764705882353,0
CUST_00628,73,27.82904109589041,46.772602739726025,0
CUST_00629,68,26.31985294117647,44.497058823529414,0
CUST_00630,89,27.045730337078652,46.00561797752809,0
CUST_00631,73,28.58753424657534,48.156164383561645,0
CUST_00632,64,27.94828125,47.075,0
CUST_00633,82,28.160121951219512,47.324390243902435,0
CUST_00634,71,26.756197183098593,44.615492957746476,0
CUST_00635,76,27.167631578947372,46.47894736842105,0
CUST_00636,91,28.90692307692308,47.88021978021978,0
CUST_00637,83,28.686626506024094,47.575903614457836,0
CUST_00638,78,26.665128205128205,45.080769230769235,0
CUST_00639,69,27.402608695652173,46.41884057971015,0
CUST_00640,70,28.735714285714284,48.07857142857143,0
CUST_00641,67,26.915671641791043,45.234328358208955,0
CUST_00642,72,27.16861111111111,45.025000000000006,0
CUST_00643,63,27.002222222222223,45.01428571428571,0
CUST_00644,68,27.643970588235295,46.94117647058823,0
CUST_00645,75,25.5628,43.026666666666664,0
CUST_00646,68,26.146911764705884,44.13676470588236,0
CUST_00647,89,27.43359550561798,46.396629213483145,0
CUST_00648,57,27.582105263157896,46.68771929824561,0
CUST_00649,82,27.833902439024392,48.12926829268292,0
CUST_00650,73,28.986027397260273,49.35342465753425,0
CUST_00651,62,25.546935483870968,44.31290322580645,0
CUST_00652,79,28.829113924050635,48.54303797468354,0
CUST_00653,83,27.002289156626507,45.96987951807229,0
CUST_00654,67,28.265671641791045,46.87761194029851,0
CUST_00655,81,28.40086419753086,47.19876543209877,0
CUST_00656,70,28.130285714285716,46.74,0
CUST_00657,68,26.914411764705882,44.92941176470588,0
CUST_00658,65,27.736769230769234,47.6,0
CUST_00659,79,26.56253164556962,45.1,0
CUST_00660,80,27.561874999999997,46.455,0
CUST_00661,56,27.804285714285715,47.05357142857143,0
CUST_00662,69,26.58521739130435,45.21159420289855,0
CUST_00663,64,25.88890625,43.3671875,0
CUST_00664,68,27.903970588235296,47.80588235294118,0
CUST_00665,72,27.12027777777778,45.141666666666666,0
CUST_00666,90,27.868333333333336,46.474444444444444,0
CUST_00667,51,28.997254901960787,48.127450980392155,0
CUST_00668,71,28.22112676056338,47.89295774647888,0
CUST_00669,73,29.215890410958906,48.42328767123288,0
CUST_00670,73,27.64,46.99178082191781,0
CUST_00671,73,28.855205479452053,48.323287671232876,0
CUST_00672,77,26.874285714285715,44.72077922077922,0
CUST_00673,61,30.973114754098358,51.02459016393443,0
CUST_00674,69,29.187101449275364,48.00289855072464,0
CUST_00675,65,26.798461538461538,45.43692307692308,0
CUST_00676,88,26.83568181818182,44.955681818181816,0
CUST_00677,69,26.957101449275363,45.53913043478261,0
CUST_00678,79,28.670886075949365,48.18481012658228,0
CUST_00679,67,27.350298507462686,46.014925373134325,0
CUST_00680,62,27.188870967741938,46.74516129032258,0
CUST_00681,81,28.575555555555553,47.89506172839506,0
CUST_00682,70,27.86042857142857,46.20142857142857,0
CUST_00683,77,27.611558441558444,45.44025974025974,0
CUST_00684,65,27.838615384615384,46.16615384615385,0
CUST_00685,72,30.462222222222223,49.77777777777778,0
CUST_00686,83,26.933012048192772,45.725301204819274,0
CUST_00687,75,29.3024,49.56,0
CUST_00688,78,28.473846153846154,47.13461538461539,0
CUST_00689,91,27.643076923076922,45.67472527472527,0
CUST_00690,91,26.072747252747252,44.10219780219781,0
CUST_00691,80,26.62575,44.98375,0
CUST_00692,69,28.47449275362319,48.9536231884058,0
CUST_00693,56,26.113214285714285,43.73571428571428,0
CUST_00694,73,26.06972602739726,44.0041095890411,0
CUST_00695,72,28.437083333333334,47.77638888888889,0
CUST_00696,63,28.543809523809525,47.69206349206349,0
CUST_00697,75,27.476666666666667,46.372,0
CUST_00698,74,30.54756756756757,50.67972972972973,0
CUST_00699,83,27.973614457831324,47.00481927710843,0
CUST_00700,73,28.19191780821918,47.75205479452055,0
CUST_00701,70,28.049857142857142,47.712857142857146,0
CUST_00702,67,27.191492537313433,45.58358208955224,0
CUST_00703,66,26.52378787878788,45.02878787878788,0
CUST_00704,94,27.69244680851064,48.236170212765956,0
CUST_00705,75,27.9856,46.62933333333333,0
CUST_00706,85,29.930235294117647,51.239999999999995,0
CUST_00707,67,26.88671641791045,45.75373134328358,0
CUST_00708,60,27.84766666666667,46.52166666666667,0
CUST_00709,64,28.47875,47.86875,0
CUST_00710,82,28.12378048780488,47.37560975609756,0
CUST_00711,71,26.661408450704226,44.72112676056338,0
CUST_00712,78,26.515641025641024,45.09102564102564,0
CUST_00713,69,25.662608695652175,42.88985507246377,0
CUST_00714,82,27.62219512195122,47.25853658536585,0
CUST_00715,70,27.959142857142858,46.614285714285714,0
CUST_00716,79,28.045443037974685,46.75189873417722,0
CUST_00717,75,27.635199999999998,47.116,0
CUST_00718,74,27.951486486486484,47.4054054054054,0
CUST_00719,73,30.938219178082196,52.66575342465753,0
CUST_00720,80,29.191875,49.33875,0
CUST_00721,59,28.401525423728813,47.48474576271186,0
CUST_00722,81,28.434074074074072,47.06419753086419,0
CUST_00723,72,27.709999999999997,46.22222222222222,0
CUST_00724,65,27.656615384615385,46.783076923076926,0
CUST_00725,80,27.94275,46.4,0
CUST_00726,82,29.463658536585367,48.71341463414634,0
CUST_00727,59,25.75864406779661,44.42203389830509,0
CUST_00728,84,28.487380952380953,48.50833333333333,0
CUST_00729,83,28.724698795180725,48.83253012048193,0
CUST_00730,71,27.1887323943662,46.10845070422535,0
CUST_00731,76,27.85618421052632,47.10394736842105,0
CUST_00732,78,30.359102564102567,50.37564102564103,0
CUST_00733,70,27.74457142857143,46.97857142857143,0
CUST_00734,66,28.972878787878788,49.169696969696965,0
CUST_00735,82,27.769268292682927,46.68170731707317,0
CUST_00736,80,28.804250000000003,49.95625,0
CUST_00737,66,28.153939393939396,47.698484848484846,0
CUST_00738,57,27.26719298245614,46.0719298245614,0
CUST_00739,66,27.68318181818182,47.59545454545455,0
CUST_00740,65,28.046307692307693,47.97230769230769,0
CUST_00741,79,27.515316455696205,45.87721518987342,0
CUST_00742,69,27.99608695652174,46.952173913043474,0
CUST_00743,71,25.937605633802814,43.74366197183099,0
CUST_00744,66,27.939242424242423,47.413636363636364,0
CUST_00745,70,28.764285714285716,47.33,0
CUST_00746,81,27.512716049382714,45.901234567901234,0
CUST_00747,67,27.938955223880598,47.82835820895522,0
CUST_00748,80,27.086750000000002,44.94375,0
CUST_00749,71,27.3843661971831,47.13380281690141,0
CUST_00750,78,27.871025641025643,46.62435897435897,0
CUST_00751,67,28.817014925373133,47.39850746268657,0
CUST_00752,51,28.091176470588238,46.858823529411765,0
CUST_00753,80,26.669,45.55375,0
CUST_00754,67,30.176119402985073,50.97761194029851,0
CUST_00755,82,26.846463414634144,45.82073170731707,0
CUST_00756,75,28.1224,46.87466666666666,0
CUST_00757,88,29.49409090909091,49.559090909090905,0
CUST_00758,83,27.710361445783132,46.72650602409639,0
CUST_00759,79,28.564050632911393,47.92151898734178,0
CUST_00760,77,27.146363636363635,46.541558441558436,0
CUST_00761,80,25.602125,42.735,0
CUST_00762,68,25.937941176470588,43.919117647058826,0
CUST_00763,87,28.843103448275862,48.40114942528735,0
CUST_00764,78,26.454615384615384,44.6025641025641,0
CUST_00765,77,28.915844155844155,48.71168831168831,0
CUST_00766,90,28.053,47.26111111111111,0
CUST_00767,79,26.956582278481015,45.50759493670886,0
CUST_00768,76,27.621184210526316,45.95789473684211,0
CUST_00769,73,28.86164383561644,48.14794520547945,0
CUST_00770,57,26.979473684210525,45.69122807017544,0
CUST_00771,61,27.121639344262295,46.834426229508196,0
CUST_00772,74,28.670675675675678,47.77837837837838,0
CUST_00773,52,27.595769230769232,46.23076923076923,0
CUST_00774,77,27.277012987012988,45.225974025974025,0
CUST_00775,75,29.062266666666666,49.98933333333333,0
CUST_00776,62,27.831451612903226,46.8,0
CUST_00777,74,28.631081081081078,48.04189189189189,0
CUST_00778,77,30.42233766233766,51.05324675324675,0
CUST_00779,71,27.911971830985916,48.0943661971831,0
CUST_00780,82,29.18658536585366,49.03536585365854,0
CUST_00781,67,26.21537313432836,44.71194029850746,0
CUST_00782,89,26.818202247191014,45.561797752808985,0
CUST_00783,77,28.95623376623377,48.63116883116883,0
CUST_00784,64,25.64921875,43.6703125,0
CUST_00785,56,25.448214285714283,43.987500000000004,0
CUST_00786,71,28.452957746478873,48.00422535211268,0
CUST_00787,73,28.92150684931507,48.38082191780822,0
CUST_00788,68,27.29941176470588,47.09705882352941,0
CUST_00789,93,28.145913978494626,47.678494623655915,0
CUST_00790,68,28.597205882352938,48.01176470588236,0
CUST_00791,67,28.25910447761194,47.96268656716418,0
CUST_00792,67,29.24179104477612,49.32388059701492,0
CUST_00793,71,28.965352112676054,48.71830985915493,0
CUST_00794,74,27.68783783783784,46.62972972972973,0
CUST_00795,60,26.91,44.54333333333333,0
CUST_00796,71,29.587605633802813,50.38309859154929,0
CUST_00797,79,28.45974683544304,47.8746835443038,0
CUST_00798,84,28.038809523809526,48.464285714285715,0
CUST_00799,78,26.6625641025641,45.28589743589744,0
CUST_00800,81,29.55012345679012,50.80123456790123,0
CUST_00801,75,26.7172,45.376,0
CUST_00802,65,27.89676923076923,47.85076923076923,0
CUST_00803,86,28.50976744186047,48.11976744186047,0
CUST_00804,65,27.045846153846153,44.98,0
CUST_00805,77,29.551948051948052,49.555844155844156,0
CUST_00806,76,26.863684210526316,45.71842105263158,0
CUST_00807,67,29.548059701492537,50.265671641791045,0
CUST_00808,74,28.85662162162162,48.88243243243244,0
CUST_00809,83,26.156626506024097,44.646987951807226,0
CUST_00810,90,27.58022222222222,45.315555555555555,0
CUST_00811,75,27.793866666666666,46.436,0
CUST_00812,74,27.125405405405406,45.88918918918919,0
CUST_00813,75,28.434,46.94,0
CUST_00814,70,31.022714285714287,51.60857142857143,0
CUST_00815,81,27.75432098765432,46.95061728395062,0
CUST_00816,74,28.402162162162163,47.704054054054055,0
CUST_00817,80,25.8005,43.222500000000004,0
CUST_00818,78,28.14576923076923,47.996153846153845,0
CUST_00819,73,28.580958904109586,48.97534246575342,0
CUST_00820,57,28.45421052631579,49.51754385964912,0
CUST_00821,65,29.350923076923078,48.41230769230769,0
CUST_00822,76,27.245526315789473,45.71578947368421,0
CUST_00823,74,27.870405405405403,47.016216216216215,0
CUST_00824,60,27.301,46.91166666666666,0
CUST_00825,76,29.062894736842107,48.824999999999996,0
CUST_00826,58,28.24448275862069,47.574137931034485,0
CUST_00827,69,28.95536231884058,48.53913043478261,0
CUST_00828,68,29.258235294117647,48.44558823529412,0
CUST_00829,55,28.197454545454544,47.14181818181819,0
CUST_00830,64,28.05875,47.4109375,0
CUST_00831,81,28.745432098765434,48.86296296296297,0
CUST_00832,71,28.4187323943662,49.16901408450704,0
CUST_00833,72,27.85125,47.2,0
CUST_00834,82,27.36487804878049,46.582926829268295,0
CUST_00835,72,28.74666666666667,49.044444444444444,0
CUST_00836,79,28.87886075949367,48.537974683544306,0
CUST_00837,83,28.18855421686747,48.13132530120482,0
CUST_00838,52,27.583076923076923,45.801923076923075,0
CUST_00839,66,27.418333333333333,45.3469696969697,0
CUST_00840,80,27.953125,48.17,0
CUST_00841,76,28.040657894736842,47.43815789473684,0
CUST_00842,65,25.798461538461538,43.926153846153845,0
CUST_00843,71,26.554929577464787,45.907042253521126,0
CUST_00844,72,26.46625,45.15972222222222,0
CUST_00845,71,28.73957746478873,47.20422535211268,0
CUST_00846,75,27.164666666666665,45.385333333333335,0
CUST_00847,64,26.5190625,45.684375,0
CUST_00848,74,27.702567567567563,46.67027027027027,0
CUST_00849,86,27.35116279069767,46.89302325581396,0
CUST_00850,83,26.624578313253014,45.08313253012048,0
CUST_00851,70,29.32,49.441428571428574,0
CUST_00852,83,29.0533734939759,48.33614457831325,0
CUST_00853,58,26.528448275862072,45.8551724137931,0
CUST_00854,75,27.80773333333333,46.037333333333336,0
CUST_00855,67,27.781194029850745,47.135820895522386,0
CUST_00856,77,30.151168831168828,49.57012987012987,0
CUST_00857,61,27.213606557377048,45.398360655737704,0
CUST_00858,71,27.904084507042253,47.32394366197183,0
CUST_00859,77,26.316623376623376,43.602597402597404,0
CUST_00860,69,27.911884057971015,48.553623188405794,0
CUST_00861,93,29.925591397849463,49.704301075268816,0
CUST_00862,68,29.28205882352941,48.84264705882353,0
CUST_00863,78,28.076025641025637,47.14102564102564,0
CUST_00864,67,29.137014925373137,47.43283582089552,0
CUST_00865,75,28.910400000000003,48.86266666666666,0
CUST_00866,76,27.73407894736842,47.58815789473684,0
CUST_00867,82,29.04780487804878,49.06951219512195,0
CUST_00868,68,29.488088235294118,47.91617647058824,0
CUST_00869,76,27.050526315789476,46.21578947368421,0
CUST_00870,58,29.906896551724138,49.51896551724138,0
CUST_00871,51,26.83666666666667,45.92745098039216,0
CUST_00872,85,27.524,46.95058823529412,0
CUST_00873,74,28.33554054054054,47.74594594594594,0
CUST_00874,84,28.22392857142857,47.66309523809524,0
CUST_00875,66,28.063636363636363,46.731818181818184,0
CUST_00876,78,28.66153846153846,48.02564102564103,0
CUST_00877,71,27.366478873239437,45.85774647887324,0
CUST_00878,75,28.306933333333333,46.888,0
CUST_00879,77,27.725844155844154,48.0948051948052,0
CUST_00880,76,27.623552631578946,46.16184210526316,0
CUST_00881,68,27.07558823529412,45.629411764705885,0
CUST_00882,73,27.82027397260274,46.61780821917808,0
CUST_00883,56,27.846785714285716,46.94642857142857,0
CUST_00884,70,26.39785714285714,44.74,0
CUST_00885,65,27.36953846153846,45.903076923076924,0
CUST_00886,65,29.767538461538464,51.30769230769231,0
CUST_00887,75,28.448266666666665,49.09866666666667,0
CUST_00888,76,25.57657894736842,43.91710526315789,0
CUST_00889,83,28.30421686746988,47.27590361445783,0
CUST_00890,73,27.24794520547945,46.30958904109589,0
CUST_00891,82,27.83231707317073,46.80853658536586,0
CUST_00892,67,26.14865671641791,44.668656716417914,0
CUST_00893,58,28.53051724137931,48.672413793103445,0
CUST_00894,66,28.62909090909091,48.38333333333333,0
CUST_00895,77,29.167272727272728,48.76233766233766,0
CUST_00896,79,27.18746835443038,45.415189873417724,0
CUST_00897,69,29.219710144927536,49.90289855072464,0
CUST_00898,67,31.857164179104476,52.602985074626865,0
CUST_00899,64,27.4021875,45.121875,0
CUST_00900,79,27.02050632911392,46.72405063291139,0
CUST_00901,72,28.851805555555554,47.74305555555556,0
CUST_00902,83,27.21819277108434,45.63855421686747,0
CUST_00903,51,27.39529411764706,46.49411764705882,0
CUST_00904,77,28.782597402597407,48.285714285714285,0
CUST_00905,68,26.42970588235294,45.01176470588236,0
CUST_00906,60,25.174833333333332,43.13333333333333,0
CUST_00907,68,26.649117647058826,43.64264705882353,0
CUST_00908,66,29.90439393939394,49.65,0
CUST_00909,68,25.51058823529412,42.49852941176471,0
CUST_00910,58,25.919827586206896,43.2603448275862,0
CUST_00911,67,28.770298507462684,47.85671641791045,0
CUST_00912,70,27.720142857142857,45.707142857142856,0
CUST_00913,92,28.645978260869562,47.12065217391305,0
CUST_00914,71,27.724225352112676,46.660563380281694,0
CUST_00915,61,26.774918032786886,45.37213114754098,0
CUST_00916,81,27.08358024691358,45.48518518518519,0
CUST_00917,107,28.89158878504673,48.48224299065421,0
CUST_00918,70,25.774428571428572,44.065714285714286,0
CUST_00919,78,28.584358974358974,47.898717948717945,0
CUST_00920,77,27.85987012987013,46.63246753246753,0
CUST_00921,91,28.266043956043955,48.38131868131868,0
CUST_00922,71,27.05267605633803,45.21408450704225,0
CUST_00923,71,25.13605633802817,42.39859154929578,0
CUST_00924,69,26.990434782608695,46.02028985507246,0
CUST_00925,73,26.37972602739726,44.482191780821914,0
CUST_00926,60,27.754166666666666,46.46333333333334,0
CUST_00927,80,27.30925,45.802499999999995,0
CUST_00928,68,27.338382352941178,45.96029411764706,0
CUST_00929,94,27.200000000000003,47.139361702127665,0
CUST_00930,73,27.705753424657534,46.27945205479452,0
CUST_00931,78,28.37653846153846,47.19358974358974,0
CUST_00932,62,30.17822580645161,50.627419354838715,0
CUST_00933,70,30.645428571428567,50.98571428571429,0
CUST_00934,74,29.41824324324324,49.84054054054054,0
CUST_00935,57,26.541403508771932,44.51754385964912,0
CUST_00936,67,28.417313432835822,48.149253731343286,0
CUST_00937,76,28.7825,47.544736842105266,0
CUST_00938,83,29.274457831325304,49.66265060240964,0
CUST_00939,75,29.70306666666667,50.392,0
CUST_00940,58,28.979655172413793,47.68793103448276,0
CUST_00941,81,28.470370370370368,48.47037037037037,0
CUST_00942,68,27.993088235294117,46.93529411764706,0
CUST_00943,67,27.58582089552239,46.66567164179104,0
CUST_00944,88,27.463863636363637,47.20454545454545,0
CUST_00945,64,28.03515625,46.671875,0
CUST_00946,73,26.355753424657536,45.54520547945206,0
CUST_00947,89,28.675842696629214,48.64943820224719,0
CUST_00948,78,28.901025641025644,48.093589743589746,0
CUST_00949,86,28.882441860465114,47.11860465116279,0
CUST_00950,90,28.520444444444447,47.86555555555555,0
CUST_00951,78,30.463589743589743,50.79358974358974,0
CUST_00952,87,28.801149425287353,48.2816091954023,0
CUST_00953,70,27.470714285714287,46.74285714285714,0
CUST_00954,75,28.235999999999997,48.14933333333333,0
CUST_00955,58,30.160689655172412,51.008620689655174,0
CUST_00956,95,27.30842105263158,46.78947368421053,0
CUST_00957,56,26.39071428571429,44.323214285714286,0
CUST_00958,69,30.28797101449275,50.84347826086956,0
CUST_00959,68,27.876323529411764,46.32205882352941,0
CUST_00960,65,27.714307692307692,46.364615384615384,0
CUST_00961,74,27.799999999999997,47.57432432432432,0
CUST_00962,78,27.74820512820513,47.12564102564103,0
CUST_00963,82,30.00536585365854,50.75243902439024,0
CUST_00964,67,26.968805970149255,45.98805970149253,0
CUST_00965,63,27.165714285714287,46.56349206349206,0
CUST_00966,56,27.2775,44.92142857142857,0
CUST_00967,72,29.26625,48.87361111111111,0
CUST_00968,75,26.453333333333333,44.452,0
CUST_00969,80,28.839125000000003,49.103750000000005,0
CUST_00970,78,28.594487179487178,47.58717948717949,0
CUST_00971,67,26.001044776119404,43.75970149253732,0
CUST_00972,74,26.410405405405402,44.99864864864865,0
CUST_00973,80,26.616875,44.739999999999995,0
CUST_00974,66,26.502424242424244,44.38636363636363,0
CUST_00975,81,25.913333333333334,44.24074074074074,0
CUST_00976,83,27.252048192771085,45.79277108433735,0
CUST_00977,66,26.118939393939392,44.97878787878788,0
CUST_00978,58,26.587413793103448,45.49655172413794,0
CUST_00979,69,27.829275362318842,47.90869565217391,0
CUST_00980,60,27.38133333333333,46.835,0
CUST_00981,65,27.492615384615384,45.613846153846154,0
CUST_00982,75,26.584266666666664,45.09866666666667,0
CUST_00983,76,26.777105263157893,45.32236842105263,0
CUST_00984,72,26.95986111111111,45.079166666666666,0
CUST_00985,68,27.341617647058825,46.29264705882353,0
CUST_00986,73,29.698082191780824,49.60958904109589,0
CUST_00987,73,28.04013698630137,47.80958904109589,0
CUST_00988,67,27.632089552238806,46.52985074626866,0
CUST_00989,69,27.858985507246377,48.495652173913044,0
CUST_00990,71,27.42225352112676,46.0225352112676,0
CUST_00991,71,30.285774647887322,51.10422535211268,0
CUST_00992,86,27.751279069767442,47.259302325581395,0
CUST_00993,77,27.858181818181816,47.311688311688314,0
CUST_00994,89,27.671011235955053,47.10786516853933,0
CUST_00995,75,27.953866666666666,46.562666666666665,0
CUST_00996,55,25.20618181818182,42.35636363636363,0
CUST_00997,73,27.936986301369863,47.490410958904114,0
CUST_00998,66,25.71363636363636,43.92878787878788,0
CUST_00999,59,27.83508474576271,46.83898305084746,0
CUST_01000,72,25.755972222222223,43.66111111111111,0
CUST_01001,81,28.881234567901235,47.71975308641976,0
CUST_01002,66,26.099393939393938,43.04090909090909,0
CUST_01003,82,27.74548780487805,46.56341463414634,0
CUST_01004,61,27.68016393442623,47.1,0
CUST_01005,76,29.443421052631578,49.38552631578948,0
CUST_01006,82,28.440487804878046,47.458536585365856,0
CUST_01007,88,26.85443181818182,44.87613636363636,0
CUST_01008,75,27.529066666666665,46.175999999999995,0
CUST_01009,78,27.20705128205128,46.21153846153846,0
CUST_01010,66,27.674242424242426,46.21818181818182,0
CUST_01011,77,28.20649350649351,47.97402597402598,0
CUST_01012,73,27.174520547945207,46.66027397260274,0
CUST_01013,73,28.89246575342466,47.845205479452055,0
CUST_01014,69,26.94913043478261,45.79565217391305,0
CUST_01015,70,28.75614285714286,48.51,0
CUST_01016,69,27.59565217391304,45.833333333333336,0
CUST_01017,76,28.583421052631582,47.80131578947368,0
CUST_01018,76,28.232894736842102,47.602631578947374,0
CUST_01019,68,28.9075,49.51764705882353,0
CUST_01020,72,31.328333333333333,52.263888888888886,0
CUST_01021,60,28.692,49.115,0
CUST_01022,70,29.911428571428573,50.925714285714285,0
CUST_01023,88,29.438863636363635,49.50113636363637,0
CUST_01024,78,28.904615384615383,47.97179487179488,0
CUST_01025,71,28.657605633802817,48.23661971830986,0
CUST_01026,67,27.297014925373137,45.741791044776114,0
CUST_01027,79,28.15746835443038,47.517721518987344,0
CUST_01028,83,29.37313253012048,50.49156626506024,0
CUST_01029,81,28.73135802469136,47.64938271604938,0
CUST_01030,64,28.47671875,47.4046875,0
CUST_01031,64,27.95921875,46.237500000000004,0
CUST_01032,65,28.30646153846154,47.723076923076924,0
CUST_01033,70,26.365571428571428,45.744285714285716,0
CUST_01034,67,29.569253731343284,49.51641791044776,0
CUST_01035,81,26.71827160493827,45.19506172839506,0
CUST_01036,83,29.069518072289156,49.019277108433734,0
CUST_01037,70,27.86,46.894285714285715,0
CUST_01038,71,27.889577464788733,46.511267605633805,0
CUST_01039,85,27.655294117647056,46.74235294117647,0
CUST_01040,72,30.27152777777778,49.90694444444445,0
CUST_01041,66,29.079848484848483,48.79545454545455,0
CUST_01042,77,25.718571428571426,43.820779220779215,0
CUST_01043,84,27.253333333333337,46.59880952380953,0
CUST_01044,67,27.017611940298508,46.12238805970149,0
CUST_01045,85,27.81611764705882,46.22941176470588,0
CUST_01046,68,25.203088235294118,42.23529411764706,0
CUST_01047,75,28.100133333333336,47.59066666666667,0
CUST_01048,65,28.278,47.75846153846154,0
CUST_01049,74,26.34243243243243,44.55945945945946,0
CUST_01050,75,27.679466666666666,46.007999999999996,0
CUST_01051,93,28.167956989247312,47.087096774193554,0
CUST_01052,79,27.974177215189872,47.049367088607596,0
CUST_01053,72,27.466805555555553,46.68055555555556,0
CUST_01054,62,29.052258064516128,48.8258064516129,0
CUST_01055,66,30.05060606060606,49.24393939393939,0
CUST_01056,62,29.299516129032256,47.76451612903226,0
CUST_01057,69,28.4736231884058,48.721739130434784,0
CUST_01058,69,27.31463768115942,45.60144927536232,0
CUST_01059,73,28.221369863013695,47.23150684931507,0
CUST_01060,69,28.86304347826087,48.75072463768116,0
CUST_01061,73,28.31013698630137,47.11095890410959,0
CUST_01062,71,26.622253521126762,46.26056338028169,0
CUST_01063,77,28.89831168831169,48.68961038961039,0
CUST_01064,63,28.51301587301587,47.511111111111106,0
CUST_01065,67,28.89283582089552,48.87313432835821,0
CUST_01066,85,27.62611764705882,46.07529411764706,0
CUST_01067,65,27.177230769230768,45.4,0
CUST_01068,70,25.900285714285715,43.79714285714286,0
CUST_01069,65,28.085076923076922,46.89076923076923,0
CUST_01070,69,28.151884057971014,48.484057971014494,0
CUST_01071,82,27.098780487804877,45.31341463414634,0
CUST_01072,83,29.279759036144576,48.64096385542168,0
CUST_01073,88,28.04295454545455,47.378409090909095,0
CUST_01074,89,28.98842696629213,49.30898876404494,0
CUST_01075,79,29.33367088607595,49.03037974683544,0
CUST_01076,76,29.316842105263156,50.2171052631579,0
CUST_01077,81,28.09753086419753,47.98888888888889,0
CUST_01078,80,27.552875,46.655,0
CUST_01079,71,27.30830985915493,46.64225352112676,0
CUST_01080,78,28.521153846153847,47.78846153846154,0
CUST_01081,63,28.713968253968254,48.509523809523806,0
CUST_01082,80,27.208,45.758750000000006,0
CUST_01083,65,26.99523076923077,45.42769230769231,0
CUST_01084,85,27.584588235294117,46.25764705882353,0
CUST_01085,75,26.7972,45.164,0
CUST_01086,87,28.08712643678161,46.57816091954023,0
CUST_01087,63,29.322063492063492,50.095238095238095,0
CUST_01088,70,28.562857142857144,48.39714285714286,0
CUST_01089,78,31.28948717948718,51.934615384615384,0
CUST_01090,67,27.352089552238805,45.0089552238806,0
CUST_01091,73,28.134794520547945,47.441095890410956,0
CUST_01092,76,26.261447368421052,45.02105263157895,0
CUST_01093,70,28.15557142857143,47.90285714285714,0
CUST_01094,84,27.629642857142855,46.929761904761904,0
CUST_01095,62,25.082903225806454,41.69193548387097,0
CUST_01096,66,30.156060606060606,50.656060606060606,0
CUST_01097,65,28.249846153846153,46.32,0
CUST_01098,82,27.17048780487805,46.08658536585366,0
CUST_01099,78,27.580512820512823,45.85641025641026,0
CUST_01100,83,26.92590361445783,45.81686746987952,0
CUST_01101,68,27.31735294117647,45.41470588235294,0
CUST_01102,81,25.83975308641975,43.28888888888889,0
CUST_01103,73,26.257123287671234,44.45753424657534,0
CUST_01104,72,25.982777777777777,45.22222222222222,0
CUST_01105,81,29.197777777777777,47.87901234567901,0
CUST_01106,78,27.35974358974359,45.65128205128205,0
CUST_01107,78,27.55217948717949,47.64230769230769,0
CUST_01108,67,29.45910447761194,48.77910447761194,0
CUST_01109,58,30.99706896551724,50.58103448275862,0
CUST_01110,79,27.128607594936707,46.721518987341774,0
CUST_01111,63,26.436984126984125,44.142857142857146,0
CUST_01112,61,27.370983606557377,45.52295081967213,0
CUST_01113,77,26.91857142857143,45.57532467532468,0
CUST_01114,73,29.145479452054794,49.40547945205479,0
CUST_01115,67,28.401194029850746,47.755223880597015,0
CUST_01116,84,29.731547619047618,49.832142857142856,0
CUST_01117,57,30.500350877192982,50.266666666666666,0
CUST_01118,71,27.538169014084506,47.015492957746474,0
CUST_01119,82,25.919512195121953,43.334146341463416,0
CUST_01120,71,30.089154929577465,50.9056338028169,0
CUST_01121,66,29.757727272727273,50.78333333333333,0
CUST_01122,83,30.038915662650602,50.39036144578313,0
CUST_01123,65,27.557692307692307,46.09538461538461,0
CUST_01124,80,28.060125,46.9,0
CUST_01125,84,27.34702380952381,45.825,0
CUST_01126,84,26.360952380952384,45.04404761904762,0
CUST_01127,81,28.381604938271604,47.84691358024691,0
CUST_01128,73,27.91849315068493,46.9958904109589,0
CUST_01129,65,27.973692307692307,47.12923076923077,0
CUST_01130,66,29.563030303030303,49.17575757575757,0
CUST_01131,80,27.67475,47.2275,0
CUST_01132,65,27.92123076923077,46.29692307692308,0
CUST_01133,65,27.34753846153846,46.44769230769231,0
CUST_01134,62,29.058387096774194,49.667741935483875,0
CUST_01135,68,31.103235294117646,52.741176470588236,0
CUST_01136,60,29.43566666666667,49.434999999999995,0
CUST_01137,68,26.5525,44.14264705882353,0
CUST_01138,68,28.116323529411765,46.675000000000004,0
CUST_01139,80,29.3505,48.02625,0
CUST_01140,69,25.50376811594203,42.46666666666666,0
CUST_01141,62,27.066129032258065,46.67741935483871,0
CUST_01142,69,28.214057971014494,46.86231884057971,0
CUST_01143,57,29.13964912280702,48.112280701754386,0
CUST_01144,77,27.083376623376623,46.62467532467532,0
CUST_01145,92,27.323043478260868,46.130434782608695,0
CUST_01146,80,26.846375000000002,44.6225,0
CUST_01147,90,27.470444444444446,46.42444444444444,0
CUST_01148,75,27.632266666666666,46.75066666666667,0
CUST_01149,78,25.812564102564103,44.60641025641026,0
CUST_01150,73,29.125342465753427,49.06849315068493,0
CUST_01151,67,25.86850746268657,44.329850746268654,0
CUST_01152,58,27.974137931034484,47.529310344827586,0
CUST_01153,76,28.20092105263158,46.86184210526316,0
CUST_01154,66,29.333636363636362,49.53181818181818,0
CUST_01155,75,27.52426666666667,46.06933333333333,0
CUST_01156,80,27.859500000000004,47.261250000000004,0
CUST_01157,62,26.80806451612903,44.84838709677419,0
CUST_01158,77,27.645064935064937,46.16883116883117,0
CUST_01159,72,28.46569444444444,48.34444444444445,0
CUST_01160,73,26.191369863013698,44.33698630136986,0
CUST_01161,78,30.12794871794872,50.61282051282051,0
CUST_01162,77,30.37116883116883,49.846753246753245,0
CUST_01163,81,27.69814814814815,46.09506172839506,0
CUST_01164,89,28.076292134831462,47.24606741573033,0
CUST_01165,73,27.643561643835618,47.04246575342466,0
CUST_01166,77,26.991818181818182,46.0025974025974,0
CUST_01167,77,26.716623376623374,45.21948051948052,0
CUST_01168,75,28.236533333333337,47.084,0
CUST_01169,71,26.945633802816904,45.170422535211266,0
CUST_01170,70,30.625714285714288,50.981428571428566,0
CUST_01171,80,28.599375,48.83875,0
CUST_01172,81,26.608765432098764,45.069135802469134,0
CUST_01173,73,27.113972602739725,46.017808219178086,0
CUST_01174,76,28.819868421052632,48.127631578947366,0
CUST_01175,69,27.234782608695653,46.37536231884058,0
CUST_01176,75,28.65066666666667,47.833333333333336,0
CUST_01177,61,27.08377049180328,46.09508196721312,0
CUST_01178,76,28.030526315789476,46.955263157894734,0
CUST_01179,68,26.771911764705884,44.23088235294117,0
CUST_01180,62,28.621774193548386,48.23870967741936,0
CUST_01181,67,29.284477611940297,50.071641791044776,0
CUST_01182,78,29.81820512820513,50.10897435897436,0
CUST_01183,61,28.751147540983606,48.21475409836066,0
CUST_01184,71,28.64985915492958,46.471830985915496,0
CUST_01185,69,26.891014492753623,46.12463768115942,0
CUST_01186,69,27.627246376811595,45.915942028985505,0
CUST_01187,60,27.2415,44.345,0
CUST_01188,76,28.343947368421052,47.498684210526314,0
CUST_01189,71,26.43323943661972,43.8112676056338,0
CUST_01190,64,27.60125,46.5828125,0
CUST_01191,89,28.25921348314607,47.58089887640449,0
CUST_01192,73,26.592876712328767,44.654794520547945,0
CUST_01193,82,27.841341463414633,47.31463414634147,0
CUST_01194,81,26.15296296296296,44.20123456790124,0
CUST_01195,71,27.871267605633804,47.473239436619714,0
CUST_01196,79,28.992025316455695,47.97721518987341,0
CUST_01197,70,26.88642857142857,45.135714285714286,0
CUST_01198,87,28.594597701149425,47.05747126436781,0
CUST_01199,64,27.85921875,46.8171875,0
CUST_01200,53,26.867924528301888,45.00188679245283,0
CUST_01201,63,29.294920634920633,49.01746031746032,0
CUST_01202,68,28.11985294117647,47.40588235294118,0
CUST_01203,72,27.641666666666666,46.31805555555556,0
CUST_01204,66,26.594545454545454,44.124242424242425,0
CUST_01205,78,27.39423076923077,47.19358974358974,0
CUST_01206,52,28.916923076923077,49.60961538461538,0
CUST_01207,72,27.075555555555557,46.298611111111114,0
CUST_01208,76,27.957236842105264,47.502631578947366,0
CUST_01209,78,29.490256410256407,50.56666666666666,0
CUST_01210,67,25.990895522388062,44.34477611940299,0
CUST_01211,76,27.42513157894737,46.69078947368421,0
CUST_01212,79,26.631898734177216,45.950632911392404,0
CUST_01213,76,27.730526315789472,46.97105263157895,0
CUST_01214,80,25.696125000000002,43.091249999999995,0
CUST_01215,76,29.94644736842105,49.819736842105264,0
CUST_01216,76,29.715000000000003,50.125,0
CUST_01217,70,26.15885714285714,44.24,0
CUST_01218,70,28.62642857142857,48.35857142857143,0
CUST_01219,80,27.907125,47.261250000000004,0
CUST_01220,72,29.151666666666667,49.50277777777777,0
CUST_01221,63,28.91968253968254,48.076190476190476,0
CUST_01222,57,24.960877192982455,42.43859649122807,0
CUST_01223,59,29.18033898305085,48.68813559322034,0
CUST_01224,70,27.39857142857143,45.892857142857146,0
CUST_01225,83,27.549879518072288,46.757831325301204,0
CUST_01226,61,26.404098360655738,44.6983606557377,0
CUST_01227,77,26.208181818181817,43.40649350649351,0
CUST_01228,78,26.778076923076924,45.575641025641026,0
CUST_01229,77,28.095194805194804,47.541558441558436,0
CUST_01230,75,26.866266666666668,46.264,0
CUST_01231,71,27.993098591549295,46.90985915492958,0
CUST_01232,67,28.075671641791043,48.82238805970149,0
CUST_01233,61,27.255245901639345,46.57704918032787,0
CUST_01234,60,27.20133333333333,44.766666666666666,0
CUST_01235,75,27.559866666666665,46.94533333333334,0
CUST_01236,79,28.962151898734174,49.822784810126585,0
CUST_01237,72,27.86388888888889,47.46111111111111,0
CUST_01238,89,27.32820224719101,46.38876404494383,0
CUST_01239,67,27.5055223880597,46.74925373134328,0
CUST_01240,69,28.166521739130435,47.46521739130435,0
CUST_01241,81,28.256913580246913,47.48148148148148,0
CUST_01242,89,28.326629213483148,48.23820224719101,0
CUST_01243,77,27.880000000000003,47.61948051948052,0
CUST_01244,73,27.409315068493154,45.76164383561644,0
CUST_01245,85,26.512470588235292,44.874117647058824,0
CUST_01246,73,27.346301369863014,46.58904109589041,0
CUST_01247,81,28.205802469135804,47.15679012345679,0
CUST_01248,80,28.145375,47.08125,0
CUST_01249,78,27.748589743589744,46.86282051282051,0
CUST_01250,76,26.182105263157894,44.892105263157895,0
CUST_01251,58,27.87793103448276,47.179310344827584,0
CUST_01252,59,31.624915254237287,52.954237288135594,0
CUST_01253,72,28.391944444444444,47.30277777777778,0
CUST_01254,96,26.41333333333333,45.06666666666666,0
CUST_01255,80,29.3465,49.44625,0
CUST_01256,57,27.971929824561403,48.214035087719296,0
CUST_01257,63,29.608730158730157,49.8936507936508,0
CUST_01258,78,27.118461538461542,45.32307692307692,0
CUST_01259,70,26.018,44.58571428571429,0
CUST_01260,73,28.97,49.86164383561644,0
CUST_01261,76,27.103947368421053,44.62105263157895,0
CUST_01262,61,29.185737704918033,48.10655737704918,0
CUST_01263,72,26.869166666666665,45.30972222222223,0
CUST_01264,75,28.668533333333333,47.55733333333333,0
CUST_01265,81,27.48493827160494,45.91111111111111,0
CUST_01266,80,28.082625,47.5475,0
CUST_01267,62,27.390806451612903,46.99354838709677,0
CUST_01268,68,28.994264705882355,49.69411764705882,0
CUST_01269,86,29.60313953488372,49.391860465116274,0
CUST_01270,59,29.99101694915254,50.27457627118644,0
CUST_01271,93,28.37784946236559,47.375268817204294,0
CUST_01272,78,27.53525641025641,45.74487179487179,0
CUST_01273,71,28.275633802816902,48.34929577464789,0
CUST_01274,75,30.206933333333332,50.644000000000005,0
CUST_01275,69,28.097101449275364,47.05942028985507,0
CUST_01276,59,29.57033898305085,50.64237288135593,0
CUST_01277,85,28.089764705882356,47.96,0
CUST_01278,72,29.59791666666667,48.96944444444445,0
CUST_01279,69,28.751014492753622,49.350724637681154,0
CUST_01280,72,26.365416666666665,45.145833333333336,0
CUST_01281,72,25.775694444444444,43.23888888888889,0
CUST_01282,75,26.4432,45.07066666666667,0
CUST_01283,73,29.459315068493154,48.87534246575343,0
CUST_01284,68,25.649705882352944,42.89264705882353,0
CUST_01285,67,27.321492537313432,46.8,0
CUST_01286,72,24.266111111111112,41.31527777777777,0
CUST_01287,59,27.596440677966104,48.20847457627118,0
CUST_01288,74,28.019054054054052,46.66486486486486,0
CUST_01289,77,27.609610389610392,47.4025974025974,0
CUST_01290,67,28.65,48.28358208955224,0
CUST_01291,71,28.166197183098593,48.138028169014085,0
CUST_01292,56,26.84160714285714,45.614285714285714,0
CUST_01293,68,29.038823529411765,49.25147058823529,0
CUST_01294,75,27.512666666666664,46.593333333333334,0
CUST_01295,81,27.108024691358025,46.364197530864196,0
CUST_01296,72,27.087777777777777,45.894444444444446,0
CUST_01297,82,27.61451219512195,46.74024390243902,0
CUST_01298,64,25.9165625,45.109375,0
CUST_01299,60,26.7925,44.16166666666666,0
CUST_01300,76,26.292894736842104,44.671052631578945,0
CUST_01301,71,28.288732394366196,47.202816901408454,0
CUST_01302,75,29.16426666666667,48.93333333333333,0
CUST_01303,74,27.389864864864865,45.505405405405405,0
CUST_01304,46,27.606521739130436,46.0195652173913,0
CUST_01305,68,27.258970588235293,46.32794117647059,0
CUST_01306,75,31.168133333333333,52.92133333333333,0
CUST_01307,71,26.31830985915493,44.22112676056338,0
CUST_01308,71,28.648028169014083,47.72112676056338,0
CUST_01309,88,27.71965909090909,45.7875,0
CUST_01310,57,24.500701754385965,42.64912280701754,0
CUST_01311,71,28.366478873239437,47.754929577464786,0
CUST_01312,73,27.842328767123288,47.00821917808219,0
CUST_01313,71,27.26901408450704,45.94084507042254,0
CUST_01314,75,26.278266666666664,44.26,0
CUST_01315,81,28.224444444444444,46.2962962962963,0
CUST_01316,60,29.003666666666668,49.016666666666666,0
CUST_01317,84,28.585357142857145,48.12857142857143,0
CUST_01318,94,26.66212765957447,44.9595744680851,0
CUST_01319,81,27.375061728395064,46.4641975308642,0
CUST_01320,74,29.196081081081083,49.30810810810811,0
CUST_01321,75,28.1288,46.967999999999996,0
CUST_01322,64,25.40234375,43.1296875,0
CUST_01323,80,27.657375000000002,46.7425,0
CUST_01324,73,27.259041095890414,44.95479452054794,0
CUST_01325,81,27.707901234567903,46.17283950617284,0
CUST_01326,72,27.41625,46.34861111111111,0
CUST_01327,76,27.40934210526316,45.70657894736842,0
CUST_01328,62,26.96532258064516,44.79516129032258,0
CUST_01329,80,27.3085,46.79375,0
CUST_01330,72,26.479027777777777,45.46111111111111,0
CUST_01331,64,27.3109375,45.0890625,0
CUST_01332,63,25.904920634920636,44.15555555555556,0
CUST_01333,71,25.513380281690143,42.83802816901409,0
CUST_01334,61,29.548360655737707,49.68852459016394,0
CUST_01335,72,28.45513888888889,47.519444444444446,0
CUST_01336,72,27.7225,47.82083333333333,0
CUST_01337,79,28.811518987341774,48.10886075949367,0
CUST_01338,60,28.471,48.708333333333336,0
CUST_01339,70,27.252714285714287,45.207142857142856,0
CUST_01340,77,29.622337662337664,49.23376623376623,0
CUST_01341,60,27.65533333333333,46.294999999999995,0
CUST_01342,63,27.26047619047619,45.80952380952381,0
CUST_01343,68,29.749411764705883,49.699999999999996,0
CUST_01344,66,27.369545454545456,46.945454545454545,0
CUST_01345,100,28.958099999999998,48.894,0
CUST_01346,62,28.177258064516128,47.806451612903224,0
CUST_01347,95,28.296,47.31578947368421,0
CUST_01348,75,26.866266666666668,45.86533333333333,0
CUST_01349,78,27.34205128205128,46.511538461538464,0
CUST_01350,71,26.914084507042254,45.34929577464789,0
CUST_01351,78,29.545641025641025,49.619230769230775,0
CUST_01352,69,28.856376811594203,47.594202898550726,0
CUST_01353,64,29.03234375,49.1109375,0
CUST_01354,73,29.682876712328767,50.04657534246576,0
CUST_01355,55,28.442,47.156363636363636,0
CUST_01356,82,27.579756097560974,46.267073170731706,0
CUST_01357,76,28.800921052631576,50.03552631578947,0
CUST_01358,74,25.931216216216217,43.47027027027027,0
CUST_01359,70,27.055714285714288,45.88142857142857,0
CUST_01360,61,26.6655737704918,46.46557377049181,0
CUST_01361,76,30.489078947368423,51.04342105263158,0
CUST_01362,74,28.62648648648649,48.45810810810811,0
CUST_01363,67,28.662238805970148,47.092537313432835,0
CUST_01364,72,29.297638888888887,49.50694444444444,0
CUST_01365,70,29.004285714285714,48.48285714285714,0
CUST_01366,62,27.19709677419355,45.25483870967742,0
CUST_01367,72,29.01763888888889,49.46527777777778,0
CUST_01368,67,28.583582089552237,47.94477611940299,0
CUST_01369,82,31.56658536585366,51.949999999999996,0
CUST_01370,60,27.742166666666666,47.30166666666666,0
CUST_01371,68,27.851176470588232,48.550000000000004,0
CUST_01372,74,27.466756756756755,46.2527027027027,0
CUST_01373,71,28.56070422535211,48.384507042253524,0
CUST_01374,60,27.622333333333334,45.83833333333334,0
CUST_01375,89,27.967752808988767,47.13595505617978,0
CUST_01376,81,29.289135802469136,49.2358024691358,0
CUST_01377,82,26.83280487804878,44.895121951219515,0
CUST_01378,65,25.78153846153846,43.97846153846154,0
CUST_01379,81,27.348518518518517,46.980246913580245,0
CUST_01380,75,27.602666666666664,47.53333333333333,0
CUST_01381,63,28.838412698412696,47.48412698412698,0
CUST_01382,66,28.664242424242424,47.2969696969697,0
CUST_01383,81,24.616419753086422,42.02345679012346,0
CUST_01384,81,27.881481481481483,48.03703703703704,0
CUST_01385,78,27.12333333333333,45.944871794871794,0
CUST_01386,77,26.569870129870132,45.03766233766234,0
CUST_01387,70,27.709857142857143,47.809999999999995,0
CUST_01388,75,28.901333333333334,49.528,0
CUST_01389,73,28.057671232876714,47.82054794520548,0
CUST_01390,72,25.073194444444443,42.474999999999994,0
CUST_01391,77,28.85168831168831,48.41688311688311,0
CUST_01392,77,28.573116883116885,49.175324675324674,0
CUST_01393,90,29.49677777777778,48.67333333333334,0
CUST_01394,80,27.896125,47.207499999999996,0
CUST_01395,66,28.653181818181817,49.131818181818176,0
CUST_01396,66,27.99681818181818,46.00454545454546,0
CUST_01397,86,25.96779069767442,43.84186046511628,0
CUST_01398,82,29.73865853658537,50.69512195121951,0
CUST_01399,69,26.652028985507247,44.13478260869565,0
CUST_01400,83,27.518554216867468,45.94939759036145,0
CUST_01401,64,27.8696875,46.4609375,0
CUST_01402,62,26.68967741935484,43.958064516129035,0
CUST_01403,73,29.78698630136986,50.863013698630134,0
CUST_01404,77,27.89064935064935,47.58051948051948,0
CUST_01405,72,26.873611111111114,45.03333333333333,0
CUST_01406,68,25.95529411764706,43.59411764705882,0
CUST_01407,84,26.682857142857145,44.86190476190476,0
CUST_01408,71,27.65605633802817,46.611267605633806,0
CUST_01409,81,28.521481481481484,48.148148148148145,0
CUST_01410,66,28.400606060606062,48.696969696969695,0
CUST_01411,78,27.28512820512821,46.46025641025641,0
CUST_01412,67,28.534328358208956,48.1820895522388,0
CUST_01413,59,30.35898305084746,50.213559322033895,0
CUST_01414,73,29.069589041095888,48.726027397260275,0
CUST_01415,66,27.35787878787879,45.46060606060606,0
CUST_01416,84,26.010119047619046,44.29642857142857,0
CUST_01417,78,26.819358974358973,44.83461538461538,0
CUST_01418,89,28.428426966292136,47.15056179775281,0
CUST_01419,81,26.942592592592593,45.30246913580247,0
CUST_01420,63,28.70301587301587,48.72857142857143,0
CUST_01421,82,26.63341463414634,45.630487804878044,0
CUST_01422,70,29.14757142857143,48.958571428571425,0
CUST_01423,69,27.57608695652174,46.415942028985505,0
CUST_01424,82,25.628902439024394,43.91097560975609,0
CUST_01425,76,28.07473684210526,46.872368421052634,0
CUST_01426,75,28.8484,48.73066666666667,0
CUST_01427,81,29.218395061728394,48.44444444444444,0
CUST_01428,83,27.053253012048195,46.02168674698795,0
CUST_01429,88,27.67465909090909,47.122727272727275,0
CUST_01430,65,27.515076923076922,46.372307692307686,0
CUST_01431,80,26.317,45.12,0
CUST_01432,61,26.55295081967213,45.34426229508197,0
CUST_01433,62,25.607580645161292,43.983870967741936,0
CUST_01434,63,28.43126984126984,49.08730158730159,0
CUST_01435,73,25.693424657534244,43.343835616438355,0
CUST_01436,67,27.67194029850746,45.708955223880594,0
CUST_01437,63,27.75079365079365,46.62063492063492,0
CUST_01438,79,25.9446835443038,43.946835443037976,0
CUST_01439,73,26.706164383561642,45.58904109589041,0
CUST_01440,72,28.23888888888889,46.981944444444444,0
CUST_01441,74,28.10527027027027,47.358108108108105,0
CUST_01442,79,28.52455696202532,46.75063291139241,0
CUST_01443,56,28.12607142857143,47.88035714285714,0
CUST_01444,60,28.128833333333333,47.931666666666665,0
CUST_01445,71,25.641267605633804,43.60704225352112,0
CUST_01446,58,29.065862068965515,49.27068965517241,0
CUST_01447,80,29.118875000000003,49.44,0
CUST_01448,62,26.433387096774194,44.27903225806452,0
CUST_01449,69,27.367391304347827,46.21884057971015,0
CUST_01450,83,25.823734939759035,44.33132530120482,0
CUST_01451,70,25.998857142857144,43.34428571428571,0
CUST_01452,67,29.533432835820896,49.67611940298508,0
CUST_01453,75,26.829866666666668,45.141333333333336,0
CUST_01454,62,27.912419354838708,47.08870967741935,0
CUST_01455,70,27.03185714285714,44.69571428571428,0
CUST_01456,71,28.005915492957747,46.70140845070423,0
CUST_01457,77,30.71051948051948,51.042857142857144,0
CUST_01458,84,27.90297619047619,48.70952380952381,0
CUST_01459,65,25.902307692307694,44.847692307692306,0
CUST_01460,84,29.055119047619048,49.73690476190476,0
CUST_01461,76,25.937368421052632,44.727631578947374,0
CUST_01462,69,26.686086956521738,44.528985507246375,0
CUST_01463,87,27.85655172413793,47.04712643678161,0
CUST_01464,60,26.789499999999997,44.461666666666666,0
CUST_01465,74,27.417297297297296,46.63108108108108,0
CUST_01466,71,28.999154929577465,48.35633802816902,0
CUST_01467,62,27.38209677419355,46.24354838709677,0
CUST_01468,74,25.52337837837838,42.622972972972974,0
CUST_01469,73,27.744109589041095,45.56849315068493,0
CUST_01470,85,27.65035294117647,46.56117647058824,0
CUST_01471,62,26.815161290322582,46.7241935483871,0
CUST_01472,62,27.13774193548387,45.975806451612904,0
CUST_01473,68,26.86485294117647,47.11764705882353,0
CUST_01474,68,28.3625,47.31911764705882,0
CUST_01475,65,28.924615384615386,48.24307692307693,0
CUST_01476,75,26.694399999999998,45.477333333333334,0
CUST_01477,74,29.727297297297298,50.19189189189189,0
CUST_01478,68,28.78014705882353,49.05588235294118,0
CUST_01479,81,26.490493827160495,43.49506172839506,0
CUST_01480,84,28.917023809523812,48.6702380952381,0
CUST_01481,74,28.56297297297297,48.48513513513514,0
CUST_01482,72,28.089583333333334,47.64722222222222,0
CUST_01483,60,28.439833333333333,47.385,0
CUST_01484,69,27.954202898550722,46.3304347826087,0
CUST_01485,69,31.116811594202897,53.66811594202898,0
CUST_01486,75,29.1964,48.553333333333335,0
CUST_01487,75,27.35493333333333,45.885333333333335,0
CUST_01488,65,25.995384615384616,43.58,0
CUST_01489,65,26.568307692307695,44.37076923076923,0
CUST_01490,88,27.74022727272727,46.45909090909091,0
CUST_01491,78,26.23423076923077,43.87948717948718,0
CUST_01492,76,28.168552631578947,45.988157894736844,0
CUST_01493,75,27.847733333333334,47.19733333333333,0
CUST_01494,73,25.661643835616438,43.891780821917806,0
CUST_01495,86,29.613372093023255,49.61046511627907,0
CUST_01496,77,24.90233766233766,42.97532467532467,0
CUST_01497,78,27.931410256410256,47.233333333333334,0
CUST_01498,70,30.05657142857143,51.137142857142855,0
CUST_01499,73,26.88835616438356,44.845205479452055,0
CUST_01500,66,27.784848484848485,47.199999999999996,0
CUST_01501,70,28.437714285714286,46.815714285714286,0
CUST_01502,66,29.357575757575756,48.45151515151515,0
CUST_01503,72,28.755416666666665,47.13055555555556,0
CUST_01504,74,27.442702702702704,46.27972972972973,0
CUST_01505,64,27.23546875,44.7734375,0
CUST_01506,67,29.394328358208956,50.71791044776119,0
CUST_01507,66,28.524848484848487,47.275757575757574,0
CUST_01508,80,28.638375000000003,48.65125,0
CUST_01509,76,25.62236842105263,42.86578947368421,0
CUST_01510,78,27.872307692307693,46.8525641025641,0
CUST_01511,71,27.491971830985918,46.65633802816901,0
CUST_01512,85,27.62752941176471,47.262352941176474,0
CUST_01513,68,27.397205882352942,46.11470588235294,0
CUST_01514,65,30.140923076923077,50.08769230769231,0
CUST_01515,80,28.680625,47.36125,0
CUST_01516,65,26.703692307692307,44.56,0
CUST_01517,63,30.076031746031745,50.15079365079365,0
CUST_01518,72,25.93375,44.331944444444446,0
CUST_01519,67,26.110298507462687,44.97910447761194,0
CUST_01520,72,26.757916666666667,44.00277777777777,0
CUST_01521,68,31.764411764705883,53.15735294117647,0
CUST_01522,84,26.40607142857143,45.48095238095238,0
CUST_01523,69,27.915072463768116,46.88550724637681,0
CUST_01524,68,27.163823529411765,46.45294117647059,0
CUST_01525,65,28.888923076923078,49.03384615384615,0
CUST_01526,85,27.706000000000003,46.93176470588235,0
CUST_01527,59,27.470338983050848,46.78305084745762,0
CUST_01528,79,29.011772151898732,48.71012658227848,0
CUST_01529,58,28.777758620689653,49.320689655172416,0
CUST_01530,72,25.704444444444444,44.25833333333333,0
CUST_01531,75,30.157733333333333,50.04533333333333,0
CUST_01532,72,25.636805555555554,43.25694444444444,0
CUST_01533,96,27.469583333333333,46.75625,0
CUST_01534,78,28.206538461538464,46.93846153846154,0
CUST_01535,84,26.41392857142857,43.66428571428572,0
CUST_01536,76,27.2925,45.757894736842104,0
CUST_01537,66,27.53,46.53787878787879,0
CUST_01538,85,29.135411764705886,48.851764705882346,0
CUST_01539,69,27.1968115942029,45.8768115942029,0
CUST_01540,77,26.883376623376623,46.555844155844156,0
CUST_01541,61,28.16540983606557,48.92131147540983,0
CUST_01542,80,26.74975,45.497499999999995,0
CUST_01543,72,28.52791666666667,48.025000000000006,0
CUST_01544,62,27.636935483870968,47.708064516129035,0
CUST_01545,66,27.35848484848485,46.763636363636365,0
CUST_01546,81,26.724938271604938,44.63827160493827,0
CUST_01547,78,27.66038461538462,46.916666666666664,0
CUST_01548,66,26.331060606060603,44.871212121212125,0
CUST_01549,74,27.80864864864865,47.25945945945946,0
CUST_01550,67,28.98,47.99850746268657,0
CUST_01551,77,26.144155844155843,45.79220779220779,0
CUST_01552,80,27.32325,46.316250000000004,0
CUST_01553,71,28.505352112676054,47.37887323943662,0
CUST_01554,70,30.435571428571425,51.76,0
CUST_01555,75,28.609866666666665,47.82266666666666,0
CUST_01556,68,26.190735294117648,43.58529411764706,0
CUST_01557,61,26.746885245901638,45.380327868852454,0
CUST_01558,66,27.87212121212121,47.803030303030305,0
CUST_01559,72,27.629305555555554,47.15138888888889,0
CUST_01560,65,28.040461538461535,46.34461538461539,0
CUST_01561,78,25.43179487179487,43.10641025641026,0
CUST_01562,71,26.91830985915493,44.956338028169014,0
CUST_01563,86,25.152906976744188,42.66279069767442,0
CUST_01564,63,26.61984126984127,44.330158730158736,0
CUST_01565,63,27.642380952380954,46.93015873015873,0
CUST_01566,61,26.62737704918033,44.90983606557377,0
CUST_01567,64,29.59734375,49.753125,0
CUST_01568,76,29.861710526315793,49.40526315789474,0
CUST_01569,82,27.40219512195122,46.06219512195122,0
CUST_01570,57,29.752280701754387,51.3859649122807,0
CUST_01571,72,28.89263888888889,48.75277777777777,0
CUST_01572,65,28.827076923076923,48.121538461538464,0
CUST_01573,72,27.69486111111111,48.05277777777778,0
CUST_01574,80,27.864625,47.19375,0
CUST_01575,66,26.848333333333333,44.94090909090909,0
CUST_01576,69,26.226666666666667,45.36231884057971,0
CUST_01577,70,27.74642857142857,46.231428571428566,0
CUST_01578,67,25.80283582089552,43.17313432835821,0
CUST_01579,61,28.499344262295082,48.15409836065574,0
CUST_01580,65,29.428153846153844,49.24153846153846,0
CUST_01581,76,29.31092105263158,48.9671052631579,0
CUST_01582,71,29.125492957746477,49.23943661971831,0
CUST_01583,69,27.77521739130435,46.40289855072464,0
CUST_01584,74,27.982297297297297,46.29324324324324,0
CUST_01585,74,27.420810810810814,46.05,0
CUST_01586,80,29.332375000000003,48.82,0
CUST_01587,65,27.382923076923078,46.52923076923077,0
CUST_01588,83,26.492409638554214,44.47710843373494,0
CUST_01589,63,26.293174603174602,43.01904761904762,0
CUST_01590,67,28.883731343283582,47.86716417910448,0
CUST_01591,70,26.83757142857143,44.245714285714286,0
CUST_01592,56,27.601785714285715,47.517857142857146,0
CUST_01593,70,27.548714285714286,46.38142857142857,0
CUST_01594,66,28.042878787878788,46.64090909090909,0
CUST_01595,70,28.103142857142856,46.940000000000005,0
CUST_01596,73,28.14246575342466,47.176712328767124,0
CUST_01597,74,27.950135135135135,47.939189189189186,0
CUST_01598,71,27.90112676056338,47.309859154929576,0
CUST_01599,80,27.294375000000002,46.6375,0
CUST_01600,66,29.5569696969697,50.76969696969697,0
CUST_01601,79,30.352911392405066,50.234177215189874,0
CUST_01602,60,28.082,46.641666666666666,0
CUST_01603,70,27.236714285714285,45.72,0
CUST_01604,87,27.37287356321839,46.64712643678161,0
CUST_01605,63,28.474603174603175,47.91904761904762,0
CUST_01606,77,25.355194805194802,43.40909090909091,0
CUST_01607,62,28.32161290322581,47.656451612903226,0
CUST_01608,86,28.30546511627907,46.383720930232556,0
CUST_01609,73,26.588493150684933,45.460273972602735,0
CUST_01610,82,29.03207317073171,47.75,0
CUST_01611,67,27.278955223880597,46.32686567164179,0
CUST_01612,87,27.41816091954023,46.168965517241375,0
CUST_01613,74,28.450540540540544,48.34054054054054,0
CUST_01614,85,27.84647058823529,46.48352941176471,0
CUST_01615,76,28.72513157894737,49.272368421052626,0
CUST_01616,75,27.924933333333332,48.69466666666666,0
CUST_01617,72,26.070833333333333,43.43194444444444,0
CUST_01618,58,25.92034482758621,43.824137931034485,0
CUST_01619,81,27.017530864197532,44.97283950617284,0
CUST_01620,75,29.30146666666667,49.40933333333333,0
CUST_01621,76,25.81342105263158,44.935526315789474,0
CUST_01622,81,27.47098765432099,45.339506172839506,0
CUST_01623,73,27.307671232876714,45.52876712328767,0
CUST_01624,64,29.004375,48.8734375,0
CUST_01625,58,29.471206896551724,50.68103448275862,0
CUST_01626,65,27.513538461538463,46.10923076923077,0
CUST_01627,79,27.852151898734178,46.72784810126582,0
CUST_01628,66,27.498333333333335,45.93030303030303,0
CUST_01629,60,28.455833333333334,48.10333333333333,0
CUST_01630,82,27.398292682926826,46.576829268292684,0
CUST_01631,74,26.429189189189188,44.73513513513514,0
CUST_01632,63,26.79793650793651,44.476190476190474,0
CUST_01633,75,29.418400000000002,50.028,0
CUST_01634,63,26.187460317460317,44.20634920634921,0
CUST_01635,71,27.307042253521125,46.04788732394366,0
CUST_01636,78,26.81923076923077,44.537179487179486,0
CUST_01637,78,27.05551282051282,45.43333333333334,0
CUST_01638,60,27.80666666666667,47.09,0
CUST_01639,70,28.31114285714286,47.89142857142857,0
CUST_01640,71,28.971267605633802,48.31267605633803,0
CUST_01641,101,28.81019801980198,48.7069306930693,0
CUST_01642,74,28.74945945945946,48.43108108108108,0
CUST_01643,73,27.193150684931506,46.364383561643834,0
CUST_01644,71,26.269859154929577,44.58028169014084,0
CUST_01645,85,27.551764705882356,45.836470588235294,0
CUST_01646,65,27.280307692307694,45.61846153846154,0
CUST_01647,69,27.08927536231884,46.51014492753623,0
CUST_01648,75,29.1564,48.7,0
CUST_01649,70,26.156428571428574,44.238571428571426,0
CUST_01650,79,27.196075949367085,45.87341772151899,0
CUST_01651,61,27.378524590163934,45.57868852459017,0
CUST_01652,70,26.827857142857145,44.972857142857144,0
CUST_01653,73,28.250821917808217,47.984931506849314,0
CUST_01654,81,28.998271604938274,47.839506172839506,0
CUST_01655,66,25.62469696969697,43.23939393939394,0
CUST_01656,77,28.357662337662337,48.29350649350649,0
CUST_01657,71,28.94507042253521,49.0169014084507,0
CUST_01658,72,28.309166666666666,47.099999999999994,0
CUST_01659,76,28.820921052631576,48.92631578947368,0
CUST_01660,78,28.352307692307694,48.51282051282051,0
CUST_01661,72,29.16680555555556,49.65972222222222,0
CUST_01662,73,28.131506849315066,47.35068493150685,0
CUST_01663,77,28.364805194805196,47.40649350649351,0
CUST_01664,76,27.418026315789472,46.13026315789474,0
CUST_01665,87,27.787471264367813,46.38850574712644,0
CUST_01666,73,26.906438356164383,45.058904109589044,0
CUST_01667,64,27.5275,46.3390625,0
CUST_01668,88,26.877045454545453,45.72159090909091,0
CUST_01669,75,26.030933333333333,43.36933333333333,0
CUST_01670,82,26.254634146341466,44.71463414634146,0
CUST_01671,75,27.700133333333337,46.285333333333334,0
CUST_01672,59,28.996440677966103,48.18305084745763,0
CUST_01673,59,28.294745762711866,48.73050847457627,0
CUST_01674,69,26.204202898550722,44.813043478260866,0
CUST_01675,56,30.613571428571426,52.06071428571429,0
CUST_01676,74,26.83418918918919,45.314864864864866,0
CUST_01677,88,27.037954545454546,45.34090909090909,0
CUST_01678,84,28.686666666666664,48.12619047619047,0
CUST_01679,70,26.383142857142857,45.065714285714286,0
CUST_01680,80,27.3325,46.15375,0
CUST_01681,67,27.918507462686566,48.18358208955224,0
CUST_01682,65,28.99569230769231,48.318461538461534,0
CUST_01683,58,27.350862068965515,45.641379310344824,0
CUST_01684,78,29.882051282051286,51.67564102564103,0
CUST_01685,86,28.279418604651166,48.63720930232558,0
CUST_01686,78,27.903846153846153,46.24487179487179,0
CUST_01687,82,27.57987804878049,46.582926829268295,0
CUST_01688,64,25.21203125,42.721875,0
CUST_01689,71,28.310422535211266,47.021126760563384,0
CUST_01690,60,27.1625,45.865,0
CUST_01691,72,29.43680555555555,49.72361111111111,0
CUST_01692,70,27.834857142857143,45.72714285714286,0
CUST_01693,70,28.421857142857142,47.98,0
CUST_01694,82,27.939999999999998,46.640243902439025,0
CUST_01695,84,26.97702380952381,46.16904761904762,0
CUST_01696,78,28.705,48.40128205128205,0
CUST_01697,77,26.199220779220777,44.883116883116884,0
CUST_01698,65,28.27276923076923,47.855384615384615,0
CUST_01699,63,27.324920634920634,46.58888888888889,0
CUST_01700,73,28.426575342465753,47.71506849315068,0
CUST_01701,71,27.110140845070422,45.754929577464786,0
CUST_01702,71,27.470704225352115,46.699999999999996,0
CUST_01703,78,27.471538461538465,45.565384615384616,0
CUST_01704,76,29.166184210526318,49.498684210526314,0
CUST_01705,73,27.673424657534248,46.26712328767123,0
CUST_01706,65,26.994769230769233,46.51384615384615,0
CUST_01707,80,27.292,45.68125,0
CUST_01708,73,28.16657534246575,47.300000000000004,0
CUST_01709,81,28.465679012345678,47.882716049382715,0
CUST_01710,75,26.426000000000002,44.872,0
CUST_01711,77,27.222987012987012,45.811688311688314,0
CUST_01712,67,27.57313432835821,47.26119402985075,0
CUST_01713,81,29.003456790123458,48.93950617283951,0
CUST_01714,83,27.374819277108436,45.787951807228914,0
CUST_01715,57,30.140701754385965,49.835087719298244,0
CUST_01716,64,27.17125,45.890625,0
CUST_01717,86,26.502325581395347,45.23255813953488,0
CUST_01718,66,30.427727272727275,51.128787878787875,0
CUST_01719,81,28.381975308641977,47.80246913580247,0
CUST_01720,61,29.317704918032785,48.90983606557377,0
CUST_01721,72,26.628888888888888,44.952777777777776,0
CUST_01722,73,27.65890410958904,46.365753424657534,0
CUST_01723,94,29.062340425531918,48.95106382978723,0
CUST_01724,70,27.285857142857143,45.54571428571428,0
CUST_01725,61,27.821475409836065,45.56885245901639,0
CUST_01726,72,28.55527777777778,48.67638888888889,0
CUST_01727,56,27.909285714285716,47.78214285714286,0
CUST_01728,66,29.491515151515152,49.374242424242425,0
CUST_01729,71,28.103098591549294,47.55211267605633,0
CUST_01730,66,27.488030303030303,46.23939393939394,0
CUST_01731,76,28.168947368421055,47.76315789473684,0
CUST_01732,74,26.12189189189189,44.325675675675676,0
CUST_01733,78,27.507051282051286,45.78974358974359,0
CUST_01734,71,28.504084507042254,47.91267605633803,0
CUST_01735,79,29.392784810126585,48.66835443037975,0
CUST_01736,77,26.80792207792208,44.46493506493507,0
CUST_01737,80,29.397250000000003,49.9725,0
CUST_01738,73,29.30753424657534,48.88630136986301,0
CUST_01739,69,28.497826086956522,48.14202898550725,0
CUST_01740,68,27.270294117647058,46.89558823529412,0
CUST_01741,74,27.81635135135135,46.66891891891892,0
CUST_01742,59,28.281525423728812,47.764406779661016,0
CUST_01743,68,30.210000000000004,50.81470588235294,0
CUST_01744,62,27.77048387096774,46.59032258064516,0
CUST_01745,58,27.191724137931036,45.043103448275865,0
CUST_01746,71,28.295352112676056,47.43521126760564,0
CUST_01747,56,30.91375,51.75178571428571,0
CUST_01748,72,27.76111111111111,46.43472222222223,0
CUST_01749,55,28.099272727272727,47.68727272727273,0
CUST_01750,68,26.08544117647059,45.35294117647059,0
CUST_01751,71,27.836760563380285,47.17887323943662,0
CUST_01752,67,26.89134328358209,45.87014925373135,0
CUST_01753,80,27.085625,44.67375,0
CUST_01754,68,26.37808823529412,44.379411764705885,0
CUST_01755,67,26.566119402985077,45.44776119402985,0
CUST_01756,67,27.037014925373136,45.56716417910448,0
CUST_01757,71,30.236338028169016,50.66197183098591,0
CUST_01758,70,28.17457142857143,47.75857142857143,0
CUST_01759,69,27.70768115942029,46.80724637681159,0
CUST_01760,78,27.98153846153846,48.3551282051282,0
CUST_01761,64,26.075,43.8359375,0
CUST_01762,55,29.534909090909093,51.06545454545454,0
CUST_01763,67,27.62044776119403,46.19850746268657,0
CUST_01764,79,28.524177215189873,48.41898734177215,0
CUST_01765,78,29.086410256410254,49.37948717948718,0
CUST_01766,68,27.20264705882353,45.73970588235294,0
CUST_01767,70,26.242571428571427,45.31285714285715,0
CUST_01768,89,26.80932584269663,44.708988764044946,0
CUST_01769,74,25.632567567567566,44.182432432432435,0
CUST_01770,62,28.830322580645163,48.36612903225806,0
CUST_01771,65,29.74646153846154,49.62923076923077,0
CUST_01772,77,28.07792207792208,47.861038961038965,0
CUST_01773,79,29.11139240506329,48.91392405063291,0
CUST_01774,76,29.44092105263158,49.46315789473684,0
CUST_01775,69,27.863623188405796,47.76521739130435,0
CUST_01776,57,28.157543859649124,48.794736842105266,0
CUST_01777,64,27.4728125,45.60625,0
CUST_01778,74,28.514864864864865,47.22162162162162,0
CUST_01779,88,30.802386363636366,51.132954545454545,0
CUST_01780,82,27.54378048780488,46.31829268292683,0
CUST_01781,57,29.767719298245613,49.22280701754386,0
CUST_01782,68,29.493676470588234,49.883823529411764,0
CUST_01783,80,30.117874999999998,49.7425,0
CUST_01784,62,28.63048387096774,48.39354838709678,0
CUST_01785,73,26.076712328767123,43.97123287671233,0
CUST_01786,73,28.823972602739726,47.95890410958904,0
CUST_01787,77,29.233766233766232,50.03636363636364,0
CUST_01788,69,29.278840579710145,48.66086956521739,0
CUST_01789,69,28.34072463768116,48.23478260869565,0
CUST_01790,67,27.486268656716415,45.8044776119403,0
CUST_01791,66,28.165757575757578,47.2030303030303,0
CUST_01792,74,28.218918918918916,47.82972972972973,0
CUST_01793,71,27.784084507042255,48.36338028169014,0
CUST_01794,66,29.760757575757577,49.64393939393939,0
CUST_01795,86,28.66186046511628,47.759302325581395,0
CUST_01796,76,26.608815789473685,45.79210526315789,0
CUST_01797,57,27.33859649122807,45.142105263157895,0
CUST_01798,70,27.215285714285713,46.59714285714286,0
CUST_01799,61,29.31016393442623,49.40163934426229,0
CUST_01800,62,27.97258064516129,46.9483870967742,0
CUST_01801,70,28.11,46.92428571428571,0
CUST_01802,64,26.11140625,46.0703125,0
CUST_01803,56,26.162321428571428,44.791071428571435,0
CUST_01804,84,27.388452380952383,46.43571428571428,0
CUST_01805,73,27.108082191780824,45.43698630136986,0
CUST_01806,60,25.687666666666665,42.82833333333333,0
CUST_01807,72,27.559305555555554,47.06111111111111,0
CUST_01808,77,26.03857142857143,43.94935064935065,0
CUST_01809,82,28.423658536585368,47.708536585365856,0
CUST_01810,81,27.449382716049385,47.098765432098766,0
CUST_01811,67,24.756567164179106,41.76417910447761,0
CUST_01812,56,26.919464285714287,45.54821428571428,0
CUST_01813,70,28.354142857142858,48.64857142857143,0
CUST_01814,77,31.851558441558442,54.666233766233766,0
CUST_01815,69,25.683623188405797,43.473913043478255,0
CUST_01816,67,25.89537313432836,43.992537313432834,0
CUST_01817,68,28.793529411764705,48.80588235294118,0
CUST_01818,69,30.39913043478261,50.062318840579714,0
CUST_01819,60,27.740000000000002,46.263333333333335,0
CUST_01820,75,28.718533333333333,47.034666666666666,0
CUST_01821,60,28.740000000000002,48.755,0
CUST_01822,75,28.6952,48.98,0
CUST_01823,78,28.452692307692306,48.37820512820513,0
CUST_01824,80,26.877249999999997,45.910000000000004,0
CUST_01825,66,28.921212121212122,48.871212121212125,0
CUST_01826,92,27.614456521739132,46.800000000000004,0
CUST_01827,86,27.287093023255814,46.69651162790698,0
CUST_01828,62,29.383225806451613,48.917741935483875,0
CUST_01829,68,29.850882352941174,49.455882352941174,0
CUST_01830,76,27.486710526315786,45.848684210526315,0
CUST_01831,78,27.08871794871795,45.97820512820513,0
CUST_01832,69,27.260289855072465,45.42173913043478,0
CUST_01833,71,27.13112676056338,45.667605633802815,0
CUST_01834,67,25.88671641791045,43.635820895522386,0
CUST_01835,63,29.440952380952382,50.831746031746036,0
CUST_01836,78,27.985256410256408,47.223076923076924,0
CUST_01837,61,27.265409836065576,46.247540983606555,0
CUST_01838,75,29.622,49.733333333333334,0
CUST_01839,90,27.301333333333332,45.98555555555556,0
CUST_01840,74,30.767972972972974,51.0554054054054,0
CUST_01841,68,26.505,44.13676470588236,0
CUST_01842,65,27.42753846153846,46.27230769230769,0
CUST_01843,73,28.11123287671233,47.33013698630137,0
CUST_01844,64,26.544687500000002,44.99375,0
CUST_01845,62,29.24451612903226,47.79838709677419,0
CUST_01846,81,29.8379012345679,50.10740740740741,0
CUST_01847,72,28.696805555555557,48.263888888888886,0
CUST_01848,64,25.9940625,43.0921875,0
CUST_01849,86,27.485,46.56511627906977,0
CUST_01850,74,26.26918918918919,44.524324324324326,0
CUST_01851,78,26.548076923076923,44.90128205128205,0
CUST_01852,74,26.83445945945946,45.77837837837838,0
CUST_01853,65,27.904,47.886153846153846,0
CUST_01854,77,28.658311688311688,48.5038961038961,0
CUST_01855,89,25.854943820224722,44.0370786516854,0
CUST_01856,76,27.026710526315792,47.05131578947368,0
CUST_01857,79,28.915822784810125,47.936708860759495,0
CUST_01858,92,26.48478260869565,45.60326086956522,0
CUST_01859,73,25.85890410958904,43.96301369863014,0
CUST_01860,77,27.23025974025974,45.289610389610395,0
CUST_01861,69,29.846231884057968,50.45507246376812,0
CUST_01862,82,26.72073170731707,45.60243902439024,0
CUST_01863,61,28.44,47.09344262295082,0
CUST_01864,58,27.733793103448274,46.77068965517241,0
CUST_01865,75,27.376666666666665,45.99333333333333,0
CUST_01866,55,25.208909090909092,42.336363636363636,0
CUST_01867,62,29.84451612903226,49.648387096774194,0
CUST_01868,74,28.609324324324326,47.33378378378378,0
CUST_01869,58,28.030862068965515,45.7396551724138,0
CUST_01870,55,29.650363636363636,48.838181818181816,0
CUST_01871,56,30.258928571428573,51.142857142857146,0
CUST_01872,57,26.08473684210526,43.53508771929825,0
CUST_01873,86,28.814767441860468,47.64302325581396,0
CUST_01874,67,26.042985074626866,43.96567164179104,0
CUST_01875,63,26.509999999999998,45.214285714285715,0
CUST_01876,55,26.871454545454547,45.28545454545454,0
CUST_01877,58,27.245,45.42068965517242,0
CUST_01878,68,26.73014705882353,45.569117647058825,0
CUST_01879,69,28.23217391304348,46.77391304347826,0
CUST_01880,81,27.009629629629632,44.762962962962966,0
CUST_01881,64,28.53640625,49.5875,0
CUST_01882,64,26.57421875,44.7296875,0
CUST_01883,77,28.124545454545455,47.85454545454546,0
CUST_01884,63,28.616349206349206,48.19365079365079,0
CUST_01885,81,25.055925925925926,42.53333333333333,0
CUST_01886,78,26.766410256410254,45.083333333333336,0
CUST_01887,75,27.934,47.54533333333333,0
CUST_01888,81,28.33432098765432,48.11358024691358,0
CUST_01889,65,25.829230769230772,43.06153846153846,0
CUST_01890,67,25.940298507462686,44.01791044776119,0
CUST_01891,66,27.35333333333333,46.41060606060606,0
CUST_01892,76,27.725263157894734,46.51842105263158,0
CUST_01893,71,29.95887323943662,49.732394366197184,0
CUST_01894,65,29.009076923076922,48.49230769230769,0
CUST_01895,85,28.416588235294117,48.71647058823529,0
CUST_01896,76,27.029736842105265,45.761842105263156,0
CUST_01897,72,27.54611111111111,47.05972222222223,0
CUST_01898,69,29.246666666666666,49.71159420289855,0
CUST_01899,75,27.703866666666666,46.04666666666667,0
CUST_01900,78,29.201923076923077,48.369230769230775,0
CUST_01901,55,26.316727272727274,44.64727272727273,0
CUST_01902,71,29.098732394366202,49.09154929577465,0
CUST_01903,63,24.902380952380952,43.5015873015873,0
CUST_01904,88,28.41409090909091,47.78977272727273,0
CUST_01905,80,27.778250000000003,46.45,0
CUST_01906,64,26.655625,45.6921875,0
CUST_01907,60,25.515,44.2,0
CUST_01908,78,28.198076923076922,46.503846153846155,0
CUST_01909,71,28.14605633802817,47.4112676056338,0
CUST_01910,73,25.193287671232877,43.87945205479452,0
CUST_01911,70,28.918,47.51571428571428,0
CUST_01912,69,28.243188405797103,47.86666666666667,0
CUST_01913,78,27.91346153846154,46.87948717948718,0
CUST_01914,82,26.692926829268295,45.34268292682927,0
CUST_01915,83,29.823734939759035,48.4566265060241,0
CUST_01916,70,28.311,47.10857142857143,0
CUST_01917,77,26.886753246753248,46.03636363636364,0
CUST_01918,69,28.388550724637682,49.03913043478261,0
CUST_01919,66,30.624848484848485,51.79848484848485,0
CUST_01920,85,27.747529411764706,46.33529411764706,0
CUST_01921,72,30.274583333333332,51.41388888888889,0
CUST_01922,60,27.772333333333332,46.083333333333336,0
CUST_01923,75,27.733199999999997,46.90133333333333,0
CUST_01924,77,26.33168831168831,44.9961038961039,0
CUST_01925,70,29.566571428571425,49.505714285714284,0
CUST_01926,79,28.016835443037973,46.77341772151899,0
CUST_01927,78,28.202564102564104,47.42948717948718,0
CUST_01928,75,28.644133333333333,47.855999999999995,0
CUST_01929,69,26.084202898550725,43.80289855072464,0
CUST_01930,86,26.274767441860465,44.08720930232558,0
CUST_01931,62,26.72725806451613,46.41935483870968,0
CUST_01932,61,29.558852459016393,49.470491803278684,0
CUST_01933,62,26.97951612903226,45.9241935483871,0
CUST_01934,74,24.528648648648648,41.26891891891892,0
CUST_01935,69,26.71086956521739,44.59855072463768,0
CUST_01936,84,27.692142857142855,46.94166666666666,0
CUST_01937,64,27.88703125,46.309375,0
CUST_01938,66,27.18136363636364,45.95454545454545,0
CUST_01939,71,27.690281690140846,47.67183098591549,0
CUST_01940,72,29.43902777777778,49.41388888888889,0
CUST_01941,77,26.97805194805195,46.21818181818182,0
CUST_01942,73,28.692876712328765,48.06712328767124,0
CUST_01943,59,28.354237288135593,47.6406779661017,0
CUST_01944,77,27.4425974025974,46.55844155844156,0
CUST_01945,65,28.87676923076923,49.17230769230769,0
CUST_01946,69,28.157536231884055,47.96666666666666,0
CUST_01947,71,29.251267605633807,48.54929577464789,0
CUST_01948,67,26.93164179104478,45.971641791044775,0
CUST_01949,70,28.792142857142856,48.08571428571429,0
CUST_01950,67,26.234925373134327,44.94179104477612,0
CUST_01951,58,29.78741379310345,50.08275862068966,0
CUST_01952,77,28.312857142857144,48.19090909090909,0
CUST_01953,64,26.20296875,43.8078125,0
CUST_01954,58,28.00844827586207,46.21551724137931,0
CUST_01955,55,26.802909090909093,45.61090909090909,0
CUST_01956,76,26.99,45.06315789473685,0
CUST_01957,56,28.837142857142858,49.14107142857143,0
CUST_01958,80,27.89825,46.84625,0
CUST_01959,80,25.889875,43.9075,0
CUST_01960,73,28.20972602739726,48.13835616438356,0
CUST_01961,75,27.4984,45.63466666666667,0
CUST_01962,69,27.62913043478261,47.03333333333334,0
CUST_01963,78,29.262307692307694,49.25,0
CUST_01964,75,28.202266666666667,48.084,0
CUST_01965,68,24.02852941176471,41.502941176470586,0
CUST_01966,66,27.51757575757576,46.38636363636363,0
CUST_01967,70,28.71957142857143,47.27428571428571,0
CUST_01968,77,28.525064935064933,48.39220779220779,0
CUST_01969,54,29.025555555555556,50.038888888888884,0
CUST_01970,70,27.516571428571428,46.511428571428574,0
CUST_01971,78,28.26205128205128,47.53974358974359,0
CUST_01972,68,27.141029411764706,44.92205882352941,0
CUST_01973,80,27.609500000000004,47.39125,0
CUST_01974,62,28.315322580645162,47.975806451612904,0
CUST_01975,61,27.455573770491803,45.60819672131147,0
CUST_01976,88,25.94340909090909,43.23977272727273,0
CUST_01977,78,29.671025641025643,48.65512820512821,0
CUST_01978,81,28.53567901234568,47.60740740740741,0
CUST_01979,71,29.32718309859155,48.72816901408451,0
CUST_01980,83,28.72265060240964,49.24096385542169,0
CUST_01981,73,29.329178082191785,49.323287671232876,0
CUST_01982,82,25.191341463414634,41.91219512195122,0
CUST_01983,78,30.77948717948718,51.14358974358974,0
CUST_01984,65,29.93,48.88923076923077,0
CUST_01985,68,25.329411764705885,43.56911764705882,0
CUST_01986,73,27.215479452054794,46.365753424657534,0
CUST_01987,64,29.33640625,48.175,0
CUST_01988,67,25.619253731343285,43.63134328358209,0
CUST_01989,76,28.264605263157897,47.27894736842105,0
CUST_01990,67,26.185074626865674,45.953731343283586,0
CUST_01991,80,30.618000000000002,51.18,0
CUST_01992,80,27.27925,45.10875,0
CUST_01993,63,28.943968253968254,47.76507936507936,0
CUST_01994,66,30.883484848484848,51.63787878787878,0
CUST_01995,76,27.948421052631577,46.57236842105263,0
CUST_01996,70,28.073285714285717,46.98714285714286,0
CUST_01997,72,26.255277777777778,44.537499999999994,0
CUST_01998,88,25.789545454545454,43.11590909090909,0
CUST_01999,69,28.878695652173914,48.82898550724637,0
CUST_02000,72,26.0575,44.46944444444445,0
CUST_02001,16,30.420625,48.83125,0
CUST_02002,19,25.875263157894736,43.04210526315789,0
CUST_02003,19,24.871052631578948,44.44210526315789,0
CUST_02004,15,25.086,41.68,0
CUST_02005,23,28.104347826086954,46.44782608695652,0
CUST_02006,12,28.96666666666667,49.449999999999996,0
CUST_02007,15,30.139333333333333,51.67333333333333,0
CUST_02008,18,25.480555555555558,43.43888888888889,0
CUST_02009,17,26.365294117647057,44.17058823529412,0
CUST_02010,24,26.595,45.05416666666667,0
CUST_02011,19,28.559473684210527,47.794736842105266,0
CUST_02012,12,23.171666666666667,41.50833333333333,1
CUST_02013,13,23.846923076923076,39.93076923076923,1
CUST_02014,18,29.53277777777778,50.2,0
CUST_02015,17,26.304117647058824,43.699999999999996,0
CUST_02016,15,25.243333333333332,43.34,0
CUST_02017,21,27.200952380952383,47.36190476190476,0
CUST_02018,26,27.236538461538462,45.24615384615385,0
CUST_02019,14,29.055714285714288,49.721428571428575,0
CUST_02020,18,29.166666666666668,50.47222222222222,0
CUST_02021,22,25.774545454545454,43.97272727272727,0
CUST_02022,16,23.210625,40.6375,1
CUST_02023,22,27.722272727272728,46.50909090909091,0
CUST_02024,18,28.87611111111111,50.03888888888889,0
CUST_02025,18,26.061666666666667,43.416666666666664,0
CUST_02026,21,29.32333333333333,49.142857142857146,0
CUST_02027,17,27.24823529411765,44.73529411764706,0
CUST_02028,13,26.013846153846153,43.400000000000006,0
CUST_02029,17,25.162941176470586,43.8235294117647,0
CUST_02030,13,28.87153846153846,49.93076923076923,0
CUST_02031,19,32.07,55.74210526315789,0
CUST_02032,31,29.87516129032258,51.21612903225807,0
CUST_02033,21,29.73952380952381,52.08095238095238,0
CUST_02034,20,28.1185,48.655,0
CUST_02035,18,29.21722222222222,48.87222222222223,0
CUST_02036,17,27.876470588235293,47.10588235294117,0
CUST_02037,19,27.039473684210527,46.33157894736842,0
CUST_02038,17,28.23235294117647,47.699999999999996,0
CUST_02039,19,27.74842105263158,44.72105263157895,0
CUST_02040,11,23.364545454545453,40.22727272727273,1
CUST_02041,18,27.517222222222223,46.71111111111111,0
CUST_02042,13,27.004615384615384,47.98461538461538,0
CUST_02043,18,27.215555555555554,43.68888888888889,0
CUST_02044,14,30.03,49.65714285714286,0
CUST_02045,18,29.671666666666667,49.80555555555556,0
CUST_02046,15,32.998000000000005,54.266666666666666,0
CUST_02047,20,31.117,52.160000000000004,0
CUST_02048,13,29.72846153846154,49.284615384615385,0
CUST_02049,24,27.681250000000002,47.40416666666667,0
CUST_02050,21,26.96952380952381,45.04761904761905,0
CUST_02051,21,27.425238095238093,46.31904761904762,0
CUST_02052,18,30.58611111111111,51.833333333333336,0
CUST_02053,13,27.901538461538465,44.107692307692304,0
CUST_02054,19,27.844210526315788,43.77894736842105,0
CUST_02055,23,28.86086956521739,49.5304347826087,0
CUST_02056,19,28.728947368421053,49.589473684210525,0
CUST_02057,15,26.966,46.72666666666667,0
CUST_02058,15,32.565333333333335,51.29333333333333,0
CUST_02059,9,26.11888888888889,45.56666666666667,0
CUST_02060,14,29.868571428571425,51.67142857142857,0
CUST_02061,16,23.68,39.94375,1
CUST_02062,12,27.810000000000002,47.64166666666667,0
CUST_02063,17,29.143529411764707,49.14705882352941,0
CUST_02064,16,26.8125,43.60625,0
CUST_02065,17,29.06235294117647,47.7235294117647,0
CUST_02066,21,27.73761904761905,48.62857142857143,0
CUST_02067,24,31.84583333333333,54.79583333333333,0
CUST_02068,22,29.80454545454546,49.13636363636363,0
CUST_02069,21,29.14190476190476,47.41428571428572,0
CUST_02070,26,27.40269230769231,45.38076923076923,0
CUST_02071,13,24.936923076923076,42.3,0
CUST_02072,24,29.012083333333333,50.175000000000004,0
CUST_02073,15,25.793999999999997,44.8,0
CUST_02074,19,29.47684210526316,49.52105263157895,0
CUST_02075,19,29.266842105263162,49.705263157894734,0
CUST_02076,20,30.392500000000002,51.75,0
CUST_02077,15,24.968666666666667,44.53333333333333,0
CUST_02078,20,28.782999999999998,49.42,0
CUST_02079,12,32.80916666666667,53.59166666666667,0
CUST_02080,11,25.85,43.49090909090909,0
CUST_02081,23,26.565217391304348,43.45652173913044,0
CUST_02082,10,30.374000000000002,48.75,0
CUST_02083,20,24.6135,42.54,0
CUST_02084,10,27.742,44.72,0
CUST_02085,24,25.305000000000003,42.77916666666667,0
CUST_02086,22,30.319090909090907,51.07272727272727,0
CUST_02087,24,24.394166666666667,41.56666666666667,1
CUST_02088,25,27.4056,45.528,0
CUST_02089,20,30.1495,50.045,0
CUST_02090,18,29.557222222222222,49.733333333333334,0
CUST_02091,15,30.769333333333336,49.193333333333335,0
CUST_02092,20,27.6575,47.755,0
CUST_02093,23,28.966521739130435,49.108695652173914,0
CUST_02094,12,33.26166666666666,54.425000000000004,0
CUST_02095,15,24.255999999999997,40.940000000000005,1
CUST_02096,24,28.870416666666667,48.59583333333333,0
CUST_02097,19,29.878947368421056,51.71052631578947,0
CUST_02098,19,28.42315789473684,48.6578947368421,0
CUST_02099,16,28.063125,46.29375,0
CUST_02100,21,28.526190476190475,47.52857142857143,0
CUST_02101,18,25.633333333333333,43.05555555555556,0
CUST_02102,26,29.700000000000003,51.099999999999994,0
CUST_02103,12,29.965833333333332,51.875,0
CUST_02104,23,32.296521739130434,52.856521739130436,0
CUST_02105,19,27.703684210526315,45.847368421052636,0
CUST_02106,16,25.3975,43.76875,0
CUST_02107,22,29.974090909090908,49.28636363636363,0
CUST_02108,16,30.93125,54.1,0
CUST_02109,21,28.463333333333335,50.266666666666666,0
CUST_02110,19,28.812631578947364,49.421052631578945,0
CUST_02111,20,28.897000000000002,47.86,0
CUST_02112,22,29.330454545454543,50.26818181818182,0
CUST_02113,18,27.35,44.855555555555554,0
CUST_02114,27,26.551111111111112,45.733333333333334,0
CUST_02115,20,26.023500000000002,44.68,0
CUST_02116,24,27.275000000000002,47.23333333333333,0
CUST_02117,7,29.57857142857143,50.45714285714286,0
CUST_02118,17,25.979999999999997,42.55882352941177,0
CUST_02119,26,31.84384615384615,54.0,0
CUST_02120,18,29.13222222222222,51.955555555555556,0
CUST_02121,16,28.995,48.53125,0
CUST_02122,15,31.288,54.10666666666667,0
CUST_02123,18,27.322777777777777,44.394444444444446,0
CUST_02124,18,28.11388888888889,47.43333333333333,0
CUST_02125,19,27.341052631578947,44.16315789473684,0
CUST_02126,14,24.545714285714286,39.892857142857146,1
CUST_02127,16,26.44375,45.10625,0
CUST_02128,22,27.60545454545455,45.54545454545455,0
CUST_02129,21,26.585238095238093,44.733333333333334,0
CUST_02130,20,27.601999999999997,46.825,0
CUST_02131,19,26.658947368421053,45.373684210526314,0
CUST_02132,23,29.87086956521739,49.37826086956522,0
CUST_02133,20,26.345,45.769999999999996,0
CUST_02134,19,28.40105263157895,47.61052631578948,0
CUST_02135,18,28.821666666666665,51.38333333333333,0
CUST_02136,16,25.275,44.1125,0
CUST_02137,18,28.343888888888888,46.544444444444444,0
CUST_02138,16,26.8875,47.4375,0
CUST_02139,20,26.189,45.795,0
CUST_02140,17,29.252352941176472,47.96470588235294,0
CUST_02141,20,27.6755,46.835,0
CUST_02142,17,25.85529411764706,45.9,0
CUST_02143,16,25.1975,44.18125,0
CUST_02144,13,29.736153846153847,50.30769230769231,0
CUST_02145,26,26.645,44.400000000000006,0
CUST_02146,16,26.760625,45.50625,0
CUST_02147,17,29.39764705882353,50.92352941176471,0
CUST_02148,19,27.446315789473687,46.08947368421053,0
CUST_02149,17,29.358235294117645,48.88235294117647,0
CUST_02150,22,29.244545454545456,49.154545454545456,0
CUST_02151,24,25.61,44.61666666666667,0
CUST_02152,22,26.630454545454544,45.95909090909091,0
CUST_02153,32,26.28875,45.728125,0
CUST_02154,19,26.64421052631579,47.468421052631584,0
CUST_02155,16,25.458125,44.1875,0
CUST_02156,19,29.70421052631579,50.95789473684211,0
CUST_02157,12,27.258333333333336,42.78333333333333,0
CUST_02158,19,28.742105263157896,48.28421052631579,0
CUST_02159,18,29.913333333333338,49.77777777777778,0
CUST_02160,18,26.848888888888887,43.733333333333334,0
CUST_02161,18,27.561666666666667,46.516666666666666,0
CUST_02162,18,27.65888888888889,47.51111111111111,0
CUST_02163,20,27.2545,46.89,0
CUST_02164,24,29.108333333333334,48.55833333333334,0
CUST_02165,19,31.721578947368425,52.37894736842105,0
CUST_02166,20,25.7445,43.61,0
CUST_02167,15,22.063333333333333,37.9,1
CUST_02168,21,34.00714285714285,53.41428571428572,0
CUST_02169,10,21.917,37.85,1
CUST_02170,24,28.633750000000003,48.40833333333333,0
CUST_02171,18,32.26166666666667,53.888888888888886,0
CUST_02172,24,24.47875,41.24166666666667,1
CUST_02173,19,27.089473684210528,46.90526315789473,0
CUST_02174,24,24.721666666666668,40.012499999999996,1
CUST_02175,18,28.41888888888889,49.17777777777778,0
CUST_02176,19,30.785789473684208,52.92631578947368,0
CUST_02177,15,27.256666666666668,49.873333333333335,0
CUST_02178,18,24.977777777777774,41.51111111111111,1
CUST_02179,19,32.04684210526316,52.431578947368415,0
CUST_02180,20,23.0235,40.084999999999994,1
CUST_02181,9,26.0,46.52222222222222,0
CUST_02182,24,28.738333333333333,48.9625,0
CUST_02183,12,28.560000000000002,47.225,0
CUST_02184,10,26.153,41.08,0
CUST_02185,23,29.80652173913043,51.08695652173913,0
CUST_02186,12,24.5625,44.1,0
CUST_02187,17,28.329411764705885,45.95882352941176,0
CUST_02188,17,24.209411764705884,40.36470588235294,1
CUST_02189,20,27.258499999999998,47.0,0
CUST_02190,22,28.98136363636364,47.18181818181818,0
CUST_02191,17,28.448823529411765,46.21764705882353,0
CUST_02192,18,27.698888888888888,46.41111111111111,0
CUST_02193,16,27.825625000000002,47.675,0
CUST_02194,23,26.299565217391304,44.21304347826087,0
CUST_02195,17,28.426470588235293,49.61764705882353,0
CUST_02196,20,30.0265,50.614999999999995,0
CUST_02197,14,26.143571428571427,45.25714285714286,0
CUST_02198,23,24.481739130434786,40.52608695652174,1
CUST_02199,11,27.91272727272727,45.89090909090909,0
CUST_02200,16,27.018125,47.54375,0
CUST_02201,29,29.06,47.858620689655176,0
CUST_02202,22,25.722272727272728,45.36363636363637,0
CUST_02203,20,29.648000000000003,48.705,0
CUST_02204,19,30.280526315789476,49.44736842105263,0
CUST_02205,15,27.59333333333333,46.22666666666667,0
CUST_02206,10,35.086,59.42999999999999,0
CUST_02207,17,28.93176470588235,49.11764705882353,0
CUST_02208,19,28.447894736842105,46.147368421052626,0
CUST_02209,19,28.938947368421054,50.6,0
CUST_02210,23,29.65086956521739,48.49565217391305,0
CUST_02211,25,28.8456,48.456,0
CUST_02212,17,28.441764705882353,46.9,0
CUST_02213,15,29.217333333333332,48.980000000000004,0
CUST_02214,17,23.89529411764706,39.17058823529412,1
CUST_02215,24,30.689166666666665,51.50833333333333,0
CUST_02216,24,28.853333333333335,50.6,0
CUST_02217,15,30.39,51.15333333333333,0
CUST_02218,27,29.287407407407407,50.81111111111112,0
CUST_02219,13,26.56230769230769,45.00769230769231,0
CUST_02220,14,27.26142857142857,47.728571428571435,0
CUST_02221,19,22.602631578947367,38.189473684210526,1
CUST_02222,17,26.37,46.35294117647059,0
CUST_02223,21,27.619999999999997,47.07142857142857,0
CUST_02224,29,30.106896551724137,51.713793103448275,0
CUST_02225,11,25.637272727272727,42.790909090909096,0
CUST_02226,18,24.463333333333335,41.96666666666667,1
CUST_02227,17,27.12764705882353,43.92941176470588,0
CUST_02228,17,27.716470588235296,46.33529411764706,0
CUST_02229,18,27.374444444444446,45.53888888888889,0
CUST_02230,23,24.939565217391305,42.482608695652175,0
CUST_02231,17,27.821176470588238,45.93529411764706,0
CUST_02232,19,27.196315789473687,45.32105263157895,0
CUST_02233,22,27.72772727272727,46.93181818181818,0
CUST_02234,12,32.005833333333335,51.03333333333333,0
CUST_02235,15,27.011333333333333,44.026666666666664,0
CUST_02236,16,31.700625000000002,52.75,0
CUST_02237,19,25.589473684210525,43.310526315789474,0
CUST_02238,25,26.022800000000004,43.48,0
CUST_02239,18,28.305555555555557,48.53333333333333,0
CUST_02240,17,27.278823529411767,45.71176470588235,0
CUST_02241,23,28.683913043478263,47.34782608695652,0
CUST_02242,15,25.340666666666667,43.3,0
CUST_02243,20,23.465,40.245,1
CUST_02244,30,29.481333333333332,48.49666666666667,0
CUST_02245,16,29.128125,48.9,0
CUST_02246,15,27.123333333333335,44.63333333333333,0
CUST_02247,15,25.919333333333334,44.04666666666667,0
CUST_02248,16,27.539375,48.45,0
CUST_02249,18,27.732777777777777,47.61666666666667,0
CUST_02250,20,25.676,42.489999999999995,0
CUST_02251,15,31.46333333333333,52.11333333333334,0
CUST_02252,28,28.331071428571427,46.885714285714286,0
CUST_02253,23,28.503478260869567,49.01304347826087,0
CUST_02254,18,27.043333333333333,48.150000000000006,0
CUST_02255,13,27.58076923076923,49.87692307692308,0
CUST_02256,12,30.34,49.208333333333336,0
CUST_02257,15,27.40533333333333,43.233333333333334,0
CUST_02258,17,24.60411764705882,40.629411764705885,1
CUST_02259,20,28.5685,48.675,0
CUST_02260,19,27.20578947368421,44.0,0
CUST_02261,28,33.25535714285714,53.246428571428574,0
CUST_02262,11,31.374545454545455,52.945454545454545,0
CUST_02263,12,27.61916666666667,46.34166666666667,0
CUST_02264,20,30.290499999999998,49.185,0
CUST_02265,28,22.978214285714284,39.25,1
CUST_02266,22,26.415,43.95909090909091,0
CUST_02267,19,22.292105263157897,37.33157894736842,1
CUST_02268,12,26.450833333333335,45.208333333333336,0
CUST_02269,15,33.38,58.059999999999995,0
CUST_02270,14,27.927142857142858,46.99285714285714,0
CUST_02271,20,28.862000000000002,46.989999999999995,0
CUST_02272,18,28.307222222222222,49.71666666666667,0
CUST_02273,15,28.262,47.94666666666667,0
CUST_02274,25,26.792800000000003,45.336000000000006,0
CUST_02275,22,25.64090909090909,43.586363636363636,0
CUST_02276,21,29.142857142857142,47.63333333333333,0
CUST_02277,20,27.110500000000002,45.255,0
CUST_02278,15,25.209999999999997,42.66,0
CUST_02279,16,27.425625,44.75625,0
CUST_02280,22,27.129545454545454,44.56818181818182,0
CUST_02281,18,27.70111111111111,46.94444444444444,0
CUST_02282,18,28.115555555555556,46.76111111111111,0
CUST_02283,19,27.768947368421053,46.76842105263158,0
CUST_02284,18,29.286666666666665,51.43333333333334,0
CUST_02285,15,31.233999999999998,50.54666666666667,0
CUST_02286,21,28.393333333333334,46.37142857142857,0
CUST_02287,28,29.735357142857143,50.917857142857144,0
CUST_02288,19,29.418947368421055,49.99473684210526,0
CUST_02289,22,28.79090909090909,48.13636363636363,0
CUST_02290,19,25.533684210526314,43.73157894736842,0
CUST_02291,17,28.06705882352941,49.22941176470588,0
CUST_02292,20,28.0185,49.205,0
CUST_02293,12,24.33583333333333,40.574999999999996,1
CUST_02294,19,28.061578947368417,47.12105263157895,0
CUST_02295,28,29.13107142857143,48.714285714285715,0
CUST_02296,11,26.70909090909091,42.86363636363637,0
CUST_02297,20,27.459500000000002,45.989999999999995,0
CUST_02298,13,31.191538461538464,51.00769230769231,0
CUST_02299,13,24.441538461538464,42.43846153846154,1
CUST_02300,12,27.205000000000002,48.083333333333336,0
CUST_02301,19,30.882105263157893,52.06315789473684,0
CUST_02302,15,30.587333333333333,54.36666666666667,0
CUST_02303,15,29.839333333333332,51.16,0
CUST_02304,15,23.077333333333332,38.88,1
CUST_02305,16,28.04375,50.5,0
CUST_02306,16,32.6675,53.88125,0
CUST_02307,24,29.41125,49.38333333333333,0
CUST_02308,10,21.32,37.35,1
CUST_02309,23,28.708260869565216,47.77826086956522,0
CUST_02310,19,26.943157894736842,44.58421052631579,0
CUST_02311,19,28.015789473684208,47.26842105263158,0
CUST_02312,13,29.43307692307692,52.900000000000006,0
CUST_02313,24,29.754583333333333,50.2875,0
CUST_02314,15,28.90666666666667,48.35333333333333,0
CUST_02315,19,27.560526315789474,46.03157894736842,0
CUST_02316,24,27.614166666666666,46.74583333333334,0
CUST_02317,15,27.471999999999998,45.12,0
CUST_02318,19,25.027894736842104,41.1,1
CUST_02319,12,31.90416666666667,55.65833333333333,0
CUST_02320,11,23.35272727272727,39.00909090909091,1
CUST_02321,18,25.861666666666665,44.733333333333334,0
CUST_02322,27,29.567777777777774,50.86666666666667,0
CUST_02323,16,26.2275,45.38125,0
CUST_02324,19,32.37052631578947,52.921052631578945,0
CUST_02325,21,26.608571428571427,45.44761904761905,0
CUST_02326,23,27.968260869565217,45.821739130434786,0
CUST_02327,19,30.338421052631578,50.63157894736842,0
CUST_02328,18,25.36277777777778,44.31111111111111,0
CUST_02329,16,26.5675,44.83125,0
CUST_02330,20,24.173000000000002,42.160000000000004,1
CUST_02331,17,24.251176470588234,41.705882352941174,1
CUST_02332,21,26.294285714285717,42.25238095238095,0
CUST_02333,19,23.738947368421055,42.16315789473684,1
CUST_02334,16,28.73375,48.3,0
CUST_02335,19,29.327894736842108,49.93157894736842,0
CUST_02336,18,25.109444444444442,43.81666666666667,0
CUST_02337,24,29.857083333333335,48.175000000000004,0
CUST_02338,26,25.965384615384615,41.95384615384615,0
CUST_02339,22,26.98818181818182,47.92272727272727,0
CUST_02340,13,29.27076923076923,48.96153846153846,0
CUST_02341,20,27.1115,46.655,0
CUST_02342,19,28.29842105263158,44.873684210526314,0
CUST_02343,23,27.43826086956522,47.4304347826087,0
CUST_02344,14,29.783571428571427,52.94285714285714,0
CUST_02345,14,26.25142857142857,43.4,0
CUST_02346,13,24.482307692307693,39.9076923076923,1
CUST_02347,25,28.9868,47.176,0
CUST_02348,14,22.983571428571427,41.49285714285714,1
CUST_02349,22,27.717272727272725,47.01818181818182,0
CUST_02350,15,27.023333333333333,43.733333333333334,0
CUST_02351,12,29.915833333333335,50.13333333333333,0
CUST_02352,27,29.70037037037037,47.82592592592592,0
CUST_02353,21,23.90047619047619,40.69047619047619,1
CUST_02354,22,26.205,45.25454545454546,0
CUST_02355,10,26.188,45.67,0
CUST_02356,26,29.509999999999998,49.91153846153846,0
CUST_02357,16,28.036875,45.3375,0
CUST_02358,26,26.597692307692306,45.00384615384615,0
CUST_02359,17,28.910588235294117,47.16470588235294,0
CUST_02360,17,27.56529411764706,46.7764705882353,0
CUST_02361,16,20.909375,36.1,1
CUST_02362,8,23.05375,38.375,1
CUST_02363,19,27.929999999999996,44.61578947368421,0
CUST_02364,21,27.263333333333332,47.333333333333336,0
CUST_02365,19,28.460526315789473,50.08947368421053,0
CUST_02366,23,31.251304347826085,50.31739130434782,0
CUST_02367,23,26.768695652173914,45.48260869565217,0
CUST_02368,15,34.726,55.72666666666667,0
CUST_02369,19,25.09842105263158,44.83157894736842,0
CUST_02370,17,31.637647058823532,53.26470588235294,0
CUST_02371,19,29.708421052631582,52.026315789473685,0
CUST_02372,20,27.551499999999997,47.875,0
CUST_02373,9,21.827777777777776,39.86666666666667,1
CUST_02374,12,26.046666666666667,43.84166666666667,0
CUST_02375,19,26.506842105263157,44.11578947368421,0
CUST_02376,19,34.489999999999995,56.74210526315789,0
CUST_02377,13,24.548461538461538,40.276923076923076,1
CUST_02378,21,26.39428571428571,43.96666666666666,0
CUST_02379,23,31.289130434782606,50.88260869565217,0
CUST_02380,17,29.370588235294118,48.88823529411765,0
CUST_02381,18,29.047222222222224,49.28333333333333,0
CUST_02382,17,28.777647058823533,48.92941176470588,0
CUST_02383,19,26.556842105263158,44.252631578947366,0
CUST_02384,17,26.603529411764704,44.61764705882353,0
CUST_02385,19,28.092105263157894,46.352631578947374,0
CUST_02386,12,28.41333333333333,50.291666666666664,0
CUST_02387,21,30.705714285714283,50.733333333333334,0
CUST_02388,28,28.708571428571428,48.471428571428575,0
CUST_02389,24,27.895833333333332,46.862500000000004,0
CUST_02390,11,27.074545454545454,44.57272727272727,0
CUST_02391,19,32.09684210526316,54.94736842105263,0
CUST_02392,25,27.8856,47.72,0
CUST_02393,20,31.728499999999997,52.5,0
CUST_02394,23,32.063478260869566,52.96521739130435,0
CUST_02395,19,28.983157894736845,48.026315789473685,0
CUST_02396,21,29.693333333333335,48.81428571428571,0
CUST_02397,16,27.815,49.36875,0
CUST_02398,19,31.393157894736845,52.31578947368421,0
CUST_02399,16,30.01375,49.4625,0
CUST_02400,16,31.560624999999998,50.51875,0
CUST_02401,16,28.54625,47.3,0
CUST_02402,20,29.3585,47.735,0
CUST_02403,16,28.68625,46.35,0
CUST_02404,19,24.931578947368422,41.852631578947374,0
CUST_02405,17,25.87529411764706,42.923529411764704,0
CUST_02406,14,28.617142857142856,46.48571428571428,0
CUST_02407,7,22.052857142857142,36.528571428571425,1
CUST_02408,14,26.365000000000002,44.035714285714285,0
CUST_02409,22,27.241818181818186,47.56363636363637,0
CUST_02410,26,25.864615384615384,44.90384615384615,0
CUST_02411,12,29.088333333333335,47.90833333333333,0
CUST_02412,22,27.50681818181818,47.00454545454545,0
CUST_02413,16,27.758125,48.18125,0
CUST_02414,15,31.151333333333334,53.026666666666664,0
CUST_02415,17,27.613529411764706,46.87647058823529,0
CUST_02416,18,29.192777777777778,51.044444444444444,0
CUST_02417,18,25.64777777777778,42.955555555555556,0
CUST_02418,18,27.573333333333334,45.361111111111114,0
CUST_02419,26,26.47384615384615,45.38076923076923,0
CUST_02420,17,32.91764705882353,54.61764705882353,0
CUST_02421,22,27.39363636363636,46.304545454545455,0
CUST_02422,12,23.939166666666665,40.63333333333333,1
CUST_02423,18,25.592222222222222,44.988888888888894,0
CUST_02424,18,26.070555555555554,43.672222222222224,0
CUST_02425,20,25.7635,43.755,0
CUST_02426,15,25.92733333333333,44.38,0
CUST_02427,15,28.849333333333334,49.55333333333333,0
CUST_02428,19,26.112105263157893,44.11052631578948,0
CUST_02429,17,27.32294117647059,44.9,0
CUST_02430,16,26.69125,47.13125,0
CUST_02431,13,28.35846153846154,46.892307692307696,0
CUST_02432,27,30.335185185185182,50.803703703703704,0
CUST_02433,12,29.38,49.85833333333334,0
CUST_02434,17,26.128823529411765,45.300000000000004,0
CUST_02435,16,30.520625,52.3625,0
CUST_02436,13,23.534615384615385,39.98461538461538,1
CUST_02437,16,30.18375,51.1625,0
CUST_02438,16,27.01375,48.0375,0
CUST_02439,19,28.448421052631577,48.81578947368421,0
CUST_02440,22,31.543636363636367,53.73636363636364,0
CUST_02441,13,27.22153846153846,46.861538461538466,0
CUST_02442,22,28.842272727272725,47.48636363636364,0
CUST_02443,20,27.9315,48.425,0
CUST_02444,15,31.922,53.71333333333334,0
CUST_02445,19,24.20736842105263,40.97894736842105,1
CUST_02446,15,30.532,51.82,0
CUST_02447,23,29.03,47.130434782608695,0
CUST_02448,26,23.01923076923077,39.25769230769231,1
CUST_02449,15,30.605999999999998,50.913333333333334,0
CUST_02450,18,28.450555555555557,48.06666666666667,0
CUST_02451,16,28.315,47.75625,0
CUST_02452,30,30.194666666666667,50.43666666666666,0
CUST_02453,15,25.882,42.666666666666664,0
CUST_02454,23,26.936956521739134,44.482608695652175,0
CUST_02455,13,25.02769230769231,42.05384615384616,0
CUST_02456,19,26.211052631578948,44.9,0
CUST_02457,17,28.116470588235295,48.14705882352941,0
CUST_02458,20,24.058500000000002,39.93,1
CUST_02459,18,28.428888888888892,47.17777777777778,0
CUST_02460,22,24.13,40.61363636363637,1
CUST_02461,30,27.92866666666667,47.03333333333333,0
CUST_02462,15,26.912,48.093333333333334,0
CUST_02463,17,24.007058823529412,39.50588235294118,1
CUST_02464,20,30.502499999999998,49.055,0
CUST_02465,21,25.06857142857143,43.25238095238095,0
CUST_02466,11,26.55454545454545,47.08181818181818,0
CUST_02467,15,26.915333333333333,45.86666666666667,0
CUST_02468,21,23.66761904761905,39.923809523809524,1
CUST_02469,14,27.571428571428573,47.56428571428571,0
CUST_02470,15,30.61733333333333,56.333333333333336,0
CUST_02471,20,26.786,44.655,0
CUST_02472,15,29.028000000000002,47.193333333333335,0
CUST_02473,20,26.2125,45.730000000000004,0
CUST_02474,18,31.212222222222223,50.65555555555555,0
CUST_02475,25,23.9868,40.891999999999996,1
CUST_02476,15,26.46333333333333,48.04,0
CUST_02477,15,27.205333333333332,48.059999999999995,0
CUST_02478,22,25.224545454545456,43.28636363636363,0
CUST_02479,15,27.621333333333332,45.43333333333333,0
CUST_02480,22,25.649545454545454,43.67727272727273,0
CUST_02481,21,27.48,44.7952380952381,0
CUST_02482,23,28.984347826086957,47.626086956521746,0
CUST_02483,23,27.26,48.039130434782614,0
CUST_02484,19,27.29315789473684,47.305263157894736,0
CUST_02485,23,28.57521739130435,49.2695652173913,0
CUST_02486,27,33.06,54.385185185185186,0
CUST_02487,16,31.4325,53.4625,0
CUST_02488,18,27.85666666666667,45.77222222222222,0
CUST_02489,16,30.38625,48.9375,0
CUST_02490,19,28.05263157894737,46.83684210526316,0
CUST_02491,22,25.898636363636363,44.559090909090905,0
CUST_02492,20,26.465500000000002,44.989999999999995,0
CUST_02493,22,28.7,47.98181818181818,0
CUST_02494,16,23.095625,41.1,1
CUST_02495,13,23.983076923076922,39.06923076923077,1
CUST_02496,14,31.45,53.18571428571429,0
CUST_02497,29,26.475172413793103,45.41379310344828,0
CUST_02498,11,23.133636363636363,38.6,1
CUST_02499,23,28.468695652173913,47.64782608695653,0
CUST_02500,22,28.064090909090908,46.46363636363637,0
CUST_02501,13,27.383846153846154,46.29230769230769,0
CUST_02502,16,21.1825,36.41875,1
CUST_02503,16,25.071875000000002,41.95,0
CUST_02504,16,29.409375,49.8,0
CUST_02505,19,24.064736842105265,41.357894736842105,1
CUST_02506,19,28.22578947368421,48.08421052631579,0
CUST_02507,19,27.508421052631576,48.147368421052626,0
CUST_02508,17,28.562941176470588,47.99411764705882,0
CUST_02509,20,23.4725,41.57,1
CUST_02510,21,27.107619047619046,44.55238095238095,0
CUST_02511,18,25.81222222222222,43.32222222222222,0
CUST_02512,14,25.164285714285715,44.44285714285714,0
CUST_02513,13,29.76923076923077,48.73846153846154,0
CUST_02514,14,26.356428571428573,44.214285714285715,0
CUST_02515,22,26.20818181818182,43.08181818181818,0
CUST_02516,20,26.318,45.47,0
CUST_02517,19,27.63736842105263,46.473684210526315,0
CUST_02518,21,30.747142857142858,52.22857142857143,0
CUST_02519,25,28.1704,46.528,0
CUST_02520,21,26.96047619047619,47.48571428571429,0
CUST_02521,18,30.50722222222222,52.94444444444444,0
CUST_02522,17,29.534705882352938,49.77058823529412,0
CUST_02523,18,27.765,48.80555555555556,0
CUST_02524,24,26.674583333333334,44.44166666666666,0
CUST_02525,16,33.503125,55.76875,0
CUST_02526,13,28.275384615384613,48.5,0
CUST_02527,20,27.470499999999998,46.235,0
CUST_02528,12,30.337500000000002,50.34166666666667,0
CUST_02529,16,27.475625,47.9875,0
CUST_02530,12,26.348333333333333,44.85833333333333,0
CUST_02531,21,22.91904761904762,40.78095238095238,1
CUST_02532,22,31.354090909090907,53.34090909090909,0
CUST_02533,28,26.99607142857143,44.96785714285714,0
CUST_02534,17,32.32588235294117,51.98823529411764,0
CUST_02535,17,27.488235294117647,48.57058823529412,0
CUST_02536,20,30.0565,49.67,0
CUST_02537,18,26.61,45.75555555555556,0
CUST_02538,21,24.44333333333333,41.04761904761905,1
CUST_02539,17,28.36,50.88823529411765,0
CUST_02540,22,25.818181818181817,41.940909090909095,0
CUST_02541,20,29.3945,49.714999999999996,0
CUST_02542,20,24.841,41.975,0
CUST_02543,14,27.245714285714286,46.785714285714285,0
CUST_02544,16,29.450625,49.925,0
CUST_02545,17,31.2235294117647,51.94705882352941,0
CUST_02546,9,32.32666666666667,53.2,0
CUST_02547,20,28.028499999999998,46.075,0
CUST_02548,14,31.344285714285714,50.371428571428574,0
CUST_02549,19,26.67105263157895,46.57368421052632,0
CUST_02550,20,24.2485,40.71,1
CUST_02551,25,26.491999999999997,44.672,0
CUST_02552,28,24.460714285714285,43.0,0
CUST_02553,23,26.332608695652173,43.96521739130435,0
CUST_02554,16,26.655625,46.0875,0
CUST_02555,17,27.029411764705884,45.59411764705882,0
CUST_02556,14,24.279285714285717,41.85,1
CUST_02557,8,27.04625,47.9875,0
CUST_02558,14,24.59357142857143,40.878571428571426,1
CUST_02559,22,28.226363636363637,44.89545454545455,0
CUST_02560,14,25.975714285714286,45.58571428571429,0
CUST_02561,17,27.470588235294116,45.741176470588236,0
CUST_02562,13,29.063846153846153,48.54615384615385,0
CUST_02563,9,32.166666666666664,53.71111111111111,0
CUST_02564,19,25.165789473684214,43.97894736842105,0
CUST_02565,14,28.662142857142857,48.5,0
CUST_02566,24,31.094583333333333,53.175000000000004,0
CUST_02567,17,28.668235294117647,48.03529411764706,0
CUST_02568,15,30.971333333333334,54.16,0
CUST_02569,19,29.233157894736838,48.50526315789474,0
CUST_02570,24,24.004166666666666,41.5,1
CUST_02571,28,26.611785714285713,45.357142857142854,0
CUST_02572,27,27.002222222222226,45.34074074074074,0
CUST_02573,22,30.193181818181817,50.42272727272727,0
CUST_02574,20,28.879,48.519999999999996,0
CUST_02575,13,27.432307692307692,47.13076923076923,0
CUST_02576,19,28.28842105263158,50.83157894736842,0
CUST_02577,14,29.892142857142858,50.24285714285714,0
CUST_02578,21,29.73857142857143,51.06666666666667,0
CUST_02579,13,25.244615384615386,44.323076923076925,0
CUST_02580,11,32.03363636363636,54.00909090909091,0
CUST_02581,20,29.732499999999998,50.525,0
CUST_02582,17,31.108235294117648,52.811764705882354,0
CUST_02583,19,28.63526315789474,49.45789473684211,0
CUST_02584,17,26.349999999999998,45.5,0
CUST_02585,23,30.042608695652174,49.41304347826087,0
CUST_02586,17,27.852941176470587,46.01176470588236,0
CUST_02587,25,26.538,45.476000000000006,0
CUST_02588,20,24.9955,43.260000000000005,0
CUST_02589,19,24.049473684210525,41.526315789473685,1
CUST_02590,17,28.39294117647059,49.470588235294116,0
CUST_02591,20,26.971999999999998,46.57,0
CUST_02592,14,28.81357142857143,45.878571428571426,0
CUST_02593,19,27.32526315789474,44.42631578947368,0
CUST_02594,14,26.273571428571426,44.57857142857143,0
CUST_02595,15,24.035999999999998,40.71333333333334,1
CUST_02596,18,25.258888888888887,42.599999999999994,0
CUST_02597,17,26.73235294117647,45.682352941176475,0
CUST_02598,26,28.073076923076922,46.54230769230769,0
CUST_02599,18,29.682222222222222,50.81666666666667,0
CUST_02600,17,30.252941176470586,51.59411764705882,0
CUST_02601,17,23.839411764705883,41.11176470588235,1
CUST_02602,19,26.55315789473684,44.91052631578947,0
CUST_02603,19,30.883684210526315,50.59473684210526,0
CUST_02604,17,27.525882352941178,46.96470588235294,0
CUST_02605,12,30.8625,50.800000000000004,0
CUST_02606,18,24.323333333333334,42.38333333333333,1
CUST_02607,15,34.333333333333336,57.18666666666666,0
CUST_02608,25,31.117199999999997,52.992,0
CUST_02609,12,25.170833333333334,43.958333333333336,0
CUST_02610,21,27.30952380952381,48.2952380952381,0
CUST_02611,16,26.48375,45.825,0
CUST_02612,22,23.429090909090913,39.68636363636364,1
CUST_02613,20,28.112000000000002,47.475,0
CUST_02614,20,29.3645,49.015,0
CUST_02615,16,25.37625,41.98125,0
CUST_02616,13,23.386153846153846,39.184615384615384,1
CUST_02617,15,31.829333333333334,53.53333333333333,0
CUST_02618,16,26.749375,46.45,0
CUST_02619,17,28.087058823529414,51.294117647058826,0
CUST_02620,19,25.94105263157895,45.647368421052626,0
CUST_02621,20,28.779500000000002,47.95,0
CUST_02622,21,28.972380952380952,49.595238095238095,0
CUST_02623,13,30.23076923076923,50.52307692307692,0
CUST_02624,17,27.679411764705883,45.88235294117647,0
CUST_02625,15,28.206666666666667,48.54666666666667,0
CUST_02626,16,33.47125,54.29375,0
CUST_02627,13,26.022307692307695,45.84615384615385,0
CUST_02628,25,23.307199999999998,39.524,1
CUST_02629,25,26.7784,46.98,0
CUST_02630,24,23.28458333333333,39.145833333333336,1
CUST_02631,18,25.134444444444444,43.51111111111111,0
CUST_02632,25,28.6364,48.544,0
CUST_02633,19,32.59315789473684,53.98421052631579,0
CUST_02634,21,25.209047619047617,41.98571428571429,0
CUST_02635,25,27.1508,45.924,0
CUST_02636,25,28.558000000000003,46.448,0
CUST_02637,20,25.874000000000002,44.79,0
CUST_02638,13,25.51923076923077,40.43076923076923,1
CUST_02639,21,25.85238095238095,42.18571428571428,0
CUST_02640,15,30.837333333333333,51.24666666666667,0
CUST_02641,19,26.80894736842105,46.847368421052636,0
CUST_02642,17,30.95941176470588,50.88235294117647,0
CUST_02643,17,30.574117647058824,51.50588235294118,0
CUST_02644,20,27.797000000000004,47.46,0
CUST_02645,16,30.141875,52.1625,0
CUST_02646,19,27.552105263157895,45.1578947368421,0
CUST_02647,18,28.633888888888887,47.96666666666667,0
CUST_02648,20,25.469,42.245,0
CUST_02649,22,25.30090909090909,42.56363636363636,0
CUST_02650,10,33.053000000000004,56.2,0
CUST_02651,18,25.518888888888892,45.22222222222222,0
CUST_02652,22,26.785454545454545,47.61363636363637,0
CUST_02653,12,21.015833333333333,35.75,1
CUST_02654,16,23.658749999999998,40.1125,1
CUST_02655,15,28.644,47.3,0
CUST_02656,20,27.061500000000002,48.505,0
CUST_02657,19,27.754736842105263,46.694736842105264,0
CUST_02658,24,33.1275,53.95416666666667,0
CUST_02659,13,28.19538461538462,48.61538461538461,0
CUST_02660,12,31.8875,52.900000000000006,0
CUST_02661,19,26.27052631578947,43.67368421052631,0
CUST_02662,16,28.85625,48.3125,0
CUST_02663,21,28.20380952380952,47.923809523809524,0
CUST_02664,21,30.079047619047618,52.00952380952381,0
CUST_02665,14,32.22857142857143,53.535714285714285,0
CUST_02666,21,32.477619047619044,54.523809523809526,0
CUST_02667,14,25.004285714285714,42.957142857142856,0
CUST_02668,21,24.549999999999997,42.92857142857143,0
CUST_02669,18,25.09777777777778,42.93333333333333,0
CUST_02670,19,30.439473684210526,51.62105263157895,0
CUST_02671,21,29.606666666666666,51.51428571428571,0
CUST_02672,25,29.17,47.14,0
CUST_02673,19,26.359473684210524,44.95263157894737,0
CUST_02674,15,28.731333333333335,47.0,0
CUST_02675,17,29.248823529411766,51.470588235294116,0
CUST_02676,14,23.951428571428572,40.792857142857144,1
CUST_02677,13,26.200000000000003,44.83846153846154,0
CUST_02678,22,27.57045454545454,46.72727272727273,0
CUST_02679,19,29.15157894736842,47.73157894736842,0
CUST_02680,14,29.087857142857143,49.94285714285714,0
CUST_02681,13,31.763076923076923,55.5923076923077,0
CUST_02682,18,26.12277777777778,45.43888888888889,0
CUST_02683,24,25.789583333333336,43.90833333333333,0
CUST_02684,20,25.648500000000002,42.385000000000005,0
CUST_02685,15,33.23266666666667,52.13333333333333,0
CUST_02686,15,32.010666666666665,52.84666666666667,0
CUST_02687,15,25.980666666666668,42.3,0
CUST_02688,20,31.901999999999997,53.565,0
CUST_02689,17,25.005294117647058,44.51764705882353,0
CUST_02690,20,30.2665,50.3,0
CUST_02691,15,27.174666666666667,48.71333333333334,0
CUST_02692,20,33.905,54.42,0
CUST_02693,20,28.964999999999996,46.975,0
CUST_02694,18,23.87777777777778,41.77777777777778,1
CUST_02695,13,25.720769230769232,45.892307692307696,0
CUST_02696,21,27.815238095238094,45.86190476190476,0
CUST_02697,16,25.374375,43.04375,0
CUST_02698,28,27.576071428571428,48.357142857142854,0
CUST_02699,20,25.7395,44.1,0
CUST_02700,19,27.550526315789476,45.98947368421052,0
CUST_02701,18,26.47666666666667,46.144444444444446,0
CUST_02702,10,29.156,49.589999999999996,0
CUST_02703,19,25.269473684210528,43.11052631578948,0
CUST_02704,24,26.384583333333335,42.1375,0
CUST_02705,18,26.059444444444445,45.544444444444444,0
CUST_02706,23,26.344347826086956,42.82608695652174,0
CUST_02707,13,28.275384615384613,46.51538461538462,0
CUST_02708,19,23.36894736842105,39.800000000000004,1
CUST_02709,15,23.446,41.64666666666667,1
CUST_02710,15,30.646,53.36666666666667,0
CUST_02711,17,28.213529411764707,48.57058823529412,0
CUST_02712,17,31.999411764705883,55.758823529411764,0
CUST_02713,13,26.41,45.29230769230769,0
CUST_02714,30,28.276,45.88333333333333,0
CUST_02715,17,24.868235294117646,41.28823529411765,1
CUST_02716,21,28.302380952380954,50.095238095238095,0
CUST_02717,15,31.119333333333334,51.126666666666665,0
CUST_02718,25,28.9196,49.076,0
CUST_02719,13,27.113076923076925,47.57692307692308,0
CUST_02720,18,23.412777777777777,40.422222222222224,1
CUST_02721,16,28.6875,48.61875,0
CUST_02722,14,24.995,44.24285714285714,0
CUST_02723,21,27.576666666666668,46.18095238095238,0
CUST_02724,17,26.018823529411765,43.53529411764706,0
CUST_02725,21,28.56,47.62857142857143,0
CUST_02726,21,25.256190476190476,43.785714285714285,0
CUST_02727,10,29.852999999999998,53.07000000000001,0
CUST_02728,20,31.108999999999998,52.225,0
CUST_02729,15,25.471999999999998,43.82,0
CUST_02730,26,27.071923076923078,46.75384615384615,0
CUST_02731,12,25.333333333333332,43.5,0
CUST_02732,18,31.11,52.361111111111114,0
CUST_02733,18,26.639444444444443,44.861111111111114,0
CUST_02734,23,27.946521739130436,46.76086956521739,0
CUST_02735,18,28.61444444444444,46.22222222222222,0
CUST_02736,19,26.31578947368421,44.81578947368421,0
CUST_02737,17,24.44470588235294,44.911764705882355,0
CUST_02738,22,27.723636363636363,46.22727272727273,0
CUST_02739,17,29.816470588235294,50.311764705882354,0
CUST_02740,23,27.57521739130435,46.12173913043478,0
CUST_02741,15,26.036,42.766666666666666,0
CUST_02742,17,24.855882352941176,40.423529411764704,1
CUST_02743,14,30.85571428571429,51.964285714285715,0
CUST_02744,15,27.216666666666665,45.333333333333336,0
CUST_02745,22,23.67681818181818,39.92272727272727,1
CUST_02746,21,28.622857142857146,47.24285714285715,0
CUST_02747,15,23.16,39.44666666666667,1
CUST_02748,19,26.353684210526314,44.800000000000004,0
CUST_02749,17,29.46470588235294,49.5,0
CUST_02750,26,29.091538461538462,49.09615384615385,0
CUST_02751,17,31.61,53.56470588235294,0
CUST_02752,13,26.525384615384613,46.48461538461538,0
CUST_02753,14,30.625714285714285,53.69285714285714,0
CUST_02754,27,29.597407407407406,50.092592592592595,0
CUST_02755,18,25.138333333333335,40.34444444444445,1
CUST_02756,19,27.117368421052632,46.242105263157896,0
CUST_02757,24,25.477083333333336,44.887499999999996,0
CUST_02758,17,27.647058823529413,47.32941176470588,0
CUST_02759,18,28.849999999999998,46.233333333333334,0
CUST_02760,14,28.889285714285712,49.17857142857143,0
CUST_02761,21,29.085238095238093,49.400000000000006,0
CUST_02762,21,29.005714285714287,49.333333333333336,0
CUST_02763,17,28.729411764705883,47.705882352941174,0
CUST_02764,23,26.559565217391306,46.49130434782609,0
CUST_02765,16,30.338124999999998,50.9875,0
CUST_02766,13,32.75153846153846,55.58461538461539,0
CUST_02767,22,24.18227272727273,41.268181818181816,1
CUST_02768,13,25.465384615384615,42.400000000000006,0
CUST_02769,20,23.756,40.055,1
CUST_02770,14,28.365714285714287,49.07857142857143,0
CUST_02771,17,28.117058823529412,46.94705882352941,0
CUST_02772,18,25.584444444444443,42.955555555555556,0
CUST_02773,23,31.807826086956524,51.77391304347826,0
CUST_02774,13,31.165384615384614,52.91538461538461,0
CUST_02775,21,27.35571428571429,46.00952380952381,0
CUST_02776,29,28.275862068965516,46.73793103448276,0
CUST_02777,18,26.153888888888886,44.02777777777778,0
CUST_02778,24,26.097916666666666,45.97083333333333,0
CUST_02779,16,28.28375,47.018750000000004,0
CUST_02780,13,29.54153846153846,47.784615384615385,0
CUST_02781,18,28.873333333333335,50.53333333333333,0
CUST_02782,16,31.570625,53.525,0
CUST_02783,13,25.78923076923077,44.49230769230769,0
CUST_02784,11,24.377272727272725,40.690909090909095,1
CUST_02785,16,29.98875,48.65,0
CUST_02786,19,25.948421052631577,44.373684210526314,0
CUST_02787,17,27.394117647058824,48.55882352941177,0
CUST_02788,23,24.882173913043477,42.82173913043478,0
CUST_02789,14,28.41857142857143,47.121428571428574,0
CUST_02790,19,30.037368421052633,52.199999999999996,0
CUST_02791,16,30.822499999999998,50.54375,0
CUST_02792,20,30.8875,52.39,0
CUST_02793,18,31.423333333333332,53.166666666666664,0
CUST_02794,13,23.62153846153846,40.33846153846154,1
CUST_02795,15,27.366,46.89333333333333,0
CUST_02796,14,27.407142857142855,46.65714285714286,0
CUST_02797,14,31.382857142857144,49.75714285714286,0
CUST_02798,29,27.129310344827587,44.88275862068965,0
CUST_02799,15,25.11733333333333,42.973333333333336,0
CUST_02800,21,28.100952380952382,47.73809523809524,0
CUST_02801,21,26.633333333333333,45.69047619047619,0
CUST_02802,13,28.049999999999997,48.49230769230769,0
CUST_02803,14,30.162857142857142,49.857142857142854,0
CUST_02804,14,23.032857142857143,39.0,1
CUST_02805,23,27.424347826086954,47.52173913043478,0
CUST_02806,16,24.244375,40.60625,1
CUST_02807,13,22.086923076923078,38.09230769230769,1
CUST_02808,20,27.445999999999998,47.665,0
CUST_02809,27,29.693333333333335,50.270370370370365,0
CUST_02810,16,28.69625,47.3,0
CUST_02811,18,27.362222222222222,46.77222222222222,0
CUST_02812,29,26.05206896551724,44.01379310344828,0
CUST_02813,27,26.737777777777776,47.37407407407407,0
CUST_02814,15,29.764,50.50666666666667,0
CUST_02815,28,26.385357142857142,43.85,0
CUST_02816,16,23.3275,42.40625,1
CUST_02817,18,31.37111111111111,50.61666666666667,0
CUST_02818,20,26.204,43.87,0
CUST_02819,22,26.80818181818182,45.39090909090909,0
CUST_02820,16,25.590625,43.44375,0
CUST_02821,22,27.173181818181817,46.13636363636363,0
CUST_02822,20,31.526999999999997,52.71,0
CUST_02823,25,27.893600000000003,48.08,0
CUST_02824,24,28.2325,46.5375,0
CUST_02825,3,31.02333333333333,50.9,0
CUST_02826,19,27.46526315789474,44.83684210526316,0
CUST_02827,16,27.143125,46.2,0
CUST_02828,15,28.712,49.986666666666665,0
CUST_02829,23,29.86826086956522,50.3,0
CUST_02830,18,26.03611111111111,43.766666666666666,0
CUST_02831,19,25.68631578947368,43.55789473684211,0
CUST_02832,16,24.84375,42.60625,0
CUST_02833,20,28.8815,48.835,0
CUST_02834,18,27.72611111111111,45.90555555555555,0
CUST_02835,13,27.27,45.146153846153844,0
CUST_02836,17,25.66235294117647,43.63529411764706,0
CUST_02837,16,27.695625,47.10625,0
CUST_02838,16,29.840625,50.793749999999996,0
CUST_02839,27,27.196666666666665,46.770370370370365,0
CUST_02840,23,27.492173913043477,46.839130434782604,0
CUST_02841,19,25.61842105263158,43.96315789473684,0
CUST_02842,17,28.38823529411765,48.04117647058824,0
CUST_02843,17,27.088823529411766,44.694117647058825,0
CUST_02844,16,26.126875,43.99375,0
CUST_02845,31,27.02709677419355,47.24516129032258,0
CUST_02846,22,28.5,48.11363636363637,0
CUST_02847,23,27.907391304347826,46.23478260869565,0
CUST_02848,18,28.96722222222222,48.97222222222222,0
CUST_02849,16,30.60875,52.61875,0
CUST_02850,22,31.12590909090909,53.38181818181818,0
CUST_02851,13,26.666153846153847,47.84615384615385,0
CUST_02852,16,26.8475,44.7875,0
CUST_02853,19,26.004210526315788,45.536842105263155,0
CUST_02854,13,27.427692307692308,48.41538461538461,0
CUST_02855,22,24.35,42.03636363636363,1
CUST_02856,20,29.285000000000004,48.9,0
CUST_02857,13,30.607692307692307,49.86923076923077,0
CUST_02858,16,27.716875,46.99375,0
CUST_02859,23,28.15608695652174,46.08695652173913,0
CUST_02860,18,26.39888888888889,44.794444444444444,0
CUST_02861,20,25.851,43.82,0
CUST_02862,18,28.97222222222222,46.599999999999994,0
CUST_02863,14,28.7,47.378571428571426,0
CUST_02864,13,25.5,43.44615384615384,0
CUST_02865,24,29.325833333333335,50.57083333333333,0
CUST_02866,24,29.820833333333336,47.675000000000004,0
CUST_02867,15,20.206666666666667,33.586666666666666,1
CUST_02868,17,28.24470588235294,48.529411764705884,0
CUST_02869,14,30.454285714285714,51.74285714285714,0
CUST_02870,18,29.703333333333333,51.599999999999994,0
CUST_02871,18,27.489444444444445,47.53333333333333,0
CUST_02872,14,25.33142857142857,42.33571428571429,0
CUST_02873,25,30.0168,49.996,0
CUST_02874,18,28.095,49.23888888888889,0
CUST_02875,16,26.36375,44.5,0
CUST_02876,31,26.62741935483871,44.53225806451613,0
CUST_02877,12,25.12,43.38333333333333,0
CUST_02878,16,23.775,40.88125,1
CUST_02879,15,23.632,41.03333333333333,1
CUST_02880,26,27.055000000000003,45.99615384615385,0
CUST_02881,23,28.003913043478263,45.72608695652174,0
CUST_02882,15,26.658,44.2,0
CUST_02883,15,28.053333333333335,48.78,0
CUST_02884,20,24.525,43.775,0
CUST_02885,18,27.1,45.93888888888889,0
CUST_02886,23,25.960869565217394,42.57826086956521,0
CUST_02887,15,27.915333333333333,46.39333333333333,0
CUST_02888,18,26.323333333333334,44.416666666666664,0
CUST_02889,14,27.372142857142855,46.01428571428572,0
CUST_02890,18,26.46777777777778,45.077777777777776,0
CUST_02891,22,27.35909090909091,43.68636363636364,0
CUST_02892,14,29.76928571428571,49.75714285714286,0
CUST_02893,16,27.302500000000002,45.25625,0
CUST_02894,23,27.76782608695652,48.0,0
CUST_02895,25,26.0856,46.412,0
CUST_02896,15,29.808,49.75333333333333,0
CUST_02897,15,27.83533333333333,46.27333333333333,0
CUST_02898,17,29.401764705882353,49.88235294117647,0
CUST_02899,20,29.441000000000003,48.05,0
CUST_02900,25,26.846799999999998,46.52,0
CUST_02901,19,25.231052631578947,42.95263157894737,0
CUST_02902,18,28.45888888888889,47.138888888888886,0
CUST_02903,27,28.25148148148148,44.96666666666666,0
CUST_02904,21,29.668571428571425,52.333333333333336,0
CUST_02905,19,26.038947368421052,45.794736842105266,0
CUST_02906,23,25.622173913043476,43.21304347826087,0
CUST_02907,18,25.91111111111111,44.888888888888886,0
CUST_02908,25,26.403200000000002,44.56399999999999,0
CUST_02909,19,25.48578947368421,42.205263157894734,0
CUST_02910,17,30.11,50.80588235294118,0
CUST_02911,21,29.213809523809523,49.36666666666667,0
CUST_02912,22,27.251363636363635,48.72727272727273,0
CUST_02913,23,27.64260869565217,46.81739130434782,0
CUST_02914,18,27.211666666666666,45.016666666666666,0
CUST_02915,19,23.926315789473687,39.03684210526316,1
CUST_02916,18,28.253888888888888,48.11666666666667,0
CUST_02917,11,23.483636363636364,40.26363636363636,1
CUST_02918,18,27.019444444444446,43.394444444444446,0
CUST_02919,20,25.226499999999998,40.265,1
CUST_02920,17,26.875882352941176,44.95294117647059,0
CUST_02921,22,27.127272727272725,45.15909090909091,0
CUST_02922,17,31.536470588235293,54.92352941176471,0
CUST_02923,15,26.288,44.166666666666664,0
CUST_02924,7,23.858571428571427,40.84285714285714,1
CUST_02925,21,30.459047619047617,51.96190476190476,0
CUST_02926,19,24.696315789473687,42.73157894736842,0
CUST_02927,16,28.1,47.45,0
CUST_02928,18,26.518888888888892,42.53888888888889,0
CUST_02929,17,31.28058823529412,51.82941176470588,0
CUST_02930,13,29.986153846153847,49.784615384615385,0
CUST_02931,17,27.74470588235294,47.43529411764706,0
CUST_02932,25,30.974,53.832,0
CUST_02933,19,24.397368421052633,41.87894736842105,1
CUST_02934,19,25.532105263157895,42.363157894736844,0
CUST_02935,20,28.549500000000002,47.17,0
CUST_02936,16,26.4225,46.19375,0
CUST_02937,21,27.087142857142855,44.06666666666666,0
CUST_02938,15,27.199333333333335,46.54666666666667,0
CUST_02939,21,25.41095238095238,42.88095238095238,0
CUST_02940,19,28.197894736842105,46.88421052631579,0
CUST_02941,17,25.767058823529414,43.86470588235294,0
CUST_02942,28,25.943214285714284,45.44642857142857,0
CUST_02943,19,28.074210526315788,50.199999999999996,0
CUST_02944,16,25.6375,41.94375,0
CUST_02945,19,28.525263157894738,48.28421052631579,0
CUST_02946,13,26.404615384615383,47.56923076923077,0
CUST_02947,19,27.603157894736842,46.1,0
CUST_02948,16,26.5325,45.4375,0
CUST_02949,15,28.502000000000002,46.64,0
CUST_02950,16,28.256875,47.325,0
CUST_02951,18,24.672222222222224,40.516666666666666,1
CUST_02952,18,29.092777777777776,48.80555555555556,0
CUST_02953,23,27.64869565217391,47.37826086956522,0
CUST_02954,17,23.75764705882353,40.6764705882353,1
CUST_02955,23,25.348260869565216,42.82608695652174,0
CUST_02956,18,24.29111111111111,41.394444444444446,1
CUST_02957,23,25.23652173913044,42.49130434782609,0
CUST_02958,16,28.473125,47.98125,0
CUST_02959,12,29.168333333333333,52.475,0
CUST_02960,19,29.205263157894734,49.6578947368421,0
CUST_02961,19,27.56,45.373684210526314,0
CUST_02962,17,27.73176470588235,48.629411764705885,0
CUST_02963,15,24.684666666666665,41.89333333333333,1
CUST_02964,12,28.671666666666667,46.23333333333333,0
CUST_02965,12,30.769166666666667,50.5,0
CUST_02966,20,27.371,44.44,0
CUST_02967,23,27.996086956521737,48.83043478260869,0
CUST_02968,19,27.606315789473683,44.66842105263158,0
CUST_02969,17,26.86764705882353,44.1,0
CUST_02970,20,29.893,49.43,0
CUST_02971,15,27.632,48.00666666666667,0
CUST_02972,18,30.715555555555554,51.51111111111111,0
CUST_02973,14,25.767857142857142,46.82857142857143,0
CUST_02974,16,29.036875,50.025,0
CUST_02975,18,27.765,47.083333333333336,0
CUST_02976,33,29.438787878787878,50.23030303030303,0
CUST_02977,14,30.572142857142858,50.74285714285714,0
CUST_02978,14,30.022142857142857,48.67142857142857,0
CUST_02979,20,26.862000000000002,44.845,0
CUST_02980,22,26.38181818181818,44.71818181818182,0
CUST_02981,19,30.856842105263155,52.22105263157895,0
CUST_02982,19,27.834736842105265,47.82105263157895,0
CUST_02983,17,25.81235294117647,43.58235294117647,0
CUST_02984,20,21.979,38.019999999999996,1
CUST_02985,19,28.62736842105263,47.857894736842105,0
CUST_02986,20,30.137999999999998,51.529999999999994,0
CUST_02987,20,27.826,46.835,0
CUST_02988,19,28.533684210526314,49.43157894736842,0
CUST_02989,19,27.654736842105265,47.810526315789474,0
CUST_02990,19,29.310526315789474,48.06842105263158,0
CUST_02991,12,29.649166666666662,49.4,0
CUST_02992,12,25.17916666666667,42.55,0
CUST_02993,22,28.165454545454544,47.15909090909091,0
CUST_02994,20,28.226499999999998,49.37,0
CUST_02995,17,28.06529411764706,49.42941176470588,0
CUST_02996,18,25.712222222222223,45.577777777777776,0
CUST_02997,16,29.271875,48.6,0
CUST_02998,15,28.716,47.03333333333333,0
CUST_02999,13,23.91076923076923,42.63076923076923,1
CUST_03000,26,26.81153846153846,46.22692307692308,0
CUST_03001,14,30.569285714285716,50.535714285714285,0
CUST_03002,26,29.734615384615385,49.45384615384615,0
CUST_03003,13,25.49846153846154,43.284615384615385,0
CUST_03004,16,28.68375,47.26875,0
CUST_03005,23,26.316521739130433,43.82173913043478,0
CUST_03006,21,25.0752380952381,42.30952380952381,0
CUST_03007,23,31.66521739130435,53.93478260869565,0
CUST_03008,21,23.66952380952381,41.12857142857143,1
CUST_03009,19,29.17736842105263,48.794736842105266,0
CUST_03010,16,28.626875,45.78125,0
CUST_03011,13,26.663846153846155,45.76923076923077,0
CUST_03012,16,32.979375,53.9,0
CUST_03013,23,27.655217391304344,48.5304347826087,0
CUST_03014,20,24.4205,42.65,1
CUST_03015,19,25.965789473684207,46.22631578947368,0
CUST_03016,24,29.08666666666667,49.06666666666666,0
CUST_03017,18,24.06722222222222,42.416666666666664,1
CUST_03018,18,26.94666666666667,46.71666666666667,0
CUST_03019,26,28.536923076923078,49.065384615384616,0
CUST_03020,9,25.065555555555555,43.27777777777778,0
CUST_03021,20,31.130000000000003,51.355,0
CUST_03022,12,23.61916666666667,42.675000000000004,1
CUST_03023,12,27.022499999999997,43.35833333333333,0
CUST_03024,17,26.718823529411765,44.45882352941176,0
CUST_03025,18,31.790555555555557,50.11666666666667,0
CUST_03026,14,30.56,51.68571428571429,0
CUST_03027,18,26.495555555555555,45.07222222222222,0
CUST_03028,22,29.499545454545455,48.53636363636363,0
CUST_03029,21,27.696666666666665,47.22380952380953,0
CUST_03030,18,23.420555555555556,40.82222222222222,1
CUST_03031,26,24.16423076923077,41.776923076923076,1
CUST_03032,23,25.82086956521739,44.539130434782614,0
CUST_03033,13,26.28538461538462,44.315384615384616,0
CUST_03034,13,28.677692307692308,47.99230769230769,0
CUST_03035,27,24.084814814814813,40.75185185185185,1
CUST_03036,16,30.37875,50.1375,0
CUST_03037,12,27.026666666666667,43.275,0
CUST_03038,13,27.92615384615385,47.74615384615385,0
CUST_03039,18,27.628888888888888,46.08888888888889,0
CUST_03040,17,24.11470588235294,41.19411764705882,1
CUST_03041,18,31.553333333333335,53.55,0
CUST_03042,21,31.620952380952378,51.91904761904762,0
CUST_03043,15,27.819333333333336,45.35333333333333,0
CUST_03044,11,26.12181818181818,44.845454545454544,0
CUST_03045,19,24.99421052631579,41.53684210526316,0
CUST_03046,18,28.841666666666665,50.18333333333333,0
CUST_03047,20,30.892500000000002,50.845,0
CUST_03048,31,28.671935483870968,47.5516129032258,0
CUST_03049,14,27.15142857142857,45.528571428571425,0
CUST_03050,27,28.99851851851852,47.24814814814815,0
CUST_03051,17,25.87235294117647,43.188235294117646,0
CUST_03052,18,29.53888888888889,48.888888888888886,0
CUST_03053,22,29.720909090909092,50.654545454545456,0
CUST_03054,17,26.28,44.970588235294116,0
CUST_03055,26,27.032307692307693,46.95384615384615,0
CUST_03056,22,26.092272727272725,44.83181818181818,0
CUST_03057,9,28.40222222222222,50.111111111111114,0
CUST_03058,18,29.02,47.76111111111111,0
CUST_03059,19,28.031052631578948,47.81578947368421,0
CUST_03060,21,27.65,46.13333333333333,0
CUST_03061,12,26.139166666666668,42.88333333333333,0
CUST_03062,23,27.71217391304348,46.126086956521746,0
CUST_03063,20,26.466,43.325,0
CUST_03064,9,32.605555555555554,54.644444444444446,0
CUST_03065,18,28.08277777777778,45.19444444444444,0
CUST_03066,15,24.786,44.6,0
CUST_03067,11,24.95,40.981818181818184,1
CUST_03068,10,37.160000000000004,59.11,0
CUST_03069,19,27.577894736842108,46.4,0
CUST_03070,31,31.353870967741937,51.13870967741936,0
CUST_03071,12,28.74083333333333,48.90833333333333,0
CUST_03072,24,32.17041666666667,53.37916666666666,0
CUST_03073,17,28.128235294117648,48.05294117647059,0
CUST_03074,10,26.951999999999998,44.08,0
CUST_03075,19,24.993684210526315,41.46842105263158,0
CUST_03076,18,24.369999999999997,42.77222222222222,1
CUST_03077,18,24.327222222222222,40.349999999999994,1
CUST_03078,20,25.3355,43.3,0
CUST_03079,17,26.411176470588234,45.141176470588235,0
CUST_03080,24,29.502916666666668,51.10833333333334,0
CUST_03081,14,25.435,42.41428571428571,0
CUST_03082,21,28.197142857142858,47.87142857142857,0
CUST_03083,9,26.943333333333335,43.01111111111111,0
CUST_03084,13,25.106153846153845,43.08461538461539,0
CUST_03085,16,21.399375,37.3625,1
CUST_03086,15,27.46933333333333,43.626666666666665,0
CUST_03087,19,24.656315789473684,41.91578947368421,1
CUST_03088,14,29.16142857142857,51.378571428571426,0
CUST_03089,9,27.026666666666667,45.077777777777776,0
CUST_03090,20,27.999000000000002,47.53,0
CUST_03091,18,30.38111111111111,50.144444444444446,0
CUST_03092,12,29.0575,48.23333333333333,0
CUST_03093,20,32.2065,57.23,0
CUST_03094,16,27.245625,46.8625,0
CUST_03095,26,27.72230769230769,46.69615384615384,0
CUST_03096,32,31.488125,52.96875,0
CUST_03097,15,29.359333333333332,49.54666666666667,0
CUST_03098,22,27.53227272727273,47.48636363636364,0
CUST_03099,20,26.226,43.61,0
CUST_03100,21,33.892380952380954,56.08571428571428,0
CUST_03101,23,29.63608695652174,49.30869565217391,0
CUST_03102,17,28.999411764705883,50.294117647058826,0
CUST_03103,21,30.350952380952382,54.357142857142854,0
CUST_03104,22,28.189090909090908,48.85909090909092,0
CUST_03105,12,29.879166666666666,49.05833333333333,0
CUST_03106,12,27.8075,48.166666666666664,0
CUST_03107,14,26.729285714285716,43.33571428571429,0
CUST_03108,14,27.11285714285714,44.57857142857143,0
CUST_03109,21,26.022380952380953,42.54761904761905,0
CUST_03110,13,29.97153846153846,47.83846153846154,0
CUST_03111,20,25.024,40.375,1
CUST_03112,12,30.155,50.800000000000004,0
CUST_03113,24,29.32875,49.9,0
CUST_03114,18,27.845555555555556,44.19444444444444,0
CUST_03115,19,25.82263157894737,42.45789473684211,0
CUST_03116,14,24.317857142857143,40.121428571428574,1
CUST_03117,17,25.944117647058825,42.641176470588235,0
CUST_03118,21,25.511904761904763,42.95238095238095,0
CUST_03119,24,28.22375,48.61666666666667,0
CUST_03120,17,24.72529411764706,43.61764705882353,0
CUST_03121,17,29.56705882352941,50.77058823529412,0
CUST_03122,9,27.615555555555556,48.74444444444444,0
CUST_03123,21,31.014285714285712,53.785714285714285,0
CUST_03124,19,29.65684210526316,48.04736842105263,0
CUST_03125,19,25.635263157894737,44.16315789473684,0
CUST_03126,23,28.50913043478261,46.23478260869565,0
CUST_03127,21,27.06238095238095,45.7047619047619,0
CUST_03128,14,24.993571428571432,43.90714285714286,0
CUST_03129,16,26.503125,46.4125,0
CUST_03130,17,27.516470588235293,48.8235294117647,0
CUST_03131,18,32.42388888888889,53.888888888888886,0
CUST_03132,18,26.245555555555555,44.77222222222222,0
CUST_03133,13,30.26153846153846,52.823076923076925,0
CUST_03134,20,27.174,44.795,0
CUST_03135,25,29.372,49.548,0
CUST_03136,16,24.578125,42.74375,0
CUST_03137,19,22.966842105263158,40.199999999999996,1
CUST_03138,13,25.611538461538462,42.73076923076923,0
CUST_03139,17,24.800588235294118,43.794117647058826,0
CUST_03140,19,25.367368421052632,42.747368421052634,0
CUST_03141,20,26.685000000000002,45.55,0
CUST_03142,15,32.142,54.333333333333336,0
CUST_03143,12,25.3075,41.550000000000004,0
CUST_03144,16,26.65625,44.96875,0
CUST_03145,18,27.349444444444444,46.083333333333336,0
CUST_03146,11,25.426363636363636,42.76363636363636,0
CUST_03147,14,24.259999999999998,41.107142857142854,1
CUST_03148,14,25.490714285714287,43.957142857142856,0
CUST_03149,12,28.051666666666666,48.43333333333334,0
CUST_03150,7,31.422857142857143,51.142857142857146,0
CUST_03151,15,31.036,52.78666666666666,0
CUST_03152,13,33.613076923076925,54.49230769230769,0
CUST_03153,19,27.278421052631575,46.82631578947369,0
CUST_03154,16,27.809375,46.425,0
CUST_03155,17,27.46529411764706,47.4,0
CUST_03156,16,27.08625,45.89375,0
CUST_03157,28,28.861785714285713,51.26428571428572,0
CUST_03158,17,30.033529411764704,48.59411764705882,0
CUST_03159,19,26.172631578947367,45.363157894736844,0
CUST_03160,14,26.141428571428573,47.135714285714286,0
CUST_03161,16,30.88625,52.06875,0
CUST_03162,23,27.33521739130435,46.74347826086956,0
CUST_03163,28,29.86642857142857,51.31071428571429,0
CUST_03164,23,28.27478260869565,47.63478260869565,0
CUST_03165,22,25.314090909090908,42.849999999999994,0
CUST_03166,10,24.377,39.08,1
CUST_03167,21,28.611428571428572,47.91428571428572,0
CUST_03168,16,28.838125,48.5625,0
CUST_03169,26,27.918076923076924,47.349999999999994,0
CUST_03170,20,30.96,50.585,0
CUST_03171,19,27.49105263157895,46.50526315789474,0
CUST_03172,16,24.395,40.925,1
CUST_03173,10,30.434000000000005,46.21,0
CUST_03174,17,26.97764705882353,44.300000000000004,0
CUST_03175,14,29.84857142857143,51.550000000000004,0
CUST_03176,20,25.4875,42.714999999999996,0
CUST_03177,22,30.183636363636364,49.76818181818182,0
CUST_03178,23,29.729999999999997,49.082608695652176,0
CUST_03179,18,25.14888888888889,43.855555555555554,0
CUST_03180,29,28.851034482758617,49.106896551724134,0
CUST_03181,12,28.758333333333336,47.10833333333333,0
CUST_03182,20,27.3225,46.230000000000004,0
CUST_03183,12,27.56833333333333,46.11666666666667,0
CUST_03184,26,32.58923076923077,53.61538461538461,0
CUST_03185,20,33.1385,52.32000000000001,0
CUST_03186,19,27.766842105263155,46.46315789473684,0
CUST_03187,21,27.756190476190476,45.128571428571426,0
CUST_03188,15,32.46,57.666666666666664,0
CUST_03189,19,29.71,51.189473684210526,0
CUST_03190,21,24.068571428571428,40.333333333333336,1
CUST_03191,22,25.469090909090912,42.99090909090909,0
CUST_03192,22,29.439545454545453,49.45,0
CUST_03193,17,30.3135294117647,50.61764705882353,0
CUST_03194,24,26.949583333333333,47.37916666666666,0
CUST_03195,10,30.98,49.589999999999996,0
CUST_03196,23,27.94782608695652,46.50434782608695,0
CUST_03197,23,27.71608695652174,46.49565217391305,0
CUST_03198,20,27.139999999999997,44.58,0
CUST_03199,25,30.037599999999998,49.272,0
CUST_03200,14,28.397142857142857,50.59285714285714,0
CUST_03201,15,24.89333333333333,43.266666666666666,0
CUST_03202,16,28.81625,46.325,0
CUST_03203,21,32.30952380952381,55.333333333333336,0
CUST_03204,18,28.503333333333337,46.738888888888894,0
CUST_03205,19,28.025263157894738,47.973684210526315,0
CUST_03206,14,26.169285714285714,43.4,0
CUST_03207,15,29.194666666666667,49.833333333333336,0
CUST_03208,19,25.332631578947368,43.152631578947364,0
CUST_03209,16,29.64,50.61875,0
CUST_03210,20,28.111,47.49,0
CUST_03211,21,25.277142857142856,41.214285714285715,0
CUST_03212,16,26.388125000000002,44.45625,0
CUST_03213,17,27.46294117647059,47.141176470588235,0
CUST_03214,11,23.636363636363637,41.690909090909095,1
CUST_03215,14,28.995,47.800000000000004,0
CUST_03216,26,27.15576923076923,46.95,0
CUST_03217,17,27.22,43.88823529411765,0
CUST_03218,19,28.72631578947368,48.21052631578947,0
CUST_03219,10,28.262999999999998,48.160000000000004,0
CUST_03220,17,27.58058823529412,46.864705882352936,0
CUST_03221,17,28.180588235294117,47.358823529411765,0
CUST_03222,24,26.24416666666667,44.4,0
CUST_03223,22,33.06136363636364,56.01363636363636,0
CUST_03224,21,28.65,47.86666666666667,0
CUST_03225,12,28.150833333333335,49.675000000000004,0
CUST_03226,19,26.80894736842105,46.45263157894737,0
CUST_03227,18,25.73833333333333,45.07222222222222,0
CUST_03228,15,30.691333333333333,49.406666666666666,0
CUST_03229,23,26.19391304347826,43.69130434782608,0
CUST_03230,15,25.441333333333333,43.45333333333333,0
CUST_03231,17,28.232941176470586,48.43529411764706,0
CUST_03232,9,27.565555555555555,46.81111111111111,0
CUST_03233,24,25.857916666666668,42.833333333333336,0
CUST_03234,19,27.06947368421053,44.847368421052636,0
CUST_03235,19,25.878947368421052,43.78947368421053,0
CUST_03236,20,29.5125,49.735,0
CUST_03237,16,26.624375,46.56875,0
CUST_03238,18,29.255555555555556,49.111111111111114,0
CUST_03239,23,25.772608695652174,43.256521739130434,0
CUST_03240,18,28.126666666666665,45.02777777777778,0
CUST_03241,24,26.90416666666667,44.71666666666667,0
CUST_03242,15,27.288,45.34,0
CUST_03243,16,27.176875,45.4375,0
CUST_03244,13,29.234615384615385,49.93846153846154,0
CUST_03245,14,23.148571428571426,38.32857142857143,1
CUST_03246,20,33.212,55.935,0
CUST_03247,16,26.65375,46.6125,0
CUST_03248,20,30.1365,51.489999999999995,0
CUST_03249,19,26.946315789473687,46.747368421052634,0
CUST_03250,23,29.21260869565217,50.839130434782604,0
CUST_03251,16,28.190625,47.59375,0
CUST_03252,14,29.148571428571426,50.885714285714286,0
CUST_03253,17,29.592352941176472,51.10588235294117,0
CUST_03254,21,30.630000000000003,51.61904761904762,0
CUST_03255,16,32.136875,56.85,0
CUST_03256,14,24.595714285714287,43.92142857142857,0
CUST_03257,14,27.398571428571426,45.285714285714285,0
CUST_03258,15,24.991333333333333,42.66,0
CUST_03259,18,29.251666666666665,49.666666666666664,0
CUST_03260,16,27.81125,48.225,0
CUST_03261,15,26.575333333333333,45.64666666666667,0
CUST_03262,20,26.202999999999996,44.230000000000004,0
CUST_03263,15,24.183333333333334,41.9,1
CUST_03264,16,27.058125,45.8,0
CUST_03265,21,28.285238095238096,46.90952380952381,0
CUST_03266,22,23.276818181818182,40.82727272727273,1
CUST_03267,20,29.0685,47.885,0
CUST_03268,18,26.301111111111112,44.22222222222222,0
CUST_03269,30,28.88,48.223333333333336,0
CUST_03270,22,24.698636363636364,43.47272727272727,0
CUST_03271,15,32.525999999999996,53.03333333333333,0
CUST_03272,17,27.179411764705883,46.11176470588235,0
CUST_03273,11,28.216363636363635,44.97272727272727,0
CUST_03274,19,26.213684210526317,44.810526315789474,0
CUST_03275,12,25.632500000000004,44.0,0
CUST_03276,24,28.77916666666667,46.87083333333334,0
CUST_03277,19,30.530526315789476,50.6,0
CUST_03278,21,31.12952380952381,49.50952380952381,0
CUST_03279,24,24.63,42.80833333333334,0
CUST_03280,14,30.22214285714286,50.0,0
CUST_03281,18,26.96611111111111,45.099999999999994,0
CUST_03282,26,27.12923076923077,46.88461538461539,0
CUST_03283,22,28.026363636363634,49.58636363636364,0
CUST_03284,20,30.0935,51.55499999999999,0
CUST_03285,12,27.080833333333334,46.708333333333336,0
CUST_03286,20,27.214,46.0,0
CUST_03287,13,25.35076923076923,42.45384615384615,0
CUST_03288,21,29.555238095238092,51.599999999999994,0
CUST_03289,24,26.021666666666665,42.19583333333333,0
CUST_03290,14,26.97,43.385714285714286,0
CUST_03291,16,29.1375,49.58125,0
CUST_03292,19,28.940526315789473,50.08421052631579,0
CUST_03293,17,30.93823529411765,51.800000000000004,0
CUST_03294,13,30.921538461538464,50.784615384615385,0
CUST_03295,18,31.03388888888889,52.15555555555556,0
CUST_03296,20,27.704,48.595,0
CUST_03297,16,27.766875,47.18125,0
CUST_03298,20,26.7885,46.245,0
CUST_03299,23,24.76086956521739,43.19565217391305,0
CUST_03300,22,32.71636363636364,55.03636363636363,0
CUST_03301,16,24.453125,40.79375,1
CUST_03302,15,25.658,43.55333333333333,0
CUST_03303,14,25.31357142857143,40.878571428571426,1
CUST_03304,19,30.086315789473684,51.04210526315789,0
CUST_03305,16,25.310000000000002,42.1375,0
CUST_03306,22,28.49818181818182,48.10454545454545,0
CUST_03307,18,23.399444444444445,39.672222222222224,1
CUST_03308,15,29.920666666666666,49.666666666666664,0
CUST_03309,14,29.905,51.81428571428571,0
CUST_03310,19,28.24421052631579,48.5,0
CUST_03311,13,25.145384615384614,44.25384615384615,0
CUST_03312,20,26.6995,44.555,0
CUST_03313,22,31.179090909090913,53.15909090909091,0
CUST_03314,20,25.424,41.885000000000005,0
CUST_03315,23,26.135217391304348,44.5304347826087,0
CUST_03316,18,25.288333333333334,42.28333333333333,0
CUST_03317,23,27.70173913043478,46.38260869565217,0
CUST_03318,18,26.35888888888889,43.80555555555556,0
CUST_03319,18,26.494444444444444,44.794444444444444,0
CUST_03320,13,24.931538461538462,41.353846153846156,1
CUST_03321,19,29.099473684210526,49.8421052631579,0
CUST_03322,25,28.0044,47.68,0
CUST_03323,15,26.633333333333333,45.67333333333333,0
CUST_03324,17,30.918823529411764,51.1764705882353,0
CUST_03325,17,32.55823529411765,55.09411764705882,0
CUST_03326,20,26.044,45.57,0
CUST_03327,17,26.168235294117647,43.247058823529414,0
CUST_03328,10,27.969,48.55,0
CUST_03329,22,27.535,49.03636363636363,0
CUST_03330,18,24.03944444444444,40.91111111111111,1
CUST_03331,18,30.23222222222222,51.016666666666666,0
CUST_03332,11,29.416363636363634,48.78181818181818,0
CUST_03333,11,24.96181818181818,42.73636363636364,0
CUST_03334,14,24.294999999999998,42.221428571428575,1
CUST_03335,15,27.104,46.833333333333336,0
CUST_03336,21,28.794285714285717,48.58571428571428,0
CUST_03337,19,28.643684210526317,51.147368421052626,0
CUST_03338,16,27.7325,46.41875,0
CUST_03339,30,29.516000000000002,51.20666666666667,0
CUST_03340,24,28.50791666666667,48.48333333333333,0
CUST_03341,19,28.707894736842107,48.45263157894737,0
CUST_03342,15,30.133333333333333,51.266666666666666,0
CUST_03343,16,29.563125,49.13125,0
CUST_03344,11,23.85545454545455,41.26363636363636,1
CUST_03345,13,26.97307692307692,43.63846153846154,0
CUST_03346,17,25.73764705882353,44.3235294117647,0
CUST_03347,19,27.56421052631579,48.58421052631579,0
CUST_03348,16,27.24875,45.6,0
CUST_03349,15,32.12666666666667,53.49333333333333,0
CUST_03350,15,27.555333333333333,46.77333333333333,0
CUST_03351,27,29.624074074074073,49.81111111111112,0
CUST_03352,9,25.883333333333333,44.52222222222222,0
CUST_03353,12,33.149166666666666,57.63333333333333,0
CUST_03354,16,24.84125,41.68125,1
CUST_03355,17,28.139411764705883,48.17058823529412,0
CUST_03356,29,27.367241379310343,45.79655172413793,0
CUST_03357,8,23.75125,41.2375,1
CUST_03358,15,28.151333333333334,48.45333333333333,0
CUST_03359,20,32.2105,55.64,0
CUST_03360,21,28.954761904761902,49.94285714285714,0
CUST_03361,12,26.86,43.9,0
CUST_03362,18,30.11777777777778,48.93888888888889,0
CUST_03363,19,29.186842105263157,51.01578947368421,0
CUST_03364,19,27.791578947368418,46.373684210526314,0
CUST_03365,17,28.673529411764704,48.17058823529412,0
CUST_03366,27,28.135185185185183,46.548148148148144,0
CUST_03367,18,28.267222222222223,47.02222222222222,0
CUST_03368,15,24.423333333333336,42.88666666666666,1
CUST_03369,13,27.76076923076923,47.30769230769231,0
CUST_03370,24,28.926666666666666,48.1,0
CUST_03371,18,28.86888888888889,49.09444444444444,0
CUST_03372,15,28.291999999999998,49.71333333333334,0
CUST_03373,17,30.28941176470588,50.55882352941177,0
CUST_03374,25,27.4896,46.623999999999995,0
CUST_03375,24,24.52208333333333,41.77916666666667,1
CUST_03376,14,24.812857142857144,42.785714285714285,0
CUST_03377,16,25.095,40.6875,1
CUST_03378,20,28.9415,49.535000000000004,0
CUST_03379,21,27.27809523809524,46.17619047619048,0
CUST_03380,14,27.757857142857144,46.68571428571429,0
CUST_03381,9,30.52444444444445,51.24444444444444,0
CUST_03382,18,30.557222222222222,50.37777777777777,0
CUST_03383,13,22.201538461538462,37.676923076923075,1
CUST_03384,17,29.383529411764705,49.92941176470588,0
CUST_03385,11,32.88181818181818,54.72727272727273,0
CUST_03386,27,30.849629629629632,51.26296296296296,0
CUST_03387,26,24.99153846153846,42.223076923076924,0
CUST_03388,19,25.227894736842103,43.58947368421053,0
CUST_03389,10,29.397000000000002,49.6,0
CUST_03390,16,31.38,52.275,0
CUST_03391,17,28.545294117647057,46.86470588235294,0
CUST_03392,18,31.533333333333335,53.12222222222223,0
CUST_03393,17,22.334117647058825,38.205882352941174,1
CUST_03394,20,25.339000000000002,42.14,0
CUST_03395,16,29.59625,49.4375,0
CUST_03396,26,30.319615384615386,50.315384615384616,0
CUST_03397,16,30.375625,52.31875,0
CUST_03398,12,30.878333333333334,49.73333333333333,0
CUST_03399,19,28.263157894736842,48.373684210526314,0
CUST_03400,19,27.654736842105265,48.05789473684211,0
CUST_03401,15,26.387999999999998,43.54666666666667,0
CUST_03402,27,25.54814814814815,42.3962962962963,0
CUST_03403,21,29.260952380952382,47.68571428571428,0
CUST_03404,14,27.66857142857143,45.128571428571426,0
CUST_03405,15,25.256000000000004,41.36666666666667,0
CUST_03406,17,25.28,42.72352941176471,0
CUST_03407,17,30.389411764705883,50.800000000000004,0
CUST_03408,18,27.322777777777777,45.36666666666667,0
CUST_03409,21,25.15904761904762,43.36666666666667,0
CUST_03410,20,25.431,42.36,0
CUST_03411,19,26.165263157894735,46.21052631578947,0
CUST_03412,19,27.641052631578944,47.1,0
CUST_03413,15,24.076,40.86666666666667,1
CUST_03414,20,25.7395,44.364999999999995,0
CUST_03415,24,29.4275,46.57083333333333,0
CUST_03416,19,28.95631578947368,48.126315789473686,0
CUST_03417,14,28.717142857142857,47.67142857142857,0
CUST_03418,26,30.806923076923077,51.99615384615385,0
CUST_03419,18,25.044444444444444,42.077777777777776,0
CUST_03420,15,24.583333333333332,42.986666666666665,0
CUST_03421,18,30.27111111111111,50.422222222222224,0
CUST_03422,14,27.789285714285715,50.199999999999996,0
CUST_03423,16,29.021875,48.2125,0
CUST_03424,18,27.029999999999998,43.66111111111111,0
CUST_03425,20,26.168,46.505,0
CUST_03426,18,28.134444444444444,48.47777777777778,0
CUST_03427,13,24.91,42.76923076923077,0
CUST_03428,16,27.90625,46.7125,0
CUST_03429,17,27.454705882352943,45.50588235294118,0
CUST_03430,23,30.756086956521738,50.54347826086956,0
CUST_03431,15,27.745333333333335,48.46666666666667,0
CUST_03432,18,31.82,51.95,0
CUST_03433,21,30.563333333333336,50.18095238095238,0
CUST_03434,13,25.69846153846154,42.43076923076923,0
CUST_03435,11,25.55545454545455,41.96363636363637,0
CUST_03436,16,25.656875,43.3,0
CUST_03437,20,27.338,45.22,0
CUST_03438,22,32.972272727272724,53.29545454545455,0
CUST_03439,19,30.428947368421053,48.147368421052626,0
CUST_03440,12,26.248333333333335,47.333333333333336,0
CUST_03441,20,28.838,47.464999999999996,0
CUST_03442,22,26.10545454545455,42.904545454545456,0
CUST_03443,19,27.203684210526315,45.863157894736844,0
CUST_03444,28,28.66857142857143,47.775,0
CUST_03445,16,30.284375,51.7125,0
CUST_03446,13,26.172307692307694,44.08461538461539,0
CUST_03447,18,29.341666666666665,48.97222222222222,0
CUST_03448,25,25.838,44.523999999999994,0
CUST_03449,13,25.11076923076923,41.9076923076923,0
CUST_03450,23,28.39304347826087,46.91304347826087,0
CUST_03451,21,29.469047619047622,48.266666666666666,0
CUST_03452,17,28.831764705882353,49.588235294117645,0
CUST_03453,11,28.503636363636364,50.11818181818182,0
CUST_03454,26,28.605,49.45384615384615,0
CUST_03455,13,26.373076923076926,43.70769230769231,0
CUST_03456,21,32.357142857142854,55.471428571428575,0
CUST_03457,12,23.5275,41.375,1
CUST_03458,16,31.7925,54.55625,0
CUST_03459,18,30.328333333333333,52.76111111111111,0
CUST_03460,19,25.849999999999998,43.06315789473685,0
CUST_03461,19,34.33421052631579,54.415789473684214,0
CUST_03462,26,25.865000000000002,44.26153846153846,0
CUST_03463,22,27.125454545454545,45.64090909090909,0
CUST_03464,11,23.688181818181818,40.61818181818182,1
CUST_03465,16,28.85,47.21875,0
CUST_03466,21,27.070476190476192,45.03809523809524,0
CUST_03467,14,29.197142857142858,51.25,0
CUST_03468,28,26.64107142857143,44.31785714285714,0
CUST_03469,19,28.347368421052632,49.01578947368421,0
CUST_03470,20,26.7435,44.925,0
CUST_03471,18,25.27777777777778,43.92777777777778,0
CUST_03472,20,28.641000000000002,48.35,0
CUST_03473,28,28.8875,49.660714285714285,0
CUST_03474,13,29.160769230769233,50.0923076923077,0
CUST_03475,24,24.96166666666667,41.40833333333333,0
CUST_03476,24,30.11,51.57916666666667,0
CUST_03477,14,28.985714285714288,47.464285714285715,0
CUST_03478,17,25.801764705882352,43.482352941176465,0
CUST_03479,15,31.39333333333333,52.74666666666667,0
CUST_03480,19,32.36052631578948,53.9,0
CUST_03481,20,28.854000000000003,47.975,0
CUST_03482,18,31.557222222222222,52.333333333333336,0
CUST_03483,25,28.2964,47.364,0
CUST_03484,18,26.893333333333334,46.55,0
CUST_03485,12,27.46166666666667,46.05833333333334,0
CUST_03486,12,29.227500000000003,48.541666666666664,0
CUST_03487,22,25.348636363636363,41.13181818181818,0
CUST_03488,15,26.828,45.333333333333336,0
CUST_03489,16,25.749375,42.91875,0
CUST_03490,11,29.484545454545454,50.03636363636363,0
CUST_03491,15,28.488,45.413333333333334,0
CUST_03492,12,23.208333333333332,38.56666666666667,1
CUST_03493,22,30.37,49.95,0
CUST_03494,25,23.576,40.632,1
CUST_03495,17,28.028823529411767,45.67058823529412,0
CUST_03496,25,29.802400000000002,51.14,0
CUST_03497,11,29.900000000000002,52.06363636363637,0
CUST_03498,16,29.051875000000003,49.7,0
CUST_03499,21,28.844761904761906,50.15714285714286,0
CUST_03500,14,29.537857142857142,49.142857142857146,0
CUST_03501,18,23.395555555555557,41.33888888888889,1
CUST_03502,18,28.98,47.638888888888886,0
CUST_03503,19,25.604736842105265,44.136842105263156,0
CUST_03504,17,21.35529411764706,36.26470588235294,1
CUST_03505,19,27.447894736842105,46.95263157894737,0
CUST_03506,21,26.21047619047619,44.26190476190476,0
CUST_03507,14,29.326428571428572,49.17857142857143,0
CUST_03508,23,28.05652173913043,49.30869565217391,0
CUST_03509,21,28.073809523809523,47.59047619047619,0
CUST_03510,17,27.449411764705882,46.61764705882353,0
CUST_03511,17,32.11,53.23529411764706,0
CUST_03512,22,27.066363636363636,45.48636363636364,0
CUST_03513,22,32.394999999999996,53.64545454545455,0
CUST_03514,19,26.518947368421053,45.11052631578948,0
CUST_03515,19,25.64421052631579,42.88421052631579,0
CUST_03516,18,27.574444444444442,46.78333333333333,0
CUST_03517,24,27.773333333333337,48.19166666666666,0
CUST_03518,17,32.90176470588236,54.46470588235294,0
CUST_03519,18,27.621111111111112,48.74444444444444,0
CUST_03520,12,31.006666666666664,51.15833333333333,0
CUST_03521,16,28.278750000000002,46.45,0
CUST_03522,23,27.487391304347828,44.626086956521746,0
CUST_03523,16,29.103125,48.8625,0
CUST_03524,10,28.961000000000002,48.83,0
CUST_03525,12,26.17,43.46666666666667,0
CUST_03526,19,30.98526315789474,52.56842105263158,0
CUST_03527,11,22.563636363636363,40.04545454545455,1
CUST_03528,21,26.53047619047619,43.333333333333336,0
CUST_03529,14,26.75857142857143,46.75714285714286,0
CUST_03530,13,25.193846153846152,43.9076923076923,0
CUST_03531,26,25.176923076923078,42.30384615384616,0
CUST_03532,14,31.146428571428572,49.90714285714286,0
CUST_03533,16,26.62375,46.6875,0
CUST_03534,15,28.506000000000004,48.3,0
CUST_03535,18,29.796666666666667,50.37222222222223,0
CUST_03536,17,27.228823529411763,45.94705882352941,0
CUST_03537,13,24.235384615384614,41.63076923076923,1
CUST_03538,16,28.205000000000002,48.20625,0
CUST_03539,22,32.482727272727274,53.845454545454544,0
CUST_03540,9,25.186666666666667,40.77777777777778,1
CUST_03541,17,22.003529411764706,39.14705882352941,1
CUST_03542,13,27.925384615384612,45.7,0
CUST_03543,17,26.51294117647059,44.90588235294118,0
CUST_03544,15,26.896666666666665,45.9,0
CUST_03545,24,30.010833333333334,49.3375,0
CUST_03546,19,29.97578947368421,48.71052631578947,0
CUST_03547,13,23.70923076923077,41.46923076923077,1
CUST_03548,20,26.653499999999998,46.58,0
CUST_03549,12,31.005,52.48333333333333,0
CUST_03550,23,30.67130434782609,51.321739130434786,0
CUST_03551,15,26.523333333333333,44.53333333333333,0
CUST_03552,16,27.991875,45.6875,0
CUST_03553,20,28.002499999999998,48.894999999999996,0
CUST_03554,16,26.839375,45.8,0
CUST_03555,20,25.618000000000002,42.775,0
CUST_03556,19,29.734210526315792,47.984210526315785,0
CUST_03557,19,27.071052631578947,45.41052631578947,0
CUST_03558,19,30.876315789473683,51.68421052631579,0
CUST_03559,18,29.70111111111111,48.1,0
CUST_03560,16,25.07625,42.5125,0
CUST_03561,13,27.883846153846154,48.01538461538462,0
CUST_03562,16,29.51625,51.1875,0
CUST_03563,26,28.945,47.45384615384615,0
CUST_03564,15,25.580666666666666,44.733333333333334,0
CUST_03565,19,28.457368421052635,47.55263157894737,0
CUST_03566,19,25.33157894736842,42.805263157894736,0
CUST_03567,25,24.78,41.688,0
CUST_03568,13,28.400769230769228,48.41538461538461,0
CUST_03569,19,29.062631578947364,47.99473684210526,0
CUST_03570,21,27.553809523809523,45.58571428571428,0
CUST_03571,26,24.540384615384614,42.56923076923077,0
CUST_03572,29,26.53689655172414,45.148275862068964,0
CUST_03573,28,30.214285714285715,50.246428571428574,0
CUST_03574,20,29.9675,51.07,0
CUST_03575,18,25.925555555555558,44.67777777777778,0
CUST_03576,27,27.25962962962963,45.1,0
CUST_03577,16,24.926875,42.44375,0
CUST_03578,14,31.120714285714286,52.0,0
CUST_03579,19,28.63315789473684,47.56842105263158,0
CUST_03580,13,32.81307692307692,55.08461538461539,0
CUST_03581,18,32.365,53.077777777777776,0
CUST_03582,21,26.846190476190475,46.595238095238095,0
CUST_03583,16,22.990625,39.14375,1
CUST_03584,25,25.4468,43.828,0
CUST_03585,18,28.368333333333332,50.28888888888889,0
CUST_03586,11,31.180000000000003,51.08181818181818,0
CUST_03587,13,28.036153846153844,46.44615384615384,0
CUST_03588,25,27.846799999999998,46.14,0
CUST_03589,7,27.48,48.542857142857144,0
CUST_03590,12,29.070833333333336,49.43333333333334,0
CUST_03591,17,25.119411764705884,42.1764705882353,0
CUST_03592,16,25.98,42.80625,0
CUST_03593,15,31.817333333333334,54.233333333333334,0
CUST_03594,15,24.997333333333334,43.11333333333334,0
CUST_03595,17,31.00529411764706,54.805882352941175,0
CUST_03596,15,30.276666666666664,52.29333333333333,0
CUST_03597,23,25.335652173913044,42.86521739130435,0
CUST_03598,15,22.029999999999998,39.92666666666666,1
CUST_03599,21,29.301904761904762,49.54761904761905,0
CUST_03600,18,27.805555555555557,45.55,0
CUST_03601,17,27.495882352941177,48.04705882352941,0
CUST_03602,20,30.549,51.339999999999996,0
CUST_03603,16,25.058125,42.04375,0
CUST_03604,15,30.530666666666665,52.440000000000005,0
CUST_03605,18,26.89333333333333,46.38333333333333,0
CUST_03606,24,28.566666666666666,46.9375,0
CUST_03607,22,25.83590909090909,42.32727272727273,0
CUST_03608,19,32.380526315789474,54.53684210526316,0
CUST_03609,13,27.654615384615383,49.01538461538462,0
CUST_03610,24,28.6225,48.65,0
CUST_03611,16,26.174375,43.275,0
CUST_03612,15,30.380666666666666,52.45333333333333,0
CUST_03613,16,28.594375,48.65625,0
CUST_03614,29,30.806896551724137,50.699999999999996,0
CUST_03615,14,28.48785714285714,48.971428571428575,0
CUST_03616,22,25.026363636363637,43.97727272727273,0
CUST_03617,12,28.2625,49.59166666666667,0
CUST_03618,17,29.26294117647059,49.55882352941177,0
CUST_03619,21,28.177142857142858,46.70952380952381,0
CUST_03620,17,25.102941176470587,44.317647058823525,0
CUST_03621,19,30.654210526315786,52.91578947368421,0
CUST_03622,21,26.886190476190478,43.68571428571428,0
CUST_03623,7,29.397142857142857,45.05714285714286,0
CUST_03624,17,28.226470588235294,47.51176470588236,0
CUST_03625,19,28.976842105263156,49.294736842105266,0
CUST_03626,13,31.044615384615383,52.38461538461539,0
CUST_03627,19,28.453157894736844,48.27368421052632,0
CUST_03628,20,29.665,49.660000000000004,0
CUST_03629,10,31.357999999999997,48.470000000000006,0
CUST_03630,16,24.9625,43.24375,0
CUST_03631,22,24.775,40.23636363636364,1
CUST_03632,16,27.053125,47.375,0
CUST_03633,19,27.11263157894737,47.77368421052632,0
CUST_03634,11,23.50181818181818,41.018181818181816,1
CUST_03635,16,27.019375,46.13125,0
CUST_03636,12,30.125833333333333,49.15833333333333,0
CUST_03637,22,27.69181818181818,47.31363636363637,0
CUST_03638,21,27.599047619047617,45.63809523809524,0
CUST_03639,19,25.589473684210525,42.800000000000004,0
CUST_03640,13,27.73076923076923,47.04615384615385,0
CUST_03641,19,27.99947368421053,46.93157894736842,0
CUST_03642,12,30.02333333333333,48.38333333333333,0
CUST_03643,19,26.40157894736842,45.26315789473684,0
CUST_03644,7,26.37142857142857,45.042857142857144,0
CUST_03645,16,25.315,42.375,0
CUST_03646,21,31.079047619047618,52.69047619047619,0
CUST_03647,16,25.138749999999998,44.31875,0
CUST_03648,15,28.683333333333334,47.24,0
CUST_03649,16,25.5025,44.84375,0
CUST_03650,23,27.578695652173916,46.29565217391304,0
CUST_03651,16,25.366875,43.31875,0
CUST_03652,19,22.963684210526317,39.026315789473685,1
CUST_03653,18,27.816666666666666,45.07222222222222,0
CUST_03654,17,26.264705882352942,45.358823529411765,0
CUST_03655,23,31.280434782608697,51.0,0
CUST_03656,30,26.015333333333334,44.733333333333334,0
CUST_03657,13,29.45230769230769,48.76923076923077,0
CUST_03658,20,28.292,47.4,0
CUST_03659,20,28.3815,46.480000000000004,0
CUST_03660,20,27.633,47.245,0
CUST_03661,19,23.30578947368421,39.55789473684211,1
CUST_03662,19,32.19315789473684,52.705263157894734,0
CUST_03663,17,27.51,46.07058823529411,0
CUST_03664,17,31.456470588235295,52.96470588235294,0
CUST_03665,19,25.134736842105262,46.26842105263158,0
CUST_03666,25,25.836399999999998,44.472,0
CUST_03667,25,29.7252,50.092,0
CUST_03668,14,28.74142857142857,48.83571428571429,0
CUST_03669,17,35.54470588235294,58.39411764705883,0
CUST_03670,21,27.270476190476188,45.923809523809524,0
CUST_03671,25,26.7348,45.82,0
CUST_03672,15,28.341333333333335,46.28666666666666,0
CUST_03673,18,25.506666666666668,44.333333333333336,0
CUST_03674,20,26.046,44.214999999999996,0
CUST_03675,23,29.05304347826087,50.44782608695652,0
CUST_03676,13,31.01923076923077,50.96923076923077,0
CUST_03677,18,30.407222222222224,51.388888888888886,0
CUST_03678,19,28.22578947368421,44.50526315789474,0
CUST_03679,19,25.622105263157895,45.01052631578948,0
CUST_03680,18,27.894444444444446,47.98333333333333,0
CUST_03681,15,27.694000000000003,46.7,0
CUST_03682,19,27.672631578947367,49.205263157894734,0
CUST_03683,13,21.933846153846154,37.646153846153844,1
CUST_03684,14,27.489285714285717,44.607142857142854,0
CUST_03685,24,29.1075,48.57083333333333,0
CUST_03686,16,26.981875,45.8,0
CUST_03687,22,28.05363636363636,47.06818181818182,0
CUST_03688,15,29.196,47.980000000000004,0
CUST_03689,33,27.32060606060606,45.63939393939393,0
CUST_03690,14,27.271428571428572,44.607142857142854,0
CUST_03691,21,27.433333333333334,45.438095238095244,0
CUST_03692,21,26.551428571428573,44.852380952380955,0
CUST_03693,16,25.12375,42.58125,0
CUST_03694,19,28.340526315789475,47.373684210526314,0
CUST_03695,22,26.95909090909091,46.38181818181818,0
CUST_03696,14,23.990000000000002,43.449999999999996,1
CUST_03697,18,27.396666666666665,44.40555555555555,0
CUST_03698,24,28.321250000000003,47.17083333333333,0
CUST_03699,18,27.271666666666665,47.68333333333333,0
CUST_03700,20,28.9115,47.6,0
CUST_03701,16,29.803125,50.29375,0
CUST_03702,20,28.424,48.045,0
CUST_03703,17,29.580000000000002,50.14705882352941,0
CUST_03704,24,30.152083333333334,52.449999999999996,0
CUST_03705,12,27.326666666666668,45.958333333333336,0
CUST_03706,25,25.4776,43.604,0
CUST_03707,19,28.56,46.67894736842105,0
CUST_03708,22,30.93318181818182,51.18636363636363,0
CUST_03709,25,26.7156,46.111999999999995,0
CUST_03710,18,27.948888888888888,46.37222222222223,0
CUST_03711,19,27.394736842105264,47.51578947368421,0
CUST_03712,21,30.098571428571432,48.34761904761905,0
CUST_03713,20,30.8585,52.425,0
CUST_03714,19,32.86842105263158,54.48421052631579,0
CUST_03715,23,25.670434782608694,44.108695652173914,0
CUST_03716,22,28.450454545454544,48.45454545454545,0
CUST_03717,13,26.908461538461538,46.95384615384615,0
CUST_03718,17,28.14764705882353,48.40588235294118,0
CUST_03719,22,25.210454545454546,43.16818181818182,0
CUST_03720,18,26.674999999999997,44.083333333333336,0
CUST_03721,8,25.305,46.025,0
CUST_03722,17,26.016470588235293,45.15294117647059,0
CUST_03723,14,26.101428571428574,43.021428571428565,0
CUST_03724,18,32.32277777777778,51.388888888888886,0
CUST_03725,19,28.42315789473684,47.57368421052632,0
CUST_03726,17,29.672941176470587,51.7764705882353,0
CUST_03727,15,25.006666666666668,44.15333333333333,0
CUST_03728,15,24.845333333333333,42.36,0
CUST_03729,20,24.8845,43.5,0
CUST_03730,19,29.786842105263162,49.689473684210526,0
CUST_03731,12,34.07,58.56666666666666,0
CUST_03732,21,28.91142857142857,48.09047619047619,0
CUST_03733,16,27.1025,46.65625,0
CUST_03734,14,24.768571428571427,41.05714285714286,1
CUST_03735,16,26.118125,43.19375,0
CUST_03736,23,27.52782608695652,46.08695652173913,0
CUST_03737,16,30.1475,50.6,0
CUST_03738,21,27.74,47.80952380952381,0
CUST_03739,18,23.935555555555553,40.15555555555555,1
CUST_03740,20,27.140500000000003,45.495,0
CUST_03741,20,29.492,49.1,0
CUST_03742,13,28.04769230769231,48.36923076923077,0
CUST_03743,14,28.362857142857145,48.65,0
CUST_03744,12,24.865,42.391666666666666,0
CUST_03745,15,27.558,45.21333333333334,0
CUST_03746,21,28.283333333333335,47.642857142857146,0
CUST_03747,9,25.474444444444444,44.18888888888889,0
CUST_03748,22,27.61909090909091,45.20909090909091,0
CUST_03749,21,26.276190476190475,45.00952380952381,0
CUST_03750,18,30.257777777777775,49.84444444444445,0
CUST_03751,18,28.709999999999997,49.12777777777777,0
CUST_03752,9,24.553333333333335,42.266666666666666,1
CUST_03753,13,24.568461538461538,40.24615384615384,1
CUST_03754,15,25.017999999999997,43.2,0
CUST_03755,19,28.774736842105266,47.98421052631579,0
CUST_03756,20,26.657,43.635000000000005,0
CUST_03757,21,26.78,44.68095238095238,0
CUST_03758,22,28.145000000000003,49.20454545454545,0
CUST_03759,14,27.079285714285714,44.15714285714286,0
CUST_03760,21,26.863809523809522,44.576190476190476,0
CUST_03761,16,31.821875,54.5625,0
CUST_03762,17,30.72176470588235,52.6764705882353,0
CUST_03763,13,29.36076923076923,49.65384615384615,0
CUST_03764,17,26.645294117647058,45.49411764705882,0
CUST_03765,20,25.6515,45.58,0
CUST_03766,20,24.9905,42.935,0
CUST_03767,18,30.033333333333335,51.31666666666667,0
CUST_03768,16,28.85125,48.03125,0
CUST_03769,19,29.484210526315792,48.83684210526316,0
CUST_03770,18,27.454444444444444,44.77222222222222,0
CUST_03771,19,29.492631578947368,49.52105263157895,0
CUST_03772,25,28.6164,50.08,0
CUST_03773,12,28.78,49.50833333333333,0
CUST_03774,16,24.87125,41.43125,1
CUST_03775,22,25.525909090909092,45.03636363636363,0
CUST_03776,17,25.42529411764706,42.65882352941177,0
CUST_03777,10,28.492,47.64,0
CUST_03778,16,27.92125,46.45625,0
CUST_03779,22,29.420454545454547,49.904545454545456,0
CUST_03780,18,28.11777777777778,50.06666666666667,0
CUST_03781,15,28.378,49.64,0
CUST_03782,17,26.016470588235293,44.6764705882353,0
CUST_03783,13,28.06153846153846,50.3,0
CUST_03784,18,26.12333333333333,43.138888888888886,0
CUST_03785,21,27.101904761904763,44.92857142857143,0
CUST_03786,22,28.935454545454544,49.35454545454545,0
CUST_03787,23,31.66304347826087,51.76521739130435,0
CUST_03788,20,29.4005,50.555,0
CUST_03789,19,28.373157894736845,47.88421052631579,0
CUST_03790,14,25.412857142857145,40.76428571428572,0
CUST_03791,17,31.664705882352937,51.87647058823529,0
CUST_03792,14,30.101428571428574,50.75,0
CUST_03793,18,28.97666666666667,48.416666666666664,0
CUST_03794,26,26.722692307692306,45.5,0
CUST_03795,10,32.556,52.44,0
CUST_03796,26,25.87076923076923,42.68846153846154,0
CUST_03797,17,23.36235294117647,38.84117647058823,1
CUST_03798,25,27.9588,46.148,0
CUST_03799,20,24.145500000000002,41.12,1
CUST_03800,14,30.388571428571428,53.25714285714286,0
CUST_03801,16,25.176875,43.725,0
CUST_03802,16,28.19875,46.8875,0
CUST_03803,13,31.14153846153846,50.892307692307696,0
CUST_03804,21,28.43142857142857,46.78095238095238,0
CUST_03805,18,27.20611111111111,45.38333333333333,0
CUST_03806,18,30.912777777777777,49.98888888888889,0
CUST_03807,21,24.10047619047619,41.23809523809524,1
CUST_03808,19,30.611052631578946,53.91052631578947,0
CUST_03809,20,27.746499999999997,46.35,0
CUST_03810,13,28.54,49.98461538461538,0
CUST_03811,19,27.31421052631579,48.247368421052634,0
CUST_03812,19,27.484210526315792,45.59473684210526,0
CUST_03813,11,27.476363636363637,44.39090909090909,0
CUST_03814,24,30.301666666666666,51.38333333333333,0
CUST_03815,17,22.923529411764704,40.10588235294118,1
CUST_03816,16,27.635,46.4625,0
CUST_03817,22,29.20590909090909,51.459090909090904,0
CUST_03818,21,26.827142857142857,43.7952380952381,0
CUST_03819,20,29.682499999999997,47.535000000000004,0
CUST_03820,15,32.25266666666667,52.986666666666665,0
CUST_03821,20,32.218,52.14,0
CUST_03822,17,28.749411764705883,49.55294117647059,0
CUST_03823,23,29.530869565217394,52.50434782608695,0
CUST_03824,27,24.52,43.162962962962965,0
CUST_03825,14,25.62142857142857,42.98571428571428,0
CUST_03826,25,28.314,48.372,0
CUST_03827,17,30.449411764705882,49.758823529411764,0
CUST_03828,20,29.564999999999998,50.519999999999996,0
CUST_03829,17,23.914117647058823,40.48235294117647,1
CUST_03830,16,31.85625,54.10625,0
CUST_03831,10,26.191000000000003,43.519999999999996,0
CUST_03832,11,25.39181818181818,42.77272727272727,0
CUST_03833,19,29.81578947368421,50.38421052631579,0
CUST_03834,22,25.127272727272725,43.61363636363637,0
CUST_03835,12,22.993333333333336,41.00833333333333,1
CUST_03836,16,32.456875,54.0,0
CUST_03837,17,28.93,47.04705882352941,0
CUST_03838,17,31.858235294117648,50.911764705882355,0
CUST_03839,20,25.676499999999997,43.995,0
CUST_03840,25,28.5956,46.76,0
CUST_03841,25,23.8232,41.42,1
CUST_03842,24,27.08875,47.229166666666664,0
CUST_03843,14,30.669285714285714,51.43571428571429,0
CUST_03844,19,29.601052631578952,47.421052631578945,0
CUST_03845,9,30.27111111111111,54.355555555555554,0
CUST_03846,22,28.00090909090909,48.690909090909095,0
CUST_03847,21,22.77952380952381,39.214285714285715,1
CUST_03848,19,31.600526315789473,52.76315789473684,0
CUST_03849,27,30.06074074074074,50.92222222222222,0
CUST_03850,11,29.468181818181815,49.154545454545456,0
CUST_03851,17,26.882941176470588,44.82941176470588,0
CUST_03852,25,24.5944,42.04,1
CUST_03853,10,34.9,58.61,0
CUST_03854,21,27.64714285714286,48.476190476190474,0
CUST_03855,23,28.368695652173916,47.36086956521739,0
CUST_03856,16,27.769375,47.00625,0
CUST_03857,17,29.282941176470587,49.17058823529412,0
CUST_03858,12,25.189166666666665,43.34166666666667,0
CUST_03859,15,29.504666666666665,49.89333333333333,0
CUST_03860,24,26.176666666666666,47.27916666666667,0
CUST_03861,16,26.768125,44.7125,0
CUST_03862,20,28.346999999999998,48.675,0
CUST_03863,19,25.414210526315788,42.689473684210526,0
CUST_03864,25,29.2756,51.288000000000004,0
CUST_03865,17,25.392352941176473,45.64705882352941,0
CUST_03866,18,27.83277777777778,46.53333333333333,0
CUST_03867,12,29.155833333333334,48.14166666666667,0
CUST_03868,16,29.7125,50.40625,0
CUST_03869,17,29.674705882352942,49.1,0
CUST_03870,12,26.143333333333334,45.050000000000004,0
CUST_03871,21,25.484761904761903,41.523809523809526,0
CUST_03872,21,29.384761904761906,48.52857142857143,0
CUST_03873,29,26.727241379310346,44.93793103448276,0
CUST_03874,17,25.54647058823529,45.09411764705882,0
CUST_03875,13,21.987692307692306,38.62307692307692,1
CUST_03876,19,28.70263157894737,47.80526315789474,0
CUST_03877,20,25.228,43.114999999999995,0
CUST_03878,23,27.58869565217391,47.460869565217386,0
CUST_03879,17,30.053529411764707,48.73529411764706,0
CUST_03880,15,24.512666666666668,41.82,1
CUST_03881,22,23.85727272727273,41.96818181818182,1
CUST_03882,13,34.88153846153846,55.91538461538461,0
CUST_03883,19,25.192631578947367,42.1578947368421,0
CUST_03884,13,26.043846153846154,45.00769230769231,0
CUST_03885,14,26.945,46.792857142857144,0
CUST_03886,25,24.741999999999997,42.036,0
CUST_03887,18,28.904444444444444,49.016666666666666,0
CUST_03888,12,33.155833333333334,53.975,0
CUST_03889,14,26.201428571428572,43.12857142857143,0
CUST_03890,12,27.030833333333334,43.4,0
CUST_03891,23,26.803478260869564,45.7304347826087,0
CUST_03892,16,29.77625,49.8,0
CUST_03893,16,31.496875,54.26875,0
CUST_03894,8,29.61,48.35,0
CUST_03895,24,28.756249999999998,49.26666666666667,0
CUST_03896,17,26.894705882352945,44.588235294117645,0
CUST_03897,20,22.8175,38.87,1
CUST_03898,16,32.651875,54.88125,0
CUST_03899,23,26.29,44.539130434782614,0
CUST_03900,25,30.633200000000002,50.93600000000001,0
CUST_03901,14,29.16357142857143,49.08571428571429,0
CUST_03902,13,31.24769230769231,55.723076923076924,0
CUST_03903,17,31.373529411764707,52.26470588235294,0
CUST_03904,21,29.771904761904764,51.10476190476191,0
CUST_03905,13,24.02846153846154,45.30769230769231,0
CUST_03906,19,22.777368421052632,39.136842105263156,1
CUST_03907,21,27.032380952380954,45.98095238095238,0
CUST_03908,25,28.8412,51.20399999999999,0
CUST_03909,13,28.24076923076923,46.49230769230769,0
CUST_03910,26,24.354615384615386,42.93076923076923,0
CUST_03911,8,29.41375,50.4,0
CUST_03912,20,26.283499999999997,44.705,0
CUST_03913,8,35.683749999999996,58.5875,0
CUST_03914,20,22.759,40.675,1
CUST_03915,15,27.97533333333333,49.486666666666665,0
CUST_03916,18,27.655555555555555,44.94444444444444,0
CUST_03917,19,29.633684210526315,50.51578947368421,0
CUST_03918,17,27.353529411764704,45.65882352941177,0
CUST_03919,23,24.32782608695652,41.313043478260866,1
CUST_03920,12,22.0725,36.983333333333334,1
CUST_03921,14,26.802857142857142,46.778571428571425,0
CUST_03922,22,26.314999999999998,43.940909090909095,0
CUST_03923,19,27.275263157894738,46.53157894736842,0
CUST_03924,19,26.178947368421053,47.94736842105263,0
CUST_03925,22,27.904545454545453,47.00454545454545,0
CUST_03926,25,23.8908,41.528,1
CUST_03927,20,26.5765,45.805,0
CUST_03928,19,28.13736842105263,46.60526315789474,0
CUST_03929,16,30.63625,49.9125,0
CUST_03930,21,25.418095238095237,42.95238095238095,0
CUST_03931,18,26.645,45.93888888888889,0
CUST_03932,16,28.63375,49.74375,0
CUST_03933,18,29.590555555555554,50.95,0
CUST_03934,18,24.135555555555555,41.5,1
CUST_03935,16,25.290625000000002,43.8625,0
CUST_03936,20,28.5015,48.885000000000005,0
CUST_03937,17,28.948823529411765,48.28823529411765,0
CUST_03938,22,30.636363636363637,52.654545454545456,0
CUST_03939,25,28.2656,49.332,0
CUST_03940,19,28.28263157894737,46.95789473684211,0
CUST_03941,16,22.528125,40.075,1
CUST_03942,14,27.939285714285713,45.707142857142856,0
CUST_03943,13,34.237692307692306,56.823076923076925,0
CUST_03944,20,29.817500000000003,48.83,0
CUST_03945,17,30.184117647058823,49.53529411764706,0
CUST_03946,15,30.034666666666666,48.193333333333335,0
CUST_03947,24,28.558333333333334,47.17916666666667,0
CUST_03948,18,31.715555555555554,52.97222222222222,0
CUST_03949,20,28.051,48.92,0
CUST_03950,15,22.317999999999998,38.093333333333334,1
CUST_03951,22,25.461363636363636,41.86818181818182,0
CUST_03952,19,29.1021052631579,49.43157894736842,0
CUST_03953,22,26.593636363636367,44.981818181818184,0
CUST_03954,16,27.453125,46.081250000000004,0
CUST_03955,14,29.43642857142857,46.85,0
CUST_03956,21,25.1,43.57142857142857,0
CUST_03957,19,28.87842105263158,47.810526315789474,0
CUST_03958,21,29.57857142857143,49.01428571428571,0
CUST_03959,23,27.54608695652174,45.52173913043478,0
CUST_03960,18,28.400555555555556,46.06111111111111,0
CUST_03961,7,30.562857142857144,50.7,0
CUST_03962,17,27.20764705882353,47.69411764705882,0
CUST_03963,11,34.45818181818182,55.63636363636363,0
CUST_03964,13,31.588461538461537,53.47692307692308,0
CUST_03965,21,31.43857142857143,52.62380952380952,0
CUST_03966,14,28.09142857142857,46.300000000000004,0
CUST_03967,24,30.20958333333333,50.89166666666667,0
CUST_03968,24,27.79875,46.37083333333334,0
CUST_03969,18,26.807222222222222,44.24444444444444,0
CUST_03970,16,29.11375,48.45,0
CUST_03971,18,26.16611111111111,45.87222222222223,0
CUST_03972,14,25.805,45.52142857142858,0
CUST_03973,17,24.28235294117647,41.2764705882353,1
CUST_03974,15,28.687333333333335,47.986666666666665,0
CUST_03975,15,29.974666666666668,50.553333333333335,0
CUST_03976,16,24.866875,40.43125,1
CUST_03977,25,28.7656,48.516000000000005,0
CUST_03978,18,31.407222222222224,52.47777777777778,0
CUST_03979,21,30.16,50.5047619047619,0
CUST_03980,14,28.312142857142856,47.4,0
CUST_03981,16,28.87875,47.2875,0
CUST_03982,21,30.436666666666664,49.07619047619047,0
CUST_03983,11,25.08,42.154545454545456,0
CUST_03984,16,31.14875,50.225,0
CUST_03985,16,27.186875,43.55,0
CUST_03986,17,26.236470588235292,44.84117647058824,0
CUST_03987,20,29.083999999999996,50.5,0
CUST_03988,20,26.333999999999996,46.14,0
CUST_03989,19,30.766315789473687,50.973684210526315,0
CUST_03990,7,31.59857142857143,50.67142857142857,0
CUST_03991,21,25.360952380952384,41.2047619047619,0
CUST_03992,19,26.307368421052633,44.305263157894736,0
CUST_03993,18,28.40277777777778,48.31111111111111,0
CUST_03994,15,36.595333333333336,60.906666666666666,0
CUST_03995,15,33.278666666666666,53.18,0
CUST_03996,21,27.017619047619046,44.81428571428572,0
CUST_03997,23,31.645652173913046,52.59130434782608,0
CUST_03998,15,28.172666666666668,45.74666666666667,0
CUST_03999,23,28.381304347826084,48.09130434782608,0
CUST_04000,19,29.533684210526314,51.23157894736842,0
CUST_04001,14,27.327142857142857,45.23571428571428,0
CUST_04002,13,24.62923076923077,41.69230769230769,1
CUST_04003,24,28.547083333333333,47.824999999999996,0
CUST_04004,16,28.09125,45.675,0
CUST_04005,17,22.107647058823527,38.976470588235294,1
CUST_04006,14,31.02285714285714,51.25,0
CUST_04007,18,23.049444444444443,40.25,1
CUST_04008,21,27.39095238095238,45.67142857142857,0
CUST_04009,25,26.6668,45.708,0
CUST_04010,12,26.234166666666667,44.541666666666664,0
CUST_04011,9,25.925555555555558,44.611111111111114,0
CUST_04012,21,28.564761904761905,47.68095238095238,0
CUST_04013,19,24.296842105263156,40.49473684210526,1
CUST_04014,14,28.37857142857143,50.68571428571429,0
CUST_04015,15,23.910666666666664,43.9,1
CUST_04016,19,26.408947368421053,45.82631578947369,0
CUST_04017,19,27.072105263157894,45.11052631578948,0
CUST_04018,20,26.749000000000002,44.660000000000004,0
CUST_04019,21,30.46761904761905,50.409523809523805,0
CUST_04020,19,29.766842105263162,50.352631578947374,0
CUST_04021,17,25.717058823529413,43.04117647058824,0
CUST_04022,19,25.469473684210527,43.96315789473684,0
CUST_04023,28,27.452142857142857,46.55714285714286,0
CUST_04024,15,27.516666666666666,47.54,0
CUST_04025,16,30.888125,51.75625,0
CUST_04026,21,28.054285714285715,47.885714285714286,0
CUST_04027,22,28.190454545454546,48.559090909090905,0
CUST_04028,18,27.533333333333335,47.3,0
CUST_04029,25,25.9036,44.856,0
CUST_04030,20,28.3495,49.105000000000004,0
CUST_04031,10,22.051,39.5,1
CUST_04032,23,25.376956521739128,42.243478260869566,0
CUST_04033,15,24.158,41.72,1
CUST_04034,15,23.414,38.22,1
CUST_04035,21,23.84714285714286,39.90952380952381,1
CUST_04036,12,24.37,41.19166666666667,1
CUST_04037,20,25.146,41.894999999999996,0
CUST_04038,10,27.729000000000003,45.510000000000005,0
CUST_04039,18,27.70111111111111,50.11666666666667,0
CUST_04040,18,25.012222222222224,43.99444444444444,0
CUST_04041,17,27.83058823529412,46.970588235294116,0
CUST_04042,17,30.510588235294115,49.858823529411765,0
CUST_04043,16,34.346875,55.825,0
CUST_04044,28,29.262857142857143,48.65714285714286,0
CUST_04045,16,24.539375,40.54375,1
CUST_04046,16,27.475625,48.0375,0
CUST_04047,22,25.300454545454546,44.268181818181816,0
CUST_04048,25,24.1712,42.43600000000001,1
CUST_04049,17,28.483529411764707,47.811764705882354,0
CUST_04050,20,30.512999999999998,53.239999999999995,0
CUST_04051,17,28.753529411764706,48.28823529411765,0
CUST_04052,29,27.54,46.56896551724138,0
CUST_04053,12,26.416666666666668,46.85,0
CUST_04054,16,25.809375,41.3875,0
CUST_04055,19,30.13315789473684,48.04736842105263,0
CUST_04056,12,28.814999999999998,47.34166666666667,0
CUST_04057,14,28.8,50.48571428571428,0
CUST_04058,29,27.01551724137931,45.706896551724135,0
CUST_04059,18,25.247777777777777,43.17777777777778,0
CUST_04060,20,28.419,46.260000000000005,0
CUST_04061,12,30.08,51.925000000000004,0
CUST_04062,16,24.925625,41.64375,1
CUST_04063,20,30.051499999999997,49.0,0
CUST_04064,21,31.384761904761906,52.07142857142857,0
CUST_04065,19,24.915263157894735,40.96842105263158,1
CUST_04066,18,27.45388888888889,48.16111111111111,0
CUST_04067,16,29.4175,50.25,0
CUST_04068,15,25.52466666666667,42.84666666666667,0
CUST_04069,22,26.455454545454543,44.57272727272727,0
CUST_04070,26,28.828461538461536,48.58461538461539,0
CUST_04071,15,26.082,43.473333333333336,0
CUST_04072,17,32.71411764705882,53.76470588235294,0
CUST_04073,16,23.383125,41.14375,1
CUST_04074,16,26.963124999999998,46.5,0
CUST_04075,20,29.292,47.839999999999996,0
CUST_04076,15,28.929333333333332,48.440000000000005,0
CUST_04077,18,30.242222222222225,51.083333333333336,0
CUST_04078,17,25.558235294117647,43.588235294117645,0
CUST_04079,15,28.188,48.24,0
CUST_04080,15,25.45133333333333,43.46,0
CUST_04081,12,26.784166666666668,44.050000000000004,0
CUST_04082,21,29.617619047619048,49.57142857142857,0
CUST_04083,19,30.531052631578948,52.01578947368421,0
CUST_04084,19,22.488421052631576,37.5,1
CUST_04085,21,25.952380952380953,42.65238095238095,0
CUST_04086,22,27.723181818181818,46.300000000000004,0
CUST_04087,16,27.73375,46.35,0
CUST_04088,24,28.440416666666664,47.00416666666666,0
CUST_04089,15,31.813333333333333,53.57333333333334,0
CUST_04090,17,24.918823529411764,41.9,0
CUST_04091,21,27.448571428571427,47.4,0
CUST_04092,11,26.71,44.93636363636364,0
CUST_04093,18,28.253333333333334,49.16111111111111,0
CUST_04094,13,25.57,44.86923076923077,0
CUST_04095,18,30.089444444444446,51.29444444444445,0
CUST_04096,17,27.534705882352938,47.129411764705885,0
CUST_04097,14,27.198571428571427,45.81428571428571,0
CUST_04098,10,29.097,48.45,0
CUST_04099,22,26.052272727272726,44.84090909090909,0
CUST_04100,18,25.224444444444444,44.75,0
CUST_04101,15,26.957333333333334,44.233333333333334,0
CUST_04102,24,25.94458333333333,44.11666666666667,0
CUST_04103,16,24.559375,40.9375,1
CUST_04104,20,25.958,44.1,0
CUST_04105,22,26.63181818181818,43.690909090909095,0
CUST_04106,21,26.064285714285717,43.404761904761905,0
CUST_04107,16,28.00625,48.68125,0
CUST_04108,12,29.650000000000002,54.46666666666667,0
CUST_04109,15,27.468666666666667,43.519999999999996,0
CUST_04110,22,24.820909090909087,43.43181818181818,0
CUST_04111,13,27.552307692307693,47.138461538461534,0
CUST_04112,20,24.915,41.57,1
CUST_04113,19,30.013684210526314,49.33157894736842,0
CUST_04114,19,29.52421052631579,50.16315789473684,0
CUST_04115,19,27.14842105263158,45.147368421052626,0
CUST_04116,17,30.769411764705886,51.46470588235294,0
CUST_04117,29,23.75172413793103,40.11034482758621,1
CUST_04118,19,29.908947368421053,48.23684210526316,0
CUST_04119,21,27.13380952380952,46.095238095238095,0
CUST_04120,22,26.02227272727273,43.68636363636364,0
CUST_04121,20,27.256999999999998,46.114999999999995,0
CUST_04122,22,31.687727272727273,53.459090909090904,0
CUST_04123,15,28.88266666666667,49.193333333333335,0
CUST_04124,22,26.072727272727274,43.690909090909095,0
CUST_04125,22,28.179090909090913,48.81818181818182,0
CUST_04126,14,27.907142857142855,47.021428571428565,0
CUST_04127,16,23.565,42.325,1
CUST_04128,18,30.26166666666667,50.45,0
CUST_04129,16,20.66375,35.75625,1
CUST_04130,21,30.19142857142857,50.11904761904762,0
CUST_04131,27,29.655925925925928,50.60740740740741,0
CUST_04132,12,26.22666666666667,43.26666666666667,0
CUST_04133,13,30.083076923076923,48.4076923076923,0
CUST_04134,12,25.246666666666666,42.358333333333334,0
CUST_04135,19,30.924210526315793,51.136842105263156,0
CUST_04136,14,29.75142857142857,48.550000000000004,0
CUST_04137,18,30.50333333333333,51.0611111111111,0
CUST_04138,21,27.18904761904762,44.93333333333334,0
CUST_04139,21,28.398095238095237,47.923809523809524,0
CUST_04140,16,26.641250000000003,44.675,0
CUST_04141,20,29.156,50.72,0
CUST_04142,26,29.759999999999998,50.56923076923077,0
CUST_04143,19,26.133684210526315,43.86842105263158,0
CUST_04144,22,28.422272727272727,48.95454545454545,0
CUST_04145,24,25.412916666666664,42.95416666666667,0
CUST_04146,13,26.096923076923076,43.25384615384615,0
CUST_04147,18,29.345000000000002,49.43888888888889,0
CUST_04148,27,27.495185185185186,46.15555555555556,0
CUST_04149,26,27.311923076923076,46.892307692307696,0
CUST_04150,18,25.67888888888889,43.78333333333333,0
CUST_04151,15,26.572,43.86,0
CUST_04152,28,28.286785714285713,46.642857142857146,0
CUST_04153,12,25.5425,46.675000000000004,0
CUST_04154,21,24.75,43.24285714285715,0
CUST_04155,21,29.570476190476192,47.70952380952381,0
CUST_04156,13,28.283846153846152,48.38461538461539,0
CUST_04157,10,27.314999999999998,47.79,0
CUST_04158,26,27.417307692307695,47.0,0
CUST_04159,17,26.29764705882353,44.858823529411765,0
CUST_04160,11,28.921818181818182,48.59090909090909,0
CUST_04161,17,27.14588235294118,47.78235294117648,0
CUST_04162,20,28.7,47.18,0
CUST_04163,18,26.771666666666665,43.705555555555556,0
CUST_04164,17,28.44058823529412,45.04705882352941,0
CUST_04165,16,27.593125,46.625,0
CUST_04166,12,27.581666666666667,47.00833333333333,0
CUST_04167,27,23.822592592592596,40.974074074074075,1
CUST_04168,22,29.88590909090909,51.61363636363637,0
CUST_04169,24,28.569999999999997,48.43333333333334,0
CUST_04170,18,25.169444444444444,41.12222222222223,0
CUST_04171,17,28.205882352941178,46.66470588235294,0
CUST_04172,20,28.180500000000002,47.37,0
CUST_04173,19,23.44421052631579,38.82105263157895,1
CUST_04174,17,28.011176470588236,46.84117647058823,0
CUST_04175,16,27.1675,46.1,0
CUST_04176,18,29.268888888888892,50.24444444444444,0
CUST_04177,18,22.82611111111111,38.93888888888889,1
CUST_04178,9,32.85666666666667,54.24444444444444,0
CUST_04179,16,26.576875,43.75,0
CUST_04180,16,33.2625,53.75,0
CUST_04181,11,25.25818181818182,46.154545454545456,0
CUST_04182,11,29.19545454545454,52.127272727272725,0
CUST_04183,17,31.524117647058823,51.57058823529412,0
CUST_04184,20,25.3805,42.864999999999995,0
CUST_04185,18,32.395,52.90555555555555,0
CUST_04186,22,24.364545454545453,40.74090909090909,1
CUST_04187,23,29.98695652173913,51.856521739130436,0
CUST_04188,17,27.429411764705883,47.65882352941177,0
CUST_04189,20,25.967000000000002,45.5,0
CUST_04190,18,28.024444444444445,46.93888888888889,0
CUST_04191,14,31.020714285714288,53.00714285714286,0
CUST_04192,22,26.266363636363636,44.27272727272727,0
CUST_04193,14,29.516428571428573,52.34285714285714,0
CUST_04194,23,28.401739130434784,50.57826086956521,0
CUST_04195,16,25.34375,43.86875,0
CUST_04196,19,27.374736842105264,48.026315789473685,0
CUST_04197,14,26.261428571428574,44.75714285714286,0
CUST_04198,11,31.508181818181814,50.872727272727275,0
CUST_04199,22,23.758636363636366,42.21818181818182,1
CUST_04200,18,26.096666666666668,42.18888888888889,0
CUST_04201,17,31.43058823529412,51.758823529411764,0
CUST_04202,24,28.813333333333333,48.07916666666667,0
CUST_04203,23,23.4704347826087,39.72608695652174,1
CUST_04204,22,27.206363636363633,46.05,0
CUST_04205,23,26.890434782608697,47.539130434782614,0
CUST_04206,20,32.3305,52.33,0
CUST_04207,14,26.369285714285716,46.857142857142854,0
CUST_04208,23,30.123043478260872,50.30869565217391,0
CUST_04209,11,26.061818181818182,42.77272727272727,0
CUST_04210,19,27.526842105263157,49.05263157894737,0
CUST_04211,16,25.7075,45.9875,0
CUST_04212,16,29.5575,48.41875,0
CUST_04213,21,23.66,39.80952380952381,1
CUST_04214,14,27.948571428571427,44.31428571428571,0
CUST_04215,20,32.172000000000004,54.15,0
CUST_04216,19,28.07315789473684,47.83684210526316,0
CUST_04217,13,24.31230769230769,41.776923076923076,1
CUST_04218,20,29.578500000000002,49.589999999999996,0
CUST_04219,22,25.48818181818182,43.46363636363637,0
CUST_04220,23,26.625217391304346,45.52608695652174,0
CUST_04221,29,26.356896551724137,44.62758620689655,0
CUST_04222,10,26.799,42.69,0
CUST_04223,25,29.134,48.443999999999996,0
CUST_04224,18,30.991666666666667,54.75,0
CUST_04225,9,33.20222222222222,54.05555555555556,0
CUST_04226,14,27.080714285714286,46.57857142857143,0
CUST_04227,23,30.94695652173913,51.61304347826086,0
CUST_04228,21,24.32,42.32380952380952,1
CUST_04229,27,29.545185185185186,49.370370370370374,0
CUST_04230,16,28.688125,47.175,0
CUST_04231,30,28.071,45.68333333333333,0
CUST_04232,14,22.63357142857143,38.535714285714285,1
CUST_04233,13,28.173076923076923,50.146153846153844,0
CUST_04234,23,25.940434782608694,43.01304347826087,0
CUST_04235,13,27.951538461538462,47.43846153846154,0
CUST_04236,15,28.41,46.419999999999995,0
CUST_04237,22,23.91818181818182,42.07272727272727,1
CUST_04238,17,25.283529411764704,45.44705882352941,0
CUST_04239,16,27.001875,48.0875,0
CUST_04240,13,28.866923076923076,48.93846153846154,0
CUST_04241,23,27.950869565217392,48.50869565217391,0
CUST_04242,19,29.285789473684215,50.49473684210526,0
CUST_04243,19,23.88105263157895,41.94210526315789,1
CUST_04244,22,25.55090909090909,42.981818181818184,0
CUST_04245,21,33.70333333333333,55.909523809523805,0
CUST_04246,14,31.81642857142857,53.028571428571425,0
CUST_04247,18,29.482222222222227,48.955555555555556,0
CUST_04248,14,30.763571428571428,50.464285714285715,0
CUST_04249,23,29.574347826086957,48.29565217391304,0
CUST_04250,20,29.0565,50.31,0
CUST_04251,17,25.891176470588235,44.16470588235295,0
CUST_04252,24,27.09958333333333,44.487500000000004,0
CUST_04253,15,26.630666666666666,46.126666666666665,0
CUST_04254,20,26.985500000000002,45.71,0
CUST_04255,24,28.9075,47.84166666666667,0
CUST_04256,18,25.532777777777778,41.25555555555556,0
CUST_04257,24,27.212500000000002,44.57083333333333,0
CUST_04258,13,30.808461538461536,51.12307692307692,0
CUST_04259,17,27.831764705882353,47.19411764705882,0
CUST_04260,19,26.44578947368421,44.28947368421053,0
CUST_04261,19,32.86421052631579,53.50526315789474,0
CUST_04262,19,20.72,35.55789473684211,1
CUST_04263,21,26.978571428571428,47.39523809523809,0
CUST_04264,19,27.781578947368423,45.72105263157895,0
CUST_04265,32,29.930625,49.525,0
CUST_04266,16,30.605625,50.69375,0
CUST_04267,18,31.855,53.644444444444446,0
CUST_04268,17,28.95058823529412,47.2235294117647,0
CUST_04269,18,26.501666666666665,44.71666666666667,0
CUST_04270,16,22.359375,38.6,1
CUST_04271,24,26.116666666666664,43.60833333333333,0
CUST_04272,17,28.09470588235294,45.42352941176471,0
CUST_04273,21,24.625714285714285,41.21904761904762,1
CUST_04274,18,26.68888888888889,44.99444444444444,0
CUST_04275,17,27.205882352941178,46.84117647058823,0
CUST_04276,21,28.03047619047619,48.54761904761905,0
CUST_04277,16,27.9325,47.58125,0
CUST_04278,20,26.214499999999997,44.555,0
CUST_04279,17,28.30705882352941,47.22941176470588,0
CUST_04280,20,33.357,55.42,0
CUST_04281,13,26.84307692307692,48.638461538461534,0
CUST_04282,18,28.729444444444443,47.016666666666666,0
CUST_04283,24,26.5975,45.125,0
CUST_04284,17,31.85,55.4,0
CUST_04285,17,28.758235294117647,47.92941176470588,0
CUST_04286,27,27.0,45.2037037037037,0
CUST_04287,17,25.47764705882353,42.51764705882353,0
CUST_04288,12,21.986666666666668,38.324999999999996,1
CUST_04289,18,25.673333333333332,42.78333333333333,0
CUST_04290,22,26.465,45.72727272727273,0
CUST_04291,15,25.735333333333333,44.29333333333333,0
CUST_04292,21,26.294761904761906,45.98571428571429,0
CUST_04293,24,31.444583333333338,52.1625,0
CUST_04294,11,27.216363636363635,46.018181818181816,0
CUST_04295,17,29.521176470588237,49.88235294117647,0
CUST_04296,20,26.0905,42.36,0
CUST_04297,12,28.9675,49.85833333333333,0
CUST_04298,31,28.06032258064516,47.28064516129032,0
CUST_04299,25,29.387199999999996,49.284,0
CUST_04300,19,27.58421052631579,45.757894736842104,0
CUST_04301,19,25.772105263157897,42.421052631578945,0
CUST_04302,21,31.087142857142858,51.9952380952381,0
CUST_04303,16,26.013749999999998,42.9,0
CUST_04304,20,32.477,52.83,0
CUST_04305,18,25.266111111111112,44.42777777777778,0
CUST_04306,21,31.447142857142858,53.266666666666666,0
CUST_04307,19,24.69473684210526,41.026315789473685,1
CUST_04308,25,27.628800000000002,44.372,0
CUST_04309,21,27.160476190476192,46.076190476190476,0
CUST_04310,24,27.5525,45.26666666666667,0
CUST_04311,17,27.238823529411764,46.794117647058826,0
CUST_04312,19,29.33263157894737,48.94736842105263,0
CUST_04313,12,29.075,48.275000000000006,0
CUST_04314,21,25.55952380952381,43.714285714285715,0
CUST_04315,18,26.140555555555554,45.611111111111114,0
CUST_04316,13,27.365384615384617,44.56923076923077,0
CUST_04317,16,28.1525,48.89375,0
CUST_04318,24,27.441666666666666,46.725,0
CUST_04319,17,27.861176470588234,46.93529411764706,0
CUST_04320,10,24.987000000000002,42.8,0
CUST_04321,15,29.625999999999998,48.29333333333333,0
CUST_04322,19,28.016842105263162,46.526315789473685,0
CUST_04323,14,24.997142857142855,42.93571428571429,0
CUST_04324,21,28.666190476190476,47.7,0
CUST_04325,15,28.517999999999997,47.79333333333333,0
CUST_04326,13,32.32769230769231,55.91538461538461,0
CUST_04327,21,27.06,45.80952380952381,0
CUST_04328,15,31.948666666666668,51.526666666666664,0
CUST_04329,19,31.223157894736843,52.77368421052632,0
CUST_04330,23,26.25913043478261,43.74782608695652,0
CUST_04331,20,27.8705,46.925,0
CUST_04332,17,26.98235294117647,45.688235294117646,0
CUST_04333,27,27.00111111111111,45.96296296296296,0
CUST_04334,17,26.371176470588235,44.55294117647059,0
CUST_04335,18,29.383333333333333,49.400000000000006,0
CUST_04336,20,28.2375,51.15,0
CUST_04337,19,30.827368421052633,50.63157894736842,0
CUST_04338,17,29.116470588235295,48.13529411764706,0
CUST_04339,17,24.306470588235292,43.44705882352941,0
CUST_04340,28,26.494642857142857,46.58571428571429,0
CUST_04341,23,28.003913043478263,46.69130434782609,0
CUST_04342,22,27.05,48.0,0
CUST_04343,21,28.072857142857142,46.195238095238096,0
CUST_04344,22,27.58,47.24545454545455,0
CUST_04345,19,27.164210526315788,47.794736842105266,0
CUST_04346,24,29.64333333333333,48.487500000000004,0
CUST_04347,23,29.45521739130435,48.14782608695653,0
CUST_04348,18,21.57,37.3,1
CUST_04349,24,26.742083333333337,45.75833333333333,0
CUST_04350,28,27.879285714285714,48.07857142857143,0
CUST_04351,22,27.313636363636363,45.68181818181818,0
CUST_04352,18,27.009444444444444,45.72777777777778,0
CUST_04353,19,25.261052631578945,44.17894736842105,0
CUST_04354,15,33.184666666666665,53.64666666666667,0
CUST_04355,14,23.100714285714282,38.25,1
CUST_04356,19,29.890526315789472,49.43684210526315,0
CUST_04357,20,28.607999999999997,50.555,0
CUST_04358,22,28.618636363636366,46.877272727272725,0
CUST_04359,12,28.09,47.03333333333333,0
CUST_04360,20,29.944,48.925,0
CUST_04361,20,27.860500000000002,44.875,0
CUST_04362,22,26.007272727272724,44.00454545454546,0
CUST_04363,17,25.90235294117647,41.300000000000004,0
CUST_04364,19,29.97842105263158,50.46315789473684,0
CUST_04365,20,27.765500000000003,46.894999999999996,0
CUST_04366,18,25.605555555555554,42.8,0
CUST_04367,22,32.32090909090909,51.78636363636363,0
CUST_04368,23,28.12913043478261,46.439130434782605,0
CUST_04369,15,26.19,47.39333333333333,0
CUST_04370,22,29.781818181818185,49.77272727272727,0
CUST_04371,20,24.9955,41.375,1
CUST_04372,14,26.012857142857143,43.48571428571428,0
CUST_04373,22,26.243636363636366,44.64090909090909,0
CUST_04374,14,32.76642857142857,53.278571428571425,0
CUST_04375,17,27.631176470588237,47.911764705882355,0
CUST_04376,22,27.55727272727273,46.64090909090908,0
CUST_04377,15,24.39466666666667,42.333333333333336,1
CUST_04378,17,23.497647058823528,39.08235294117647,1
CUST_04379,18,27.899444444444445,48.55,0
CUST_04380,20,25.678500000000003,44.525,0
CUST_04381,16,28.401875,47.0625,0
CUST_04382,18,27.01,45.34444444444445,0
CUST_04383,14,27.455000000000002,44.91428571428571,0
CUST_04384,24,27.643333333333334,47.645833333333336,0
CUST_04385,18,27.995555555555555,45.855555555555554,0
CUST_04386,19,32.153684210526315,54.01578947368421,0
CUST_04387,17,30.959411764705887,52.86470588235294,0
CUST_04388,13,33.167692307692306,54.56923076923077,0
CUST_04389,16,25.786875,42.5375,0
CUST_04390,22,24.88409090909091,42.93181818181818,0
CUST_04391,18,24.837222222222223,44.00555555555556,0
CUST_04392,19,29.353684210526318,48.38947368421052,0
CUST_04393,16,26.7675,46.25625,0
CUST_04394,17,28.464117647058824,49.46470588235294,0
CUST_04395,11,28.69909090909091,50.81818181818182,0
CUST_04396,20,27.079500000000003,44.46,0
CUST_04397,16,29.743750000000002,48.49375,0
CUST_04398,20,26.475,44.4,0
CUST_04399,19,24.586842105263155,40.11052631578948,1
CUST_04400,18,31.52111111111111,53.92777777777778,0
CUST_04401,20,27.227999999999998,46.58,0
CUST_04402,25,27.4212,46.532,0
CUST_04403,16,23.746875,40.35625,1
CUST_04404,15,25.94333333333333,45.53333333333333,0
CUST_04405,23,29.717391304347824,49.426086956521736,0
CUST_04406,26,25.841153846153848,44.642307692307696,0
CUST_04407,13,31.178461538461537,51.861538461538466,0
CUST_04408,13,31.41923076923077,53.646153846153844,0
CUST_04409,23,28.192608695652172,48.060869565217395,0
CUST_04410,20,28.915499999999998,49.535000000000004,0
CUST_04411,13,27.422307692307694,43.70769230769231,0
CUST_04412,15,30.584,51.026666666666664,0
CUST_04413,19,29.487368421052633,50.59473684210526,0
CUST_04414,19,28.890526315789472,49.45789473684211,0
CUST_04415,14,33.067142857142855,58.58571428571429,0
CUST_04416,13,26.224615384615387,43.392307692307696,0
CUST_04417,25,27.452799999999996,46.36,0
CUST_04418,18,26.605,44.144444444444446,0
CUST_04419,20,30.1385,51.089999999999996,0
CUST_04420,22,30.551363636363636,52.095454545454544,0
CUST_04421,22,28.389545454545456,49.13181818181818,0
CUST_04422,18,28.358333333333334,46.150000000000006,0
CUST_04423,26,28.876153846153844,48.83076923076923,0
CUST_04424,21,26.23333333333333,45.34285714285714,0
CUST_04425,18,26.925555555555558,44.23888888888889,0
CUST_04426,24,24.513333333333335,41.800000000000004,1
CUST_04427,26,26.638076923076923,47.16153846153846,0
CUST_04428,19,29.358421052631577,47.66315789473684,0
CUST_04429,17,32.952352941176464,54.83529411764706,0
CUST_04430,17,30.468823529411765,52.3235294117647,0
CUST_04431,22,29.61727272727273,49.059090909090905,0
CUST_04432,15,26.84333333333333,46.17333333333333,0
CUST_04433,16,27.295,45.475,0
CUST_04434,15,28.522,48.82,0
CUST_04435,18,29.26777777777778,51.2,0
CUST_04436,16,24.590625,40.9125,1
CUST_04437,11,28.727272727272727,47.790909090909096,0
CUST_04438,15,26.076666666666664,44.68666666666666,0
CUST_04439,16,26.716874999999998,44.28125,0
CUST_04440,25,26.2088,44.98,0
CUST_04441,22,24.713636363636365,42.07272727272727,0
CUST_04442,16,26.460625,45.5625,0
CUST_04443,16,23.579375,39.325,1
CUST_04444,18,28.223333333333333,47.45,0
CUST_04445,24,30.31458333333333,49.45416666666667,0
CUST_04446,26,29.086153846153845,48.67307692307692,0
CUST_04447,18,28.195,46.76111111111111,0
CUST_04448,14,25.717857142857145,43.50714285714286,0
CUST_04449,17,28.93470588235294,47.8235294117647,0
CUST_04450,6,26.959999999999997,50.11666666666667,0
CUST_04451,20,30.9195,53.0,0
CUST_04452,16,26.53125,44.225,0
CUST_04453,22,33.60136363636364,53.00909090909091,0
CUST_04454,14,33.92071428571428,58.75714285714286,0
CUST_04455,18,30.293888888888887,48.8,0
CUST_04456,19,25.7,43.88421052631579,0
CUST_04457,21,26.69952380952381,47.25714285714285,0
CUST_04458,22,30.483636363636364,52.14090909090908,0
CUST_04459,16,25.75125,42.5625,0
CUST_04460,28,28.818214285714284,49.18571428571429,0
CUST_04461,11,27.14454545454545,45.25454545454546,0
CUST_04462,18,26.459444444444443,44.62777777777777,0
CUST_04463,17,32.621764705882356,52.794117647058826,0
CUST_04464,20,26.699,45.63,0
CUST_04465,25,32.0012,52.988,0
CUST_04466,12,25.474999999999998,41.983333333333334,0
CUST_04467,17,27.641764705882355,45.93529411764706,0
CUST_04468,24,27.484166666666667,45.2875,0
CUST_04469,25,31.578400000000002,53.16,0
CUST_04470,25,26.1784,42.864,0
CUST_04471,22,28.945909090909087,50.35,0
CUST_04472,19,25.98,44.61052631578948,0
CUST_04473,22,27.129545454545454,47.940909090909095,0
CUST_04474,19,25.439473684210526,43.48421052631579,0
CUST_04475,18,30.03722222222222,50.3,0
CUST_04476,19,29.641578947368423,50.252631578947366,0
CUST_04477,19,27.174210526315793,43.56842105263158,0
CUST_04478,19,28.31,47.857894736842105,0
CUST_04479,23,27.946521739130436,46.50869565217391,0
CUST_04480,14,25.694285714285716,44.99285714285714,0
CUST_04481,18,27.484444444444442,45.96111111111111,0
CUST_04482,19,27.88105263157895,44.44736842105263,0
CUST_04483,15,25.492666666666665,44.18,0
CUST_04484,18,27.045555555555556,45.72222222222222,0
CUST_04485,17,27.474117647058822,47.588235294117645,0
CUST_04486,18,26.352777777777778,44.099999999999994,0
CUST_04487,14,27.264999999999997,44.878571428571426,0
CUST_04488,22,26.44818181818182,43.127272727272725,0
CUST_04489,29,25.604827586206895,41.5,0
CUST_04490,11,27.04272727272727,45.981818181818184,0
CUST_04491,19,24.684736842105263,41.02105263157895,1
CUST_04492,24,28.849166666666665,50.03333333333333,0
CUST_04493,20,27.265499999999996,44.435,0
CUST_04494,11,24.934545454545454,44.14545454545455,0
CUST_04495,11,32.26363636363636,53.09090909090909,0
CUST_04496,12,28.63083333333333,48.550000000000004,0
CUST_04497,24,27.281666666666666,44.4375,0
CUST_04498,16,23.248125,41.31875,1
CUST_04499,18,28.60166666666667,45.294444444444444,0
CUST_04500,19,24.422631578947367,42.66842105263158,1
CUST_04501,16,31.517500000000002,51.61875,0
CUST_04502,17,27.988235294117647,47.65294117647059,0
CUST_04503,9,32.37555555555556,53.06666666666667,0
CUST_04504,17,29.51529411764706,49.794117647058826,0
CUST_04505,18,27.608888888888888,46.916666666666664,0
CUST_04506,17,27.431176470588234,48.72941176470588,0
CUST_04507,15,24.103333333333335,42.04666666666667,1
CUST_04508,20,28.4865,46.980000000000004,0
CUST_04509,21,27.713333333333335,48.37142857142857,0
CUST_04510,16,27.074375,45.74375,0
CUST_04511,22,32.30409090909091,55.31818181818182,0
CUST_04512,15,27.65666666666667,47.779999999999994,0
CUST_04513,21,29.32857142857143,49.51428571428571,0
CUST_04514,19,29.12736842105263,49.83157894736843,0
CUST_04515,17,25.84294117647059,42.59411764705882,0
CUST_04516,19,29.36684210526316,50.6578947368421,0
CUST_04517,13,26.99846153846154,46.33846153846154,0
CUST_04518,17,28.464117647058824,46.2235294117647,0
CUST_04519,21,27.75142857142857,46.6,0
CUST_04520,16,23.769375,39.325,1
CUST_04521,24,29.312916666666666,48.137499999999996,0
CUST_04522,17,29.456470588235295,49.82941176470588,0
CUST_04523,24,25.70958333333333,41.25416666666667,0
CUST_04524,21,29.05666666666667,48.076190476190476,0
CUST_04525,26,28.552307692307693,47.44615384615384,0
CUST_04526,15,25.677333333333333,44.32,0
CUST_04527,15,28.732000000000003,50.00666666666667,0
CUST_04528,21,26.13428571428571,43.195238095238096,0
CUST_04529,12,22.659166666666664,40.625,1
CUST_04530,16,26.653750000000002,44.85,0
CUST_04531,26,27.040769230769232,43.87692307692308,0
CUST_04532,30,27.854333333333333,47.666666666666664,0
CUST_04533,15,27.292666666666666,44.266666666666666,0
CUST_04534,30,29.698666666666668,46.766666666666666,0
CUST_04535,16,31.576875,53.8625,0
CUST_04536,18,26.395,47.31666666666667,0
CUST_04537,25,25.1164,45.156000000000006,0
CUST_04538,31,25.363548387096774,43.33548387096774,0
CUST_04539,21,30.473333333333336,49.08095238095238,0
CUST_04540,10,25.647000000000002,42.19,0
CUST_04541,18,26.860555555555557,44.544444444444444,0
CUST_04542,14,26.880714285714284,45.107142857142854,0
CUST_04543,17,27.31529411764706,46.923529411764704,0
CUST_04544,14,25.881428571428575,46.142857142857146,0
CUST_04545,20,24.7625,40.775,1
CUST_04546,31,27.93935483870968,47.016129032258064,0
CUST_04547,23,25.89695652173913,44.38695652173913,0
CUST_04548,19,26.86842105263158,46.45263157894737,0
CUST_04549,18,26.951666666666668,44.71666666666667,0
CUST_04550,9,23.193333333333335,39.044444444444444,1
CUST_04551,25,31.1228,51.72,0
CUST_04552,14,25.68285714285714,45.30714285714286,0
CUST_04553,24,24.555833333333336,42.2125,1
CUST_04554,20,26.119,45.68,0
CUST_04555,14,33.864285714285714,57.964285714285715,0
CUST_04556,12,27.162499999999998,46.708333333333336,0
CUST_04557,27,23.904814814814817,41.58148148148148,1
CUST_04558,18,23.18722222222222,40.172222222222224,1
CUST_04559,22,24.766363636363636,41.98636363636364,0
CUST_04560,25,29.8928,52.132,0
CUST_04561,20,35.2305,57.44500000000001,0
CUST_04562,15,26.582666666666668,44.11333333333334,0
CUST_04563,15,30.03466666666667,51.3,0
CUST_04564,19,29.72052631578947,51.07368421052632,0
CUST_04565,23,27.828260869565216,45.61304347826086,0
CUST_04566,18,27.76111111111111,45.48888888888889,0
CUST_04567,19,28.912105263157898,46.66842105263158,0
CUST_04568,13,25.779999999999998,40.99230769230769,0
CUST_04569,24,27.736666666666665,46.78333333333333,0
CUST_04570,12,36.199999999999996,61.89166666666667,0
CUST_04571,18,31.342777777777776,51.78888888888889,0
CUST_04572,11,25.265454545454546,44.70909090909091,0
CUST_04573,15,33.586666666666666,56.03333333333333,0
CUST_04574,19,28.913684210526316,48.6578947368421,0
CUST_04575,10,23.926,42.7,1
CUST_04576,23,29.686086956521738,49.32608695652174,0
CUST_04577,18,26.142222222222223,43.78888888888889,0
CUST_04578,15,24.651333333333334,43.04666666666667,0
CUST_04579,22,28.301363636363636,47.404545454545456,0
CUST_04580,16,23.625,39.48125,1
CUST_04581,14,28.393571428571427,48.4,0
CUST_04582,14,26.770714285714288,46.528571428571425,0
CUST_04583,11,27.46181818181818,45.22727272727273,0
CUST_04584,21,30.169999999999998,50.93333333333333,0
CUST_04585,25,30.6624,51.528,0
CUST_04586,15,30.122666666666667,52.233333333333334,0
CUST_04587,17,25.101176470588236,43.37647058823529,0
CUST_04588,21,26.075714285714287,44.576190476190476,0
CUST_04589,19,29.350526315789473,49.21578947368421,0
CUST_04590,18,28.889444444444443,47.43333333333333,0
CUST_04591,21,29.39666666666667,48.91904761904762,0
CUST_04592,17,26.41176470588235,45.8235294117647,0
CUST_04593,20,30.1935,51.8,0
CUST_04594,21,27.44285714285714,46.99047619047619,0
CUST_04595,13,29.145384615384614,50.5,0
CUST_04596,27,24.617777777777775,41.714814814814815,1
CUST_04597,16,25.878125,45.7,0
CUST_04598,11,29.35454545454546,48.06363636363637,0
CUST_04599,17,30.972352941176467,53.08235294117647,0
CUST_04600,20,25.592499999999998,43.28,0
CUST_04601,15,31.815333333333335,54.10666666666667,0
CUST_04602,18,29.57388888888889,52.00555555555556,0
CUST_04603,20,26.097500000000004,43.64,0
CUST_04604,11,26.28909090909091,43.64545454545454,0
CUST_04605,17,24.972941176470584,43.588235294117645,0
CUST_04606,20,25.3555,42.785000000000004,0
CUST_04607,22,28.193181818181817,47.66363636363637,0
CUST_04608,20,27.828000000000003,47.61,0
CUST_04609,17,28.581764705882353,46.46470588235294,0
CUST_04610,15,28.136000000000003,48.166666666666664,0
CUST_04611,15,25.243333333333332,43.34666666666667,0
CUST_04612,18,31.91722222222222,51.50555555555556,0
CUST_04613,22,30.024545454545454,49.36818181818182,0
CUST_04614,24,28.162499999999998,45.30416666666667,0
CUST_04615,22,25.980000000000004,45.04090909090909,0
CUST_04616,21,27.42142857142857,45.7047619047619,0
CUST_04617,19,25.746315789473684,42.42631578947368,0
CUST_04618,19,25.314736842105265,44.152631578947364,0
CUST_04619,17,29.51235294117647,49.23529411764706,0
CUST_04620,18,23.938888888888886,41.13333333333333,1
CUST_04621,19,26.122631578947367,44.73684210526316,0
CUST_04622,22,27.32227272727273,46.14545454545455,0
CUST_04623,10,24.937,41.07,1
CUST_04624,19,24.877368421052633,42.53157894736842,0
CUST_04625,25,27.1712,45.048,0
CUST_04626,13,28.594615384615388,49.815384615384616,0
CUST_04627,18,26.63888888888889,44.388888888888886,0
CUST_04628,19,27.27,44.242105263157896,0
CUST_04629,17,25.092352941176472,43.17058823529412,0
CUST_04630,20,28.703000000000003,49.47,0
CUST_04631,15,29.941333333333333,49.99333333333333,0
CUST_04632,21,28.020952380952384,47.061904761904756,0
CUST_04633,18,29.44888888888889,53.26111111111111,0
CUST_04634,19,25.888947368421054,41.99473684210526,0
CUST_04635,18,25.922777777777778,44.21666666666667,0
CUST_04636,16,26.355,44.8875,0
CUST_04637,14,31.20642857142857,50.464285714285715,0
CUST_04638,17,29.566470588235294,50.57647058823529,0
CUST_04639,24,27.47583333333333,47.025,0
CUST_04640,14,30.150714285714287,52.31428571428571,0
CUST_04641,24,27.575,46.87916666666666,0
CUST_04642,15,23.678,39.12,1
CUST_04643,16,26.6175,46.1625,0
CUST_04644,11,29.543636363636367,50.57272727272727,0
CUST_04645,21,25.420476190476194,42.25238095238095,0
CUST_04646,16,32.829375,55.24375,0
CUST_04647,20,29.413,49.089999999999996,0
CUST_04648,22,26.820909090909094,44.18636363636364,0
CUST_04649,16,23.825,40.8625,1
CUST_04650,14,29.067857142857143,50.978571428571435,0
CUST_04651,14,28.67142857142857,46.271428571428565,0
CUST_04652,16,30.18375,50.7875,0
CUST_04653,19,22.423684210526318,38.16315789473684,1
CUST_04654,21,27.01904761904762,46.7047619047619,0
CUST_04655,24,27.395,48.604166666666664,0
CUST_04656,28,28.185357142857146,45.31071428571429,0
CUST_04657,25,27.332800000000002,47.216,0
CUST_04658,20,29.2015,51.79,0
CUST_04659,22,30.848181818181818,53.554545454545455,0
CUST_04660,27,26.49222222222222,44.7037037037037,0
CUST_04661,19,24.53578947368421,41.300000000000004,1
CUST_04662,18,26.42222222222222,46.233333333333334,0
CUST_04663,16,28.886875,47.5875,0
CUST_04664,17,31.45352941176471,53.241176470588236,0
CUST_04665,14,30.732142857142858,51.01428571428572,0
CUST_04666,23,24.150000000000002,41.44782608695652,1
CUST_04667,19,25.763157894736842,44.01578947368421,0
CUST_04668,19,27.22842105263158,45.26842105263158,0
CUST_04669,17,21.179411764705883,35.96470588235294,1
CUST_04670,14,30.392142857142858,52.42142857142857,0
CUST_04671,22,27.735,49.4,0
CUST_04672,15,28.732666666666667,49.44666666666667,0
CUST_04673,21,25.336190476190477,43.39523809523809,0
CUST_04674,13,28.11846153846154,45.323076923076925,0
CUST_04675,17,30.77294117647059,52.9,0
CUST_04676,15,25.512,41.93333333333333,0
CUST_04677,17,28.43294117647059,48.71176470588235,0
CUST_04678,14,29.492857142857144,49.878571428571426,0
CUST_04679,22,28.65909090909091,49.54545454545455,0
CUST_04680,16,26.243125,41.11875,0
CUST_04681,26,22.876923076923074,39.30384615384615,1
CUST_04682,19,30.444736842105264,48.973684210526315,0
CUST_04683,31,26.90290322580645,45.81612903225806,0
CUST_04684,27,28.935925925925925,48.766666666666666,0
CUST_04685,17,27.862352941176468,46.84117647058824,0
CUST_04686,12,28.57166666666667,46.800000000000004,0
CUST_04687,20,26.682499999999997,45.96,0
CUST_04688,21,27.515238095238097,46.60476190476191,0
CUST_04689,20,27.639999999999997,47.055,0
CUST_04690,22,27.402272727272727,48.71363636363637,0
CUST_04691,12,25.814166666666665,43.38333333333333,0
CUST_04692,15,22.912666666666667,36.480000000000004,1
CUST_04693,19,28.53,49.694736842105264,0
CUST_04694,22,28.828181818181818,47.57272727272727,0
CUST_04695,19,27.561052631578946,47.142105263157895,0
CUST_04696,20,22.2925,39.225,1
CUST_04697,17,28.735294117647058,48.80588235294118,0
CUST_04698,11,28.523636363636363,45.800000000000004,0
CUST_04699,13,30.434615384615384,51.47692307692308,0
CUST_04700,20,24.3105,41.265,1
CUST_04701,19,23.32736842105263,40.68421052631579,1
CUST_04702,21,25.712380952380954,44.88095238095238,0
CUST_04703,21,27.43047619047619,47.63809523809524,0
CUST_04704,23,28.02173913043478,47.834782608695654,0
CUST_04705,15,24.4,40.17333333333333,1
CUST_04706,17,28.657647058823528,48.21176470588235,0
CUST_04707,22,30.982727272727274,49.75,0
CUST_04708,17,24.146470588235296,40.682352941176475,1
CUST_04709,27,28.7,48.34444444444444,0
CUST_04710,17,29.938235294117646,50.3235294117647,0
CUST_04711,20,24.312,42.83,1
CUST_04712,18,31.200555555555557,52.61666666666667,0
CUST_04713,16,25.41375,45.28125,0
CUST_04714,18,29.18111111111111,49.33888888888889,0
CUST_04715,20,31.906,53.825,0
CUST_04716,20,26.869,45.7,0
CUST_04717,16,27.69625,48.05,0
CUST_04718,21,31.351904761904763,52.27142857142857,0
CUST_04719,22,27.923636363636366,48.02272727272727,0
CUST_04720,21,27.243333333333332,45.595238095238095,0
CUST_04721,21,29.19047619047619,48.790476190476184,0
CUST_04722,19,26.004736842105263,45.07368421052632,0
CUST_04723,15,26.174,45.00666666666667,0
CUST_04724,16,29.871875,50.59375,0
CUST_04725,23,24.307391304347828,41.14347826086957,1
CUST_04726,31,27.77225806451613,46.84193548387096,0
CUST_04727,21,29.253333333333337,48.4,0
CUST_04728,18,25.502222222222223,43.66111111111111,0
CUST_04729,20,27.9995,47.495,0
CUST_04730,12,28.97083333333333,49.99166666666667,0
CUST_04731,13,26.245384615384616,46.65384615384615,0
CUST_04732,19,29.84684210526316,52.41052631578947,0
CUST_04733,14,28.201428571428572,48.642857142857146,0
CUST_04734,11,28.279090909090908,48.98181818181818,0
CUST_04735,18,27.375,46.150000000000006,0
CUST_04736,17,26.418823529411764,45.04117647058824,0
CUST_04737,13,26.057692307692307,47.099999999999994,0
CUST_04738,21,23.87238095238095,41.66190476190476,1
CUST_04739,18,25.891111111111112,43.82222222222222,0
CUST_04740,20,26.025,44.705,0
CUST_04741,18,30.950555555555557,51.30555555555556,0
CUST_04742,14,26.729285714285712,44.26428571428572,0
CUST_04743,19,26.389999999999997,42.94736842105263,0
CUST_04744,16,30.386875,53.5625,0
CUST_04745,27,28.948888888888888,48.63333333333333,0
CUST_04746,15,29.363333333333333,46.7,0
CUST_04747,25,23.316,39.848,1
CUST_04748,22,29.3,50.50909090909091,0
CUST_04749,22,29.497727272727275,47.18636363636363,0
CUST_04750,22,20.967727272727274,36.877272727272725,1
CUST_04751,12,26.354166666666668,45.125,0
CUST_04752,17,29.178823529411765,47.87647058823529,0
CUST_04753,17,26.584117647058825,46.38235294117647,0
CUST_04754,20,24.9685,42.575,0
CUST_04755,19,28.296842105263156,47.247368421052634,0
CUST_04756,15,26.89,46.580000000000005,0
CUST_04757,13,28.705384615384617,49.16153846153846,0
CUST_04758,12,28.0525,47.21666666666667,0
CUST_04759,21,24.857619047619046,42.9,0
CUST_04760,17,24.531764705882352,42.7764705882353,0
CUST_04761,12,30.550833333333333,48.84166666666667,0
CUST_04762,21,25.203333333333333,42.371428571428574,0
CUST_04763,15,28.258666666666667,49.166666666666664,0
CUST_04764,19,25.057368421052633,43.59473684210526,0
CUST_04765,17,28.24411764705882,47.8235294117647,0
CUST_04766,23,24.20173913043478,40.18260869565217,1
CUST_04767,11,34.405454545454546,54.89090909090908,0
CUST_04768,26,25.266153846153845,42.611538461538466,0
CUST_04769,15,24.915333333333333,41.64666666666667,1
CUST_04770,21,26.447619047619046,45.65238095238095,0
CUST_04771,13,28.29615384615385,46.892307692307696,0
CUST_04772,21,26.488095238095237,45.39523809523809,0
CUST_04773,15,25.525333333333332,45.513333333333335,0
CUST_04774,17,23.925882352941176,41.89411764705882,1
CUST_04775,19,25.678421052631577,45.47894736842105,0
CUST_04776,22,27.68045454545455,47.04545454545455,0
CUST_04777,22,28.11681818181818,49.45454545454545,0
CUST_04778,24,25.875833333333333,43.90416666666667,0
CUST_04779,15,30.385333333333335,52.580000000000005,0
CUST_04780,21,28.66238095238095,47.695238095238096,0
CUST_04781,20,29.746499999999997,51.995000000000005,0
CUST_04782,30,27.604333333333333,46.526666666666664,0
CUST_04783,13,25.956923076923076,46.36923076923077,0
CUST_04784,24,28.615416666666665,47.26666666666667,0
CUST_04785,16,25.803125,43.2625,0
CUST_04786,27,30.100740740740743,50.55185185185186,0
CUST_04787,18,26.686111111111114,47.483333333333334,0
CUST_04788,20,26.095,44.644999999999996,0
CUST_04789,18,25.577222222222222,42.63333333333333,0
CUST_04790,19,29.00157894736842,49.3421052631579,0
CUST_04791,20,26.660000000000004,43.835,0
CUST_04792,22,30.239545454545453,49.56363636363637,0
CUST_04793,15,27.52466666666667,46.8,0
CUST_04794,17,27.733529411764707,44.44705882352941,0
CUST_04795,22,28.383636363636366,47.345454545454544,0
CUST_04796,17,29.03235294117647,50.42941176470588,0
CUST_04797,13,25.74923076923077,44.93076923076923,0
CUST_04798,20,32.150999999999996,52.254999999999995,0
CUST_04799,16,27.778125,47.1,0
CUST_04800,20,30.436500000000002,51.495000000000005,0
CUST_04801,18,35.727222222222224,58.32222222222222,0
CUST_04802,23,25.495652173913044,42.94782608695652,0
CUST_04803,13,26.774615384615384,43.30769230769231,0
CUST_04804,20,30.782999999999998,53.80499999999999,0
CUST_04805,15,27.464000000000002,48.44666666666667,0
CUST_04806,27,27.93259259259259,48.592592592592595,0
CUST_04807,26,28.29615384615385,47.8423076923077,0
CUST_04808,19,26.294736842105266,45.41578947368421,0
CUST_04809,22,24.035454545454545,41.66818181818182,1
CUST_04810,25,27.1492,45.836000000000006,0
CUST_04811,20,28.1005,48.055,0
CUST_04812,18,27.925555555555555,46.76111111111111,0
CUST_04813,14,27.972857142857144,47.135714285714286,0
CUST_04814,19,29.612105263157893,48.078947368421055,0
CUST_04815,19,27.076315789473686,46.41578947368421,0
CUST_04816,12,22.463333333333335,38.541666666666664,1
CUST_04817,14,29.32357142857143,48.892857142857146,0
CUST_04818,19,28.89842105263158,48.23157894736842,0
CUST_04819,14,28.53642857142857,50.07142857142857,0
CUST_04820,17,27.341764705882355,45.800000000000004,0
CUST_04821,18,27.725,46.68888888888889,0
CUST_04822,11,29.548181818181817,52.09090909090909,0
CUST_04823,19,29.590000000000003,50.33157894736842,0
CUST_04824,27,24.14962962962963,40.7925925925926,1
CUST_04825,19,28.911052631578944,50.257894736842104,0
CUST_04826,16,29.388125,49.5625,0
CUST_04827,17,25.761176470588236,42.4,0
CUST_04828,21,26.642380952380954,43.41428571428572,0
CUST_04829,18,27.52388888888889,45.68333333333333,0
CUST_04830,13,24.012307692307694,43.04615384615385,1
CUST_04831,11,26.19454545454545,44.90909090909091,0
CUST_04832,18,29.03611111111111,47.861111111111114,0
CUST_04833,17,31.21470588235294,53.38823529411765,0
CUST_04834,19,25.08157894736842,42.76315789473684,0
CUST_04835,20,28.497499999999995,46.690000000000005,0
CUST_04836,21,28.425238095238093,48.89047619047619,0
CUST_04837,24,28.734166666666667,48.21666666666667,0
CUST_04838,21,24.465714285714284,41.31428571428572,1
CUST_04839,18,30.446111111111108,48.18333333333333,0
CUST_04840,16,28.165,47.4,0
CUST_04841,20,28.996499999999997,48.21,0
CUST_04842,23,29.842173913043478,49.75652173913044,0
CUST_04843,21,30.81190476190476,51.22380952380953,0
CUST_04844,16,26.42875,42.6625,0
CUST_04845,26,27.38,46.361538461538466,0
CUST_04846,22,31.61818181818182,53.66818181818182,0
CUST_04847,21,26.802380952380954,45.89523809523809,0
CUST_04848,23,28.75304347826087,49.75217391304348,0
CUST_04849,15,26.971999999999998,44.919999999999995,0
CUST_04850,19,29.523157894736844,49.07368421052632,0
CUST_04851,18,26.25,43.49444444444444,0
CUST_04852,16,28.166875,48.0,0
CUST_04853,18,27.341666666666665,46.32222222222222,0
CUST_04854,13,25.193076923076923,41.94615384615384,0
CUST_04855,15,27.151333333333334,45.03333333333333,0
CUST_04856,9,34.462222222222216,59.8111111111111,0
CUST_04857,14,30.884285714285713,51.0,0
CUST_04858,21,28.649047619047618,48.65714285714286,0
CUST_04859,22,28.344090909090912,46.57272727272727,0
CUST_04860,26,30.58653846153846,52.05,0
CUST_04861,27,26.143333333333334,44.34444444444444,0
CUST_04862,19,28.468421052631577,46.136842105263156,0
CUST_04863,20,32.191,53.19,0
CUST_04864,13,28.46,48.9076923076923,0
CUST_04865,14,24.419999999999998,41.528571428571425,1
CUST_04866,17,26.59058823529412,43.300000000000004,0
CUST_04867,14,25.685714285714287,45.65714285714286,0
CUST_04868,15,23.408,38.66,1
CUST_04869,21,26.74666666666667,44.88095238095238,0
CUST_04870,16,28.13625,47.6375,0
CUST_04871,14,28.336428571428574,47.385714285714286,0
CUST_04872,14,24.97714285714286,43.19285714285714,0
CUST_04873,19,29.256315789473685,51.847368421052636,0
CUST_04874,22,24.911363636363635,41.36363636363637,1
CUST_04875,19,30.076315789473686,48.49473684210526,0
CUST_04876,11,26.361818181818183,49.2,0
CUST_04877,24,29.4225,48.675000000000004,0
CUST_04878,22,31.478181818181817,50.86818181818182,0
CUST_04879,22,25.820909090909087,41.85909090909091,0
CUST_04880,22,26.546818181818182,45.949999999999996,0
CUST_04881,18,29.980555555555554,47.333333333333336,0
CUST_04882,19,25.08421052631579,42.694736842105264,0
CUST_04883,14,30.732142857142858,52.114285714285714,0
CUST_04884,27,30.955185185185183,54.52222222222222,0
CUST_04885,21,26.57333333333333,43.89523809523809,0
CUST_04886,20,23.9775,39.975,1
CUST_04887,22,29.334545454545456,47.472727272727276,0
CUST_04888,15,23.304,38.81333333333334,1
CUST_04889,15,23.288,39.63333333333333,1
CUST_04890,15,27.771333333333335,46.66,0
CUST_04891,19,30.101052631578952,49.37894736842105,0
CUST_04892,15,26.726,43.79333333333333,0
CUST_04893,15,28.087333333333333,48.36666666666667,0
CUST_04894,21,27.533809523809527,47.65714285714286,0
CUST_04895,24,25.95,43.63333333333333,0
CUST_04896,17,25.46764705882353,43.96470588235294,0
CUST_04897,7,25.842857142857145,42.67142857142857,0
CUST_04898,17,25.29705882352941,43.71764705882353,0
CUST_04899,22,25.30545454545455,42.809090909090905,0
CUST_04900,11,23.50272727272727,38.154545454545456,1
CUST_04901,17,29.747647058823528,49.21764705882353,0
CUST_04902,20,22.963,40.4,1
CUST_04903,16,30.794999999999998,49.44375,0
CUST_04904,15,29.794666666666668,52.45333333333333,0
CUST_04905,24,29.288749999999997,49.61666666666667,0
CUST_04906,19,27.81421052631579,46.98947368421052,0
CUST_04907,20,27.651999999999997,46.58,0
CUST_04908,15,23.25,39.18,1
CUST_04909,19,28.637894736842107,49.147368421052626,0
CUST_04910,20,28.091500000000003,48.760000000000005,0
CUST_04911,15,31.686,52.46666666666667,0
CUST_04912,24,29.383750000000003,48.958333333333336,0
CUST_04913,17,26.25941176470588,43.141176470588235,0
CUST_04914,13,24.075384615384618,40.49230769230769,1
CUST_04915,17,26.274705882352944,46.54705882352941,0
CUST_04916,24,26.312916666666666,46.30416666666667,0
CUST_04917,25,25.4352,43.083999999999996,0
CUST_04918,18,29.951666666666668,51.95,0
CUST_04919,11,27.364545454545453,47.527272727272724,0
CUST_04920,16,26.41125,41.95625,0
CUST_04921,21,27.653809523809525,46.86666666666667,0
CUST_04922,11,28.09909090909091,46.1,0
CUST_04923,26,28.340384615384615,47.28076923076923,0
CUST_04924,23,28.12391304347826,47.25652173913044,0
CUST_04925,12,30.2525,49.23333333333333,0
CUST_04926,20,26.105,47.07,0
CUST_04927,16,28.789375,48.575,0
CUST_04928,16,21.37125,35.5625,1
CUST_04929,17,31.7,53.23529411764706,0
CUST_04930,22,27.92863636363636,46.01363636363636,0
CUST_04931,23,27.50782608695652,46.73478260869565,0
CUST_04932,16,26.3525,46.825,0
CUST_04933,21,25.458571428571428,43.03333333333334,0
CUST_04934,20,35.735,60.2,0
CUST_04935,21,23.426666666666666,39.923809523809524,1
CUST_04936,23,26.2904347826087,41.2695652173913,0
CUST_04937,20,25.6685,43.225,0
CUST_04938,20,22.112000000000002,38.185,1
CUST_04939,14,25.020714285714288,42.207142857142856,0
CUST_04940,15,28.220666666666666,50.22,0
CUST_04941,19,22.817894736842106,38.27368421052631,1
CUST_04942,18,31.014444444444443,51.62222222222223,0
CUST_04943,25,25.0616,42.628,0
CUST_04944,17,29.345882352941175,47.682352941176475,0
CUST_04945,17,28.816470588235294,50.870588235294115,0
CUST_04946,17,32.02470588235294,53.07647058823529,0
CUST_04947,20,31.985000000000003,56.44,0
CUST_04948,11,25.901818181818182,42.945454545454545,0
CUST_04949,18,27.38,47.388888888888886,0
CUST_04950,16,28.100625,49.76875,0
CUST_04951,12,31.834999999999997,55.800000000000004,0
CUST_04952,25,27.734,46.711999999999996,0
CUST_04953,20,26.675,45.635000000000005,0
CUST_04954,13,29.583846153846153,50.37692307692308,0
CUST_04955,18,32.083333333333336,52.955555555555556,0
CUST_04956,16,28.6375,48.29375,0
CUST_04957,22,27.11409090909091,46.16818181818182,0
CUST_04958,12,29.861666666666668,49.475,0
CUST_04959,20,30.014499999999998,51.975,0
CUST_04960,17,30.112352941176468,49.71764705882353,0
CUST_04961,21,26.766190476190477,45.94285714285714,0
CUST_04962,26,29.215,50.69230769230769,0
CUST_04963,20,29.7885,50.83,0
CUST_04964,25,26.8008,46.008,0
CUST_04965,17,31.191764705882353,51.258823529411764,0
CUST_04966,15,24.917333333333332,43.34666666666667,0
CUST_04967,22,28.592272727272725,48.83636363636364,0
CUST_04968,19,29.971578947368425,51.54210526315789,0
CUST_04969,20,30.808999999999997,50.364999999999995,0
CUST_04970,18,30.150000000000002,51.28888888888889,0
CUST_04971,14,32.34285714285714,55.728571428571435,0
CUST_04972,15,29.304666666666666,48.32,0
CUST_04973,21,34.38428571428572,56.86666666666667,0
CUST_04974,21,26.796666666666667,46.72857142857143,0
CUST_04975,18,31.829444444444448,53.15555555555555,0
CUST_04976,17,23.35705882352941,39.258823529411764,1
CUST_04977,14,28.770714285714288,47.99285714285714,0
CUST_04978,27,30.37185185185185,50.06296296296296,0
CUST_04979,25,30.587600000000002,54.88399999999999,0
CUST_04980,16,28.291875,47.39375,0
CUST_04981,10,25.811,43.13,0
CUST_04982,19,32.64263157894737,54.43157894736842,0
CUST_04983,20,27.702999999999996,47.375,0
CUST_04984,27,26.600740740740743,45.385185185185186,0
CUST_04985,21,28.94952380952381,48.476190476190474,0
CUST_04986,23,26.011304347826087,43.70869565217391,0
CUST_04987,15,26.278666666666666,46.10666666666667,0
CUST_04988,22,26.867727272727276,44.35,0
CUST_04989,16,29.820625,52.0625,0
CUST_04990,19,24.45684210526316,41.04210526315789,1
CUST_04991,23,26.07913043478261,44.02173913043478,0
CUST_04992,19,29.20263157894737,47.642105263157895,0
CUST_04993,16,23.673125,39.875,1
CUST_04994,22,30.94090909090909,51.35,0
CUST_04995,14,26.856428571428573,46.449999999999996,0
CUST_04996,20,28.202499999999997,47.685,0
CUST_04997,12,31.505,52.68333333333334,0
CUST_04998,16,25.103749999999998,41.9875,0
CUST_04999,23,28.16913043478261,46.095652173913045,0
CUST_05000,29,25.91448275862069,42.224137931034484,0
CUST_05001,14,28.905714285714286,49.73571428571428,0
CUST_05002,28,24.677500000000002,42.56071428571429,0
CUST_05003,21,27.186190476190475,47.061904761904756,0
CUST_05004,22,28.861818181818183,49.4,0
CUST_05005,18,25.228333333333335,44.983333333333334,0
CUST_05006,10,25.02,42.43,0
CUST_05007,18,31.230555555555554,53.97222222222222,0
CUST_05008,16,25.843125,42.61875,0
CUST_05009,28,30.435714285714287,50.364285714285714,0
CUST_05010,22,24.220909090909092,42.00909090909091,1
CUST_05011,20,26.159499999999998,45.464999999999996,0
CUST_05012,22,28.014545454545456,47.622727272727275,0
CUST_05013,24,28.807083333333335,49.17083333333333,0
CUST_05014,20,27.886000000000003,47.68,0
CUST_05015,21,26.59095238095238,43.15714285714286,0
CUST_05016,23,28.151739130434784,49.143478260869564,0
CUST_05017,19,25.208947368421054,44.46315789473684,0
CUST_05018,19,27.973157894736843,49.81578947368421,0
CUST_05019,21,26.320476190476192,44.97142857142857,0
CUST_05020,19,29.438947368421054,50.01578947368421,0
CUST_05021,17,23.82,41.688235294117646,1
CUST_05022,22,27.955,48.695454545454545,0
CUST_05023,19,25.836842105263155,44.863157894736844,0
CUST_05024,18,27.013333333333335,46.22777777777778,0
CUST_05025,14,25.71142857142857,42.271428571428565,0
CUST_05026,20,27.902499999999996,48.085,0
CUST_05027,19,26.765263157894736,44.59473684210526,0
CUST_05028,20,26.413999999999998,45.31,0
CUST_05029,21,27.20047619047619,46.15714285714286,0
CUST_05030,14,25.68285714285714,42.114285714285714,0
CUST_05031,20,25.183500000000002,43.775,0
CUST_05032,28,25.58142857142857,42.70357142857143,0
CUST_05033,27,27.8962962962963,48.492592592592594,0
CUST_05034,18,24.725,41.61666666666667,1
CUST_05035,23,26.636521739130433,45.24347826086956,0
CUST_05036,12,28.0725,46.81666666666666,0
CUST_05037,16,27.9125,49.0875,0
CUST_05038,14,29.961428571428574,51.721428571428575,0
CUST_05039,20,29.279500000000002,49.03,0
CUST_05040,21,31.418095238095237,52.166666666666664,0
CUST_05041,21,25.29380952380952,42.16190476190476,0
CUST_05042,21,28.053809523809523,48.07142857142857,0
CUST_05043,26,27.499615384615385,45.94615384615384,0
CUST_05044,20,29.57,47.55,0
CUST_05045,20,29.834000000000003,50.63,0
CUST_05046,15,27.113333333333333,44.15333333333333,0
CUST_05047,19,24.146842105263158,41.800000000000004,1
CUST_05048,25,31.081999999999997,50.096000000000004,0
CUST_05049,22,29.003636363636364,48.722727272727276,0
CUST_05050,10,23.81,40.15,1
CUST_05051,14,28.22214285714286,47.56428571428571,0
CUST_05052,15,29.3,49.88,0
CUST_05053,20,31.3645,54.714999999999996,0
CUST_05054,11,28.826363636363638,45.88181818181818,0
CUST_05055,26,26.03846153846154,44.09615384615385,0
CUST_05056,19,30.937894736842107,50.857894736842105,0
CUST_05057,18,26.260555555555555,43.92777777777778,0
CUST_05058,21,26.758095238095237,43.96666666666666,0
CUST_05059,23,25.589130434782607,43.55652173913043,0
CUST_05060,15,23.996,41.95333333333333,1
CUST_05061,16,31.16875,51.375,0
CUST_05062,19,26.997894736842106,45.18421052631579,0
CUST_05063,21,24.665238095238095,42.25714285714285,0
CUST_05064,22,27.9,46.25,0
CUST_05065,25,31.5608,53.768,0
CUST_05066,18,26.38111111111111,43.71666666666667,0
CUST_05067,21,29.71761904761905,50.55238095238095,0
CUST_05068,17,26.844117647058823,44.57058823529412,0
CUST_05069,21,27.31190476190476,44.68571428571428,0
CUST_05070,15,27.27266666666667,47.38,0
CUST_05071,21,23.115714285714287,39.976190476190474,1
CUST_05072,22,32.16409090909091,52.52272727272727,0
CUST_05073,17,26.823529411764707,45.00588235294118,0
CUST_05074,18,29.54444444444444,49.06111111111111,0
CUST_05075,21,26.109523809523807,44.08571428571429,0
CUST_05076,20,26.627999999999997,44.925,0
CUST_05077,21,26.755714285714287,44.60476190476191,0
CUST_05078,15,31.088,51.126666666666665,0
CUST_05079,16,28.306875,45.66875,0
CUST_05080,19,29.26631578947368,49.44736842105263,0
CUST_05081,15,26.40666666666667,42.806666666666665,0
CUST_05082,18,28.91388888888889,47.58888888888889,0
CUST_05083,24,27.65125,45.21666666666667,0
CUST_05084,24,29.398749999999996,49.520833333333336,0
CUST_05085,21,31.17809523809524,52.80476190476191,0
CUST_05086,19,28.56947368421053,47.810526315789474,0
CUST_05087,23,26.847391304347827,45.039130434782614,0
CUST_05088,19,30.813157894736843,51.578947368421055,0
CUST_05089,12,25.367499999999996,45.34166666666667,0
CUST_05090,16,30.3175,53.8625,0
CUST_05091,14,32.90857142857143,55.85,0
CUST_05092,21,31.094761904761906,50.87142857142857,0
CUST_05093,18,32.833888888888886,54.71111111111111,0
CUST_05094,25,28.793200000000002,49.468,0
CUST_05095,20,26.860500000000002,45.685,0
CUST_05096,18,31.63444444444444,51.599999999999994,0
CUST_05097,11,33.43545454545455,55.89090909090908,0
CUST_05098,15,25.685999999999996,43.013333333333335,0
CUST_05099,21,28.952380952380953,47.9,0
CUST_05100,13,30.12923076923077,48.46923076923077,0
CUST_05101,12,29.25,48.775,0
CUST_05102,10,28.645,49.290000000000006,0
CUST_05103,16,30.506875,48.34375,0
CUST_05104,17,29.76235294117647,50.023529411764706,0
CUST_05105,13,26.466153846153848,44.02307692307692,0
CUST_05106,16,24.05375,40.4375,1
CUST_05107,22,26.954090909090908,45.85454545454545,0
CUST_05108,21,27.856666666666666,47.27142857142857,0
CUST_05109,19,26.223157894736843,43.21052631578947,0
CUST_05110,15,27.60533333333333,47.38666666666667,0
CUST_05111,17,23.96941176470588,40.317647058823525,1
CUST_05112,17,28.35235294117647,48.27058823529412,0
CUST_05113,15,25.858,44.25333333333333,0
CUST_05114,18,26.71777777777778,45.894444444444446,0
CUST_05115,19,30.128947368421056,50.33684210526316,0
CUST_05116,16,29.695625,49.71875,0
CUST_05117,14,26.208571428571428,43.642857142857146,0
CUST_05118,23,32.07782608695652,52.49130434782609,0
CUST_05119,15,29.172666666666665,48.14666666666667,0
CUST_05120,23,23.623478260869568,41.61304347826087,1
CUST_05121,22,29.22681818181818,50.26818181818182,0
CUST_05122,26,22.459615384615386,38.01538461538461,1
CUST_05123,18,31.760000000000005,53.516666666666666,0
CUST_05124,18,26.39611111111111,46.47777777777778,0
CUST_05125,11,30.264545454545456,49.18181818181818,0
CUST_05126,10,26.988999999999997,44.730000000000004,0
CUST_05127,17,29.371176470588235,50.33529411764706,0
CUST_05128,21,25.697619047619046,45.29523809523809,0
CUST_05129,18,28.125,45.68888888888889,0
CUST_05130,13,26.672307692307694,43.63076923076923,0
CUST_05131,16,28.10625,46.0625,0
CUST_05132,12,27.477500000000003,49.50833333333333,0
CUST_05133,16,27.956875,46.80625,0
CUST_05134,23,28.844782608695656,47.917391304347824,0
CUST_05135,16,24.129375,41.99375,1
CUST_05136,22,30.824545454545454,53.58636363636364,0
CUST_05137,14,33.00714285714286,54.76428571428572,0
CUST_05138,14,27.40857142857143,47.278571428571425,0
CUST_05139,21,25.60285714285714,44.614285714285714,0
CUST_05140,13,26.70846153846154,43.33846153846154,0
CUST_05141,20,32.814,55.0,0
CUST_05142,20,25.232499999999998,45.155,0
CUST_05143,22,24.397727272727273,42.47272727272727,1
CUST_05144,20,27.3165,45.47,0
CUST_05145,21,29.036190476190477,48.67142857142857,0
CUST_05146,24,23.301666666666666,40.65,1
CUST_05147,17,30.514117647058825,51.43529411764706,0
CUST_05148,18,30.833333333333332,52.59444444444445,0
CUST_05149,23,26.753913043478263,45.50434782608695,0
CUST_05150,23,25.86391304347826,43.30434782608695,0
CUST_05151,13,24.60923076923077,41.5,1
CUST_05152,14,25.55,43.449999999999996,0
CUST_05153,20,25.212,44.915,0
CUST_05154,19,27.230526315789472,45.810526315789474,0
CUST_05155,13,27.71076923076923,48.54615384615385,0
CUST_05156,26,23.561153846153847,41.04230769230769,1
CUST_05157,15,27.238,48.93333333333333,0
CUST_05158,8,32.7575,53.2125,0
CUST_05159,18,25.491111111111113,42.93333333333333,0
CUST_05160,18,30.58277777777778,50.733333333333334,0
CUST_05161,20,29.717000000000002,48.28,0
CUST_05162,25,27.7192,49.336000000000006,0
CUST_05163,20,30.027499999999996,50.260000000000005,0
CUST_05164,16,24.075,40.31875,1
CUST_05165,18,28.14888888888889,47.21666666666667,0
CUST_05166,22,28.08090909090909,47.040909090909096,0
CUST_05167,21,27.415238095238095,47.195238095238096,0
CUST_05168,11,25.383636363636366,41.91818181818182,0
CUST_05169,18,25.868333333333332,46.138888888888886,0
CUST_05170,16,25.725,43.9625,0
CUST_05171,13,27.696153846153848,48.23076923076923,0
CUST_05172,22,31.916363636363634,54.095454545454544,0
CUST_05173,17,25.298235294117646,43.15882352941177,0
CUST_05174,15,28.304666666666666,47.526666666666664,0
CUST_05175,23,26.015652173913043,44.32173913043478,0
CUST_05176,23,25.53608695652174,43.96086956521739,0
CUST_05177,16,25.559375,44.58125,0
CUST_05178,16,25.958750000000002,42.95625,0
CUST_05179,20,26.3165,43.105000000000004,0
CUST_05180,19,30.205263157894734,50.13157894736842,0
CUST_05181,19,31.905789473684212,52.73157894736842,0
CUST_05182,19,27.920526315789473,45.76315789473684,0
CUST_05183,17,24.735294117647058,41.93529411764706,1
CUST_05184,13,29.713846153846152,49.607692307692304,0
CUST_05185,21,27.25238095238095,46.92857142857143,0
CUST_05186,18,26.218333333333334,45.361111111111114,0
CUST_05187,22,29.470000000000002,49.83636363636364,0
CUST_05188,18,26.66888888888889,46.138888888888886,0
CUST_05189,19,31.382631578947368,50.81578947368421,0
CUST_05190,26,23.924230769230768,41.15384615384615,1
CUST_05191,16,24.595,43.08125,0
CUST_05192,21,26.525238095238095,45.65238095238095,0
CUST_05193,14,23.610000000000003,40.535714285714285,1
CUST_05194,17,27.045294117647057,47.11176470588235,0
CUST_05195,18,26.704444444444444,45.583333333333336,0
CUST_05196,16,27.7275,46.675,0
CUST_05197,21,26.723333333333336,43.523809523809526,0
CUST_05198,18,28.063333333333333,46.99444444444444,0
CUST_05199,25,27.8944,47.04,0
CUST_05200,17,30.23294117647059,50.1764705882353,0
CUST_05201,16,30.415625,50.00625,0
CUST_05202,21,23.55142857142857,40.79047619047619,1
CUST_05203,16,25.14125,42.3,0
CUST_05204,14,25.652142857142856,42.271428571428565,0
CUST_05205,20,27.6045,47.334999999999994,0
CUST_05206,22,28.857727272727274,49.90909090909091,0
CUST_05207,22,26.466363636363635,43.02727272727273,0
CUST_05208,18,28.833333333333332,49.26111111111111,0
CUST_05209,18,29.834444444444443,50.861111111111114,0
CUST_05210,16,28.318125,48.0625,0
CUST_05211,20,27.5015,45.85,0
CUST_05212,18,30.071111111111108,49.361111111111114,0
CUST_05213,22,28.585,48.86818181818182,0
CUST_05214,17,27.251176470588234,46.523529411764706,0
CUST_05215,19,25.06,42.589473684210525,0
CUST_05216,14,26.87142857142857,44.58571428571429,0
CUST_05217,23,27.489565217391306,48.15652173913043,0
CUST_05218,24,24.145833333333332,41.170833333333334,1
CUST_05219,16,30.359375,48.70625,0
CUST_05220,17,30.184117647058823,48.91764705882353,0
CUST_05221,24,24.530833333333334,42.300000000000004,1
CUST_05222,23,24.69913043478261,43.4,0
CUST_05223,20,28.2925,48.614999999999995,0
CUST_05224,15,32.28066666666667,53.22666666666667,0
CUST_05225,17,28.235294117647058,47.44705882352941,0
CUST_05226,18,31.206111111111113,50.172222222222224,0
CUST_05227,8,25.325,44.7,0
CUST_05228,23,30.05826086956522,51.99565217391305,0
CUST_05229,20,26.863,46.22,0
CUST_05230,11,26.345454545454547,44.663636363636364,0
CUST_05231,14,26.017857142857142,45.25714285714286,0
CUST_05232,20,24.2425,43.125,1
CUST_05233,20,27.4475,45.845,0
CUST_05234,17,28.871176470588235,48.12352941176471,0
CUST_05235,20,29.952999999999996,49.239999999999995,0
CUST_05236,14,21.534285714285716,37.699999999999996,1
CUST_05237,26,27.550769230769234,46.76538461538462,0
CUST_05238,22,27.969090909090905,47.56818181818182,0
CUST_05239,24,26.82625,46.13333333333333,0
CUST_05240,18,26.296666666666667,43.05,0
CUST_05241,21,25.958571428571428,43.67142857142857,0
CUST_05242,12,24.3025,39.59166666666667,1
CUST_05243,18,27.019444444444446,47.01111111111111,0
CUST_05244,19,29.539473684210527,50.4,0
CUST_05245,26,27.00846153846154,44.43076923076923,0
CUST_05246,23,29.132608695652173,49.339130434782604,0
CUST_05247,21,26.10809523809524,45.523809523809526,0
CUST_05248,18,28.88888888888889,46.19444444444444,0
CUST_05249,24,28.502916666666668,47.9375,0
CUST_05250,21,25.29380952380952,44.88095238095238,0
CUST_05251,13,27.436153846153847,46.58461538461539,0
CUST_05252,17,27.97,48.05882352941177,0
CUST_05253,21,24.136190476190478,42.13809523809524,1
CUST_05254,21,25.598095238095237,44.21904761904762,0
CUST_05255,19,28.12421052631579,47.08421052631579,0
CUST_05256,15,29.628666666666668,49.84666666666667,0
CUST_05257,19,29.727894736842106,48.78421052631579,0
CUST_05258,25,30.3136,50.412,0
CUST_05259,20,23.3315,39.845,1
CUST_05260,17,25.321764705882355,43.2764705882353,0
CUST_05261,12,31.723333333333333,51.041666666666664,0
CUST_05262,20,24.666,42.975,0
CUST_05263,27,29.22037037037037,49.970370370370375,0
CUST_05264,20,26.523000000000003,44.480000000000004,0
CUST_05265,29,28.423448275862068,47.27241379310345,0
CUST_05266,23,31.795217391304345,53.30869565217391,0
CUST_05267,24,26.52125,46.10833333333333,0
CUST_05268,19,24.335789473684212,41.026315789473685,1
CUST_05269,15,33.896,58.580000000000005,0
CUST_05270,17,26.372941176470587,43.45294117647059,0
CUST_05271,22,27.37,45.43636363636364,0
CUST_05272,20,29.223000000000003,48.65,0
CUST_05273,16,32.268125,51.95,0
CUST_05274,19,26.54105263157895,45.689473684210526,0
CUST_05275,16,26.39125,44.39375,0
CUST_05276,15,29.084,47.919999999999995,0
CUST_05277,17,29.151176470588236,48.12352941176471,0
CUST_05278,11,31.884545454545457,50.027272727272724,0
CUST_05279,12,27.2925,47.73333333333334,0
CUST_05280,18,27.570555555555554,47.46111111111111,0
CUST_05281,10,28.062,46.42,0
CUST_05282,11,26.814545454545453,51.345454545454544,0
CUST_05283,16,28.341874999999998,50.63125,0
CUST_05284,16,28.59875,47.33125,0
CUST_05285,11,25.63181818181818,44.77272727272727,0
CUST_05286,14,28.357857142857142,47.56428571428571,0
CUST_05287,25,28.58,48.348,0
CUST_05288,19,31.40315789473684,53.857894736842105,0
CUST_05289,24,30.730416666666667,51.2125,0
CUST_05290,11,28.718181818181815,45.02727272727273,0
CUST_05291,19,28.662105263157898,48.33157894736842,0
CUST_05292,17,28.06,47.80588235294118,0
CUST_05293,16,28.603125,48.1625,0
CUST_05294,14,31.137857142857143,53.300000000000004,0
CUST_05295,14,26.41714285714286,45.41428571428571,0
CUST_05296,19,25.840526315789475,44.757894736842104,0
CUST_05297,19,28.81894736842105,46.28421052631579,0
CUST_05298,12,22.4325,38.166666666666664,1
CUST_05299,16,22.68125,38.96875,1
CUST_05300,11,32.483636363636364,55.41818181818182,0
CUST_05301,16,27.4175,47.66875,0
CUST_05302,20,26.585,45.355000000000004,0
CUST_05303,15,28.47533333333333,48.70666666666667,0
CUST_05304,16,26.96875,48.1125,0
CUST_05305,23,31.474347826086955,53.143478260869564,0
CUST_05306,20,26.044999999999998,46.035000000000004,0
CUST_05307,17,31.631176470588237,53.370588235294115,0
CUST_05308,17,24.305882352941175,41.98823529411764,1
CUST_05309,21,27.90952380952381,48.976190476190474,0
CUST_05310,22,30.662272727272725,51.74090909090909,0
CUST_05311,20,25.628500000000003,45.005,0
CUST_05312,25,27.4912,46.196000000000005,0
CUST_05313,17,29.99470588235294,50.21764705882353,0
CUST_05314,25,26.6664,43.803999999999995,0
CUST_05315,12,23.90833333333333,40.65833333333333,1
CUST_05316,20,33.3525,55.07000000000001,0
CUST_05317,15,24.642,44.35333333333333,0
CUST_05318,14,25.00357142857143,43.15,0
CUST_05319,25,24.7684,42.263999999999996,0
CUST_05320,18,27.666666666666668,46.855555555555554,0
CUST_05321,15,29.705333333333332,49.1,0
CUST_05322,20,29.3705,47.905,0
CUST_05323,19,25.051578947368423,44.73157894736842,0
CUST_05324,18,27.547777777777778,47.03333333333333,0
CUST_05325,13,23.775384615384613,41.83846153846154,1
CUST_05326,19,27.115263157894734,46.77368421052632,0
CUST_05327,14,24.255,42.278571428571425,1
CUST_05328,14,30.415,51.90714285714286,0
CUST_05329,21,26.431904761904764,44.17142857142857,0
CUST_05330,12,29.410833333333333,50.416666666666664,0
CUST_05331,14,26.232142857142858,44.471428571428575,0
CUST_05332,16,24.884375,42.63125,0
CUST_05333,24,25.99083333333333,43.51666666666667,0
CUST_05334,18,25.10888888888889,43.82222222222222,0
CUST_05335,19,28.539473684210527,48.757894736842104,0
CUST_05336,21,29.60285714285714,49.5047619047619,0
CUST_05337,21,24.324761904761903,42.59047619047619,1
CUST_05338,20,27.544999999999998,47.225,0
CUST_05339,18,33.25666666666667,55.25555555555556,0
CUST_05340,19,29.551052631578948,49.62105263157895,0
CUST_05341,20,26.358999999999998,44.864999999999995,0
CUST_05342,27,25.74888888888889,45.05925925925926,0
CUST_05343,22,26.147727272727273,44.92272727272727,0
CUST_05344,20,33.235,52.94500000000001,0
CUST_05345,24,27.732916666666668,44.68333333333334,0
CUST_05346,19,30.90473684210526,51.93684210526315,0
CUST_05347,21,26.86571428571429,44.00476190476191,0
CUST_05348,15,26.752,44.04666666666667,0
CUST_05349,32,25.5903125,42.040625,0
CUST_05350,19,27.211052631578948,46.810526315789474,0
CUST_05351,18,28.317777777777778,47.02222222222222,0
CUST_05352,16,32.13125,51.425,0
CUST_05353,21,30.962857142857143,52.27142857142857,0
CUST_05354,20,27.951,46.964999999999996,0
CUST_05355,12,28.120833333333334,47.75833333333333,0
CUST_05356,24,28.920416666666668,48.75,0
CUST_05357,18,26.87222222222222,45.22222222222222,0
CUST_05358,18,23.978333333333335,41.583333333333336,1
CUST_05359,15,31.406,53.913333333333334,0
CUST_05360,20,26.323500000000003,45.15,0
CUST_05361,22,27.59,47.959090909090904,0
CUST_05362,26,27.206153846153846,47.32692307692308,0
CUST_05363,16,28.37625,47.9875,0
CUST_05364,13,23.591538461538462,39.87692307692308,1
CUST_05365,19,26.46157894736842,43.294736842105266,0
CUST_05366,17,25.87470588235294,43.80588235294118,0
CUST_05367,11,31.187272727272727,52.46363636363637,0
CUST_05368,17,25.78529411764706,44.23529411764706,0
CUST_05369,15,28.191333333333333,45.95333333333333,0
CUST_05370,19,27.274736842105266,46.18421052631579,0
CUST_05371,12,29.441666666666666,48.65833333333333,0
CUST_05372,18,33.79277777777778,55.599999999999994,0
CUST_05373,16,26.105,45.95625,0
CUST_05374,17,25.868823529411763,43.88235294117647,0
CUST_05375,22,28.746363636363636,47.79545454545455,0
CUST_05376,25,27.1772,45.284,0
CUST_05377,11,28.37,48.96363636363637,0
CUST_05378,17,27.08058823529412,44.59411764705882,0
CUST_05379,23,29.109130434782607,48.38260869565217,0
CUST_05380,15,28.124000000000002,45.93333333333333,0
CUST_05381,24,28.349166666666665,48.92083333333333,0
CUST_05382,20,25.623,43.705,0
CUST_05383,14,26.333571428571428,46.792857142857144,0
CUST_05384,15,26.697333333333333,44.34,0
CUST_05385,18,32.230555555555554,53.55555555555556,0
CUST_05386,21,33.20619047619048,55.82380952380952,0
CUST_05387,22,26.426363636363636,45.31363636363636,0
CUST_05388,14,27.472857142857144,45.25714285714286,0
CUST_05389,12,31.521666666666665,54.800000000000004,0
CUST_05390,16,25.621875,42.89375,0
CUST_05391,14,25.57857142857143,43.878571428571426,0
CUST_05392,17,25.084705882352942,41.88823529411765,0
CUST_05393,16,25.085625,42.4125,0
CUST_05394,8,27.34375,46.9125,0
CUST_05395,21,26.21142857142857,46.98571428571429,0
CUST_05396,13,24.70846153846154,41.76153846153846,1
CUST_05397,20,28.917,47.415,0
CUST_05398,25,25.0724,42.78,0
CUST_05399,14,24.352857142857143,41.66428571428571,1
CUST_05400,18,28.05,46.78333333333333,0
CUST_05401,17,28.581764705882353,46.2235294117647,0
CUST_05402,15,26.054666666666666,45.62,0
CUST_05403,25,23.395599999999998,40.66,1
CUST_05404,17,27.680588235294117,47.62352941176471,0
CUST_05405,17,26.563529411764705,45.77058823529412,0
CUST_05406,18,30.275000000000002,49.855555555555554,0
CUST_05407,21,33.906190476190474,57.00952380952381,0
CUST_05408,20,29.222500000000004,50.614999999999995,0
CUST_05409,13,28.171538461538464,46.88461538461539,0
CUST_05410,17,29.06235294117647,51.94117647058823,0
CUST_05411,16,22.555625,38.63125,1
CUST_05412,25,29.374000000000002,49.508,0
CUST_05413,21,29.68,51.06666666666667,0
CUST_05414,22,30.485909090909093,50.99090909090909,0
CUST_05415,20,24.8285,42.815,0
CUST_05416,22,25.045,42.81818181818182,0
CUST_05417,22,29.292272727272724,49.07727272727273,0
CUST_05418,18,28.024444444444445,45.15555555555555,0
CUST_05419,20,26.689,45.480000000000004,0
CUST_05420,19,28.161052631578944,47.87894736842105,0
CUST_05421,16,30.243125,53.1875,0
CUST_05422,20,26.357,43.81,0
CUST_05423,13,28.923846153846153,47.638461538461534,0
CUST_05424,12,27.598333333333333,47.416666666666664,0
CUST_05425,20,30.193,51.64,0
CUST_05426,17,29.79470588235294,50.26470588235294,0
CUST_05427,19,31.468947368421052,51.310526315789474,0
CUST_05428,20,24.746,44.625,0
CUST_05429,24,26.927083333333332,44.68333333333334,0
CUST_05430,17,28.860588235294117,47.84705882352941,0
CUST_05431,21,27.794285714285714,46.17142857142857,0
CUST_05432,17,28.527647058823533,48.51176470588236,0
CUST_05433,18,25.674999999999997,41.93888888888889,0
CUST_05434,21,27.898095238095237,48.60476190476191,0
CUST_05435,21,30.525714285714283,50.89523809523809,0
CUST_05436,13,23.72230769230769,42.607692307692304,1
CUST_05437,21,26.42904761904762,46.576190476190476,0
CUST_05438,14,29.13,48.521428571428565,0
CUST_05439,20,27.213,47.739999999999995,0
CUST_05440,22,25.523636363636363,44.04090909090909,0
CUST_05441,18,27.028333333333332,46.87777777777777,0
CUST_05442,18,28.058888888888887,47.06111111111111,0
CUST_05443,24,29.22,49.583333333333336,0
CUST_05444,18,29.659444444444446,50.083333333333336,0
CUST_05445,15,24.496,40.919999999999995,1
CUST_05446,23,28.96608695652174,47.83043478260869,0
CUST_05447,13,27.151538461538465,47.58461538461539,0
CUST_05448,23,30.72304347826087,50.904347826086955,0
CUST_05449,16,30.15,50.0375,0
CUST_05450,15,28.812666666666665,47.96666666666667,0
CUST_05451,17,24.89529411764706,43.199999999999996,0
CUST_05452,22,26.128636363636364,43.02727272727273,0
CUST_05453,15,26.532666666666668,46.75333333333333,0
CUST_05454,17,30.858235294117648,52.72941176470588,0
CUST_05455,15,28.636000000000003,48.2,0
CUST_05456,23,22.30652173913043,37.99130434782609,1
CUST_05457,16,24.6825,40.575,1
CUST_05458,19,26.812105263157896,45.46842105263158,0
CUST_05459,13,27.764615384615386,45.723076923076924,0
CUST_05460,16,24.541249999999998,42.73125,0
CUST_05461,17,30.269411764705886,50.57058823529412,0
CUST_05462,18,26.300555555555558,44.333333333333336,0
CUST_05463,16,26.014375,43.2125,0
CUST_05464,15,27.98,46.92666666666666,0
CUST_05465,15,24.158666666666665,40.55333333333333,1
CUST_05466,18,30.486666666666665,49.77222222222222,0
CUST_05467,16,29.124375,47.725,0
CUST_05468,14,27.770714285714288,46.24285714285714,0
CUST_05469,11,28.206363636363633,48.93636363636363,0
CUST_05470,18,29.89944444444445,49.833333333333336,0
CUST_05471,15,30.107333333333333,50.22666666666667,0
CUST_05472,22,28.97409090909091,51.554545454545455,0
CUST_05473,15,28.695333333333334,47.29333333333333,0
CUST_05474,13,27.451538461538462,46.400000000000006,0
CUST_05475,14,24.294285714285714,42.300000000000004,1
CUST_05476,17,24.73705882352941,42.741176470588236,0
CUST_05477,24,28.653333333333332,49.30416666666667,0
CUST_05478,16,25.859375,43.64375,0
CUST_05479,21,28.88285714285714,48.666666666666664,0
CUST_05480,22,32.41045454545454,54.36818181818182,0
CUST_05481,20,24.8355,42.635000000000005,0
CUST_05482,17,32.78588235294118,55.59411764705882,0
CUST_05483,10,32.859,56.379999999999995,0
CUST_05484,15,23.036,38.06666666666667,1
CUST_05485,21,26.433333333333334,44.51904761904762,0
CUST_05486,18,25.486666666666665,43.544444444444444,0
CUST_05487,18,32.767222222222216,51.849999999999994,0
CUST_05488,18,29.223888888888887,50.894444444444446,0
CUST_05489,17,28.214117647058824,47.90588235294118,0
CUST_05490,19,27.389473684210525,47.11052631578948,0
CUST_05491,17,29.07470588235294,50.21176470588235,0
CUST_05492,20,27.553499999999996,45.985,0
CUST_05493,23,26.57260869565218,45.165217391304346,0
CUST_05494,15,29.096,48.93333333333333,0
CUST_05495,19,25.486842105263158,43.305263157894736,0
CUST_05496,22,27.55363636363636,46.18181818181818,0
CUST_05497,17,28.38764705882353,48.03529411764706,0
CUST_05498,16,27.689375000000002,48.0,0
CUST_05499,21,29.412857142857142,49.147619047619045,0
CUST_05500,18,23.276666666666667,38.57222222222222,1
CUST_05501,18,24.66166666666667,42.205555555555556,1
CUST_05502,24,28.05333333333333,47.78333333333333,0
CUST_05503,18,23.683888888888887,41.333333333333336,1
CUST_05504,21,28.122857142857146,46.2952380952381,0
CUST_05505,14,28.255714285714284,47.66428571428571,0
CUST_05506,19,30.036842105263162,50.68421052631579,0
CUST_05507,22,25.895454545454548,45.07727272727273,0
CUST_05508,12,25.015833333333333,43.791666666666664,0
CUST_05509,17,29.146470588235296,49.07647058823529,0
CUST_05510,15,27.699333333333335,46.98,0
CUST_05511,23,33.133913043478266,54.2695652173913,0
CUST_05512,21,26.23619047619048,44.06666666666666,0
CUST_05513,18,30.11777777777778,51.11666666666667,0
CUST_05514,14,25.12285714285714,42.82142857142857,0
CUST_05515,38,28.49631578947368,47.71052631578947,0
CUST_05516,18,25.889444444444443,44.44444444444444,0
CUST_05517,20,27.063,44.625,0
CUST_05518,12,29.64833333333333,50.458333333333336,0
CUST_05519,21,25.112380952380953,43.40952380952381,0
CUST_05520,23,30.032608695652176,48.89565217391304,0
CUST_05521,23,25.07608695652174,43.05652173913044,0
CUST_05522,18,29.041666666666668,48.81111111111111,0
CUST_05523,20,26.115499999999997,44.644999999999996,0
CUST_05524,20,30.1305,49.54,0
CUST_05525,16,30.37,51.3125,0
CUST_05526,14,25.33857142857143,40.58571428571429,1
CUST_05527,16,26.168125,44.4625,0
CUST_05528,10,31.543,50.54,0
CUST_05529,19,27.42736842105263,46.59473684210526,0
CUST_05530,15,28.432666666666666,50.85333333333333,0
CUST_05531,20,28.788,50.260000000000005,0
CUST_05532,11,25.61909090909091,42.78181818181818,0
CUST_05533,20,30.1595,50.230000000000004,0
CUST_05534,21,27.56,46.93333333333334,0
CUST_05535,21,31.56857142857143,52.86190476190476,0
CUST_05536,24,24.710416666666664,40.925000000000004,1
CUST_05537,12,30.006666666666664,52.625,0
CUST_05538,19,25.527894736842107,43.89473684210526,0
CUST_05539,26,21.60346153846154,38.50769230769231,1
CUST_05540,15,27.953333333333333,48.03333333333333,0
CUST_05541,18,27.099444444444444,44.105555555555554,0
CUST_05542,13,32.716923076923074,55.79230769230769,0
CUST_05543,20,24.8865,42.26,0
CUST_05544,19,29.011578947368424,47.94210526315789,0
CUST_05545,20,24.2245,40.14,1
CUST_05546,15,27.546666666666667,49.85333333333333,0
CUST_05547,18,24.60111111111111,41.53888888888889,1
CUST_05548,17,29.89294117647059,49.66470588235294,0
CUST_05549,12,23.483333333333334,40.75833333333333,1
CUST_05550,25,26.6448,44.808,0
CUST_05551,27,29.625185185185185,49.629629629629626,0
CUST_05552,15,30.013333333333332,50.32666666666667,0
CUST_05553,27,26.889629629629628,45.403703703703705,0
CUST_05554,17,26.14,43.017647058823535,0
CUST_05555,18,28.025,46.97222222222222,0
CUST_05556,16,28.115625,47.625,0
CUST_05557,13,28.84,47.97692307692308,0
CUST_05558,20,28.6005,47.61,0
CUST_05559,19,28.042631578947365,47.11578947368421,0
CUST_05560,21,28.143333333333334,46.804761904761904,0
CUST_05561,14,24.096428571428568,39.778571428571425,1
CUST_05562,15,28.727333333333334,48.38666666666666,0
CUST_05563,22,28.70818181818182,48.790909090909096,0
CUST_05564,11,19.57,34.41818181818182,1
CUST_05565,25,29.1268,49.611999999999995,0
CUST_05566,13,32.24,51.73076923076923,0
CUST_05567,15,30.684666666666665,51.7,0
CUST_05568,13,23.825384615384618,41.96923076923077,1
CUST_05569,23,32.04695652173913,54.88260869565217,0
CUST_05570,20,25.073,41.89,0
CUST_05571,23,31.131304347826084,53.02173913043478,0
CUST_05572,21,27.601904761904763,45.71904761904762,0
CUST_05573,14,25.044285714285714,45.357142857142854,0
CUST_05574,23,24.934782608695652,42.84347826086957,0
CUST_05575,24,27.87375,45.916666666666664,0
CUST_05576,26,25.25153846153846,43.61538461538461,0
CUST_05577,19,31.442105263157895,54.03684210526316,0
CUST_05578,21,27.315238095238094,48.2952380952381,0
CUST_05579,18,28.553888888888892,49.3,0
CUST_05580,17,30.20529411764706,51.94117647058823,0
CUST_05581,21,29.42,47.7047619047619,0
CUST_05582,14,27.462142857142858,43.878571428571426,0
CUST_05583,21,25.36857142857143,43.423809523809524,0
CUST_05584,20,26.945,44.535000000000004,0
CUST_05585,20,27.922000000000004,48.845000000000006,0
CUST_05586,25,29.464000000000002,48.244,0
CUST_05587,17,28.988235294117647,48.06470588235294,0
CUST_05588,7,19.784285714285716,33.642857142857146,1
CUST_05589,12,32.43833333333333,56.025,0
CUST_05590,20,29.541500000000003,49.265,0
CUST_05591,25,29.8292,49.992,0
CUST_05592,23,28.82782608695652,47.05652173913043,0
CUST_05593,16,24.66,42.00625,1
CUST_05594,16,27.861875,49.15625,0
CUST_05595,21,29.67761904761905,48.00952380952381,0
CUST_05596,16,28.468125,48.35625,0
CUST_05597,15,26.023333333333333,47.18666666666666,0
CUST_05598,24,28.630416666666665,47.77916666666667,0
CUST_05599,18,27.320555555555554,45.333333333333336,0
CUST_05600,19,27.066842105263156,48.88421052631579,0
CUST_05601,22,23.600454545454546,40.518181818181816,1
CUST_05602,21,25.910476190476192,43.023809523809526,0
CUST_05603,18,24.40277777777778,42.28888888888889,1
CUST_05604,15,23.708000000000002,40.666666666666664,1
CUST_05605,16,31.265,54.81875,0
CUST_05606,18,29.970555555555556,50.67777777777778,0
CUST_05607,13,23.025384615384613,38.207692307692305,1
CUST_05608,27,24.43185185185185,42.711111111111116,0
CUST_05609,16,28.861874999999998,48.2375,0
CUST_05610,20,26.235000000000003,44.505,0
CUST_05611,20,26.1565,42.35,0
CUST_05612,23,32.098260869565216,55.39565217391304,0
CUST_05613,14,25.992857142857144,44.521428571428565,0
CUST_05614,13,29.632307692307695,47.88461538461539,0
CUST_05615,21,25.43809523809524,43.41428571428571,0
CUST_05616,18,29.259999999999998,50.18333333333333,0
CUST_05617,22,29.75772727272727,48.60909090909092,0
CUST_05618,21,26.427142857142858,45.72857142857143,0
CUST_05619,14,27.65357142857143,47.607142857142854,0
CUST_05620,16,31.865625,52.9875,0
CUST_05621,20,28.000999999999998,46.485,0
CUST_05622,14,24.306428571428572,39.48571428571428,1
CUST_05623,22,26.490454545454543,46.32272727272727,0
CUST_05624,18,31.08388888888889,53.53888888888889,0
CUST_05625,15,30.185333333333336,49.7,0
CUST_05626,19,27.17105263157895,46.136842105263156,0
CUST_05627,22,28.28136363636364,48.25,0
CUST_05628,14,34.190714285714286,59.68571428571429,0
CUST_05629,23,27.152608695652173,46.36521739130435,0
CUST_05630,15,27.58533333333333,46.86666666666667,0
CUST_05631,19,28.683684210526316,47.94210526315789,0
CUST_05632,18,26.715555555555554,43.577777777777776,0
CUST_05633,21,27.72095238095238,44.17142857142857,0
CUST_05634,21,24.32333333333333,41.12857142857143,1
CUST_05635,14,27.899285714285718,47.17857142857143,0
CUST_05636,18,22.663333333333334,38.455555555555556,1
CUST_05637,13,24.163846153846155,39.65384615384615,1
CUST_05638,23,30.089565217391304,50.19130434782609,0
CUST_05639,27,30.4837037037037,52.770370370370365,0
CUST_05640,16,26.623124999999998,45.7625,0
CUST_05641,17,28.611176470588234,48.36470588235294,0
CUST_05642,16,27.488125,42.96875,0
CUST_05643,20,31.214999999999996,52.46,0
CUST_05644,33,28.959696969696967,49.372727272727275,0
CUST_05645,17,28.480588235294118,46.92941176470588,0
CUST_05646,14,31.432142857142857,53.17857142857143,0
CUST_05647,20,24.753,43.08,0
CUST_05648,17,27.001764705882355,45.241176470588236,0
CUST_05649,19,26.412105263157894,44.73157894736842,0
CUST_05650,14,27.912857142857142,47.82142857142857,0
CUST_05651,23,28.58608695652174,47.86086956521739,0
CUST_05652,25,26.101599999999998,43.648,0
CUST_05653,13,27.224615384615387,44.08461538461539,0
CUST_05654,23,25.278695652173912,43.88695652173913,0
CUST_05655,18,28.435555555555556,48.75555555555556,0
CUST_05656,21,30.895714285714284,53.480952380952374,0
CUST_05657,18,30.47611111111111,50.855555555555554,0
CUST_05658,11,30.315454545454546,50.41818181818182,0
CUST_05659,8,32.535000000000004,56.974999999999994,0
CUST_05660,18,30.32388888888889,49.52222222222222,0
CUST_05661,10,25.387999999999998,45.010000000000005,0
CUST_05662,13,27.640769230769234,47.34615384615385,0
CUST_05663,16,26.21625,43.54375,0
CUST_05664,25,32.2888,51.663999999999994,0
CUST_05665,20,25.9515,43.485,0
CUST_05666,24,29.9025,49.05833333333334,0
CUST_05667,21,31.240476190476187,52.11428571428572,0
CUST_05668,23,25.888260869565215,42.82608695652174,0
CUST_05669,13,23.413076923076922,39.96923076923077,1
CUST_05670,17,24.222941176470584,42.53529411764706,1
CUST_05671,13,28.78923076923077,45.93076923076923,0
CUST_05672,20,26.698500000000003,45.635000000000005,0
CUST_05673,21,32.98714285714286,53.22857142857143,0
CUST_05674,13,25.802307692307693,44.23076923076923,0
CUST_05675,15,31.567999999999998,51.84666666666667,0
CUST_05676,16,34.218125,59.03125,0
CUST_05677,19,25.38684210526316,43.199999999999996,0
CUST_05678,18,31.074444444444445,51.099999999999994,0
CUST_05679,14,22.52642857142857,37.957142857142856,1
CUST_05680,23,25.628695652173914,43.32608695652174,0
CUST_05681,25,28.3976,47.228,0
CUST_05682,19,22.359473684210524,37.294736842105266,1
CUST_05683,18,24.80388888888889,44.3,0
CUST_05684,13,26.48153846153846,46.92307692307692,0
CUST_05685,17,34.76117647058824,58.317647058823525,0
CUST_05686,16,28.044375000000002,46.46875,0
CUST_05687,19,25.824736842105263,43.43684210526315,0
CUST_05688,17,27.393529411764707,44.688235294117646,0
CUST_05689,22,30.16090909090909,50.26363636363636,0
CUST_05690,20,28.110500000000002,46.375,0
CUST_05691,19,27.8,45.026315789473685,0
CUST_05692,14,31.714285714285715,49.85,0
CUST_05693,20,28.4125,48.855000000000004,0
CUST_05694,19,29.15105263157895,48.58421052631579,0
CUST_05695,18,33.05111111111111,54.03888888888889,0
CUST_05696,21,25.490952380952383,45.31904761904762,0
CUST_05697,13,30.69076923076923,52.30769230769231,0
CUST_05698,20,26.7185,45.375,0
CUST_05699,12,26.513333333333335,44.1,0
CUST_05700,24,27.58666666666667,47.73333333333333,0
CUST_05701,20,28.347500000000004,48.519999999999996,0
CUST_05702,20,27.899,48.144999999999996,0
CUST_05703,12,29.58,51.64166666666667,0
CUST_05704,22,25.417272727272724,41.92272727272727,0
CUST_05705,21,29.153333333333336,50.333333333333336,0
CUST_05706,26,29.6,51.276923076923076,0
CUST_05707,16,27.39875,44.39375,0
CUST_05708,17,31.12882352941177,52.01764705882353,0
CUST_05709,19,28.903684210526315,49.66315789473684,0
CUST_05710,16,29.638125,50.1125,0
CUST_05711,20,26.531,44.36,0
CUST_05712,15,26.615333333333336,44.413333333333334,0
CUST_05713,20,29.3635,51.065,0
CUST_05714,14,27.25142857142857,42.68571428571429,0
CUST_05715,19,27.77368421052632,45.41052631578947,0
CUST_05716,15,25.622,44.22666666666667,0
CUST_05717,15,28.245333333333335,49.70666666666667,0
CUST_05718,17,28.691176470588236,48.56470588235294,0
CUST_05719,19,29.991578947368424,49.22631578947368,0
CUST_05720,15,29.624666666666666,50.986666666666665,0
CUST_05721,17,24.62529411764706,41.4,1
CUST_05722,29,27.71379310344828,47.00344827586208,0
CUST_05723,18,28.084444444444443,48.23888888888889,0
CUST_05724,23,24.710434782608697,39.62173913043478,1
CUST_05725,15,26.746,46.86,0
CUST_05726,11,30.545454545454547,50.372727272727275,0
CUST_05727,14,28.698571428571427,48.57857142857143,0
CUST_05728,18,26.318333333333335,47.45,0
CUST_05729,20,25.0205,41.675,0
CUST_05730,18,29.580000000000002,49.205555555555556,0
CUST_05731,18,24.08111111111111,41.605555555555554,1
CUST_05732,18,27.655555555555555,46.416666666666664,0
CUST_05733,26,26.532307692307693,45.50769230769231,0
CUST_05734,25,27.95,47.8,0
CUST_05735,29,25.591379310344827,43.234482758620686,0
CUST_05736,20,25.967000000000002,43.825,0
CUST_05737,13,27.806923076923077,47.21538461538462,0
CUST_05738,20,27.448,46.19,0
CUST_05739,22,29.100454545454546,47.35909090909092,0
CUST_05740,20,28.595999999999997,47.575,0
CUST_05741,20,26.6115,44.334999999999994,0
CUST_05742,16,27.764375,47.75,0
CUST_05743,17,28.714117647058824,47.55882352941177,0
CUST_05744,20,27.491000000000003,47.675,0
CUST_05745,21,29.187142857142856,48.1,0
CUST_05746,16,25.75875,42.275,0
CUST_05747,22,29.798181818181817,49.58636363636364,0
CUST_05748,17,25.196470588235293,43.141176470588235,0
CUST_05749,25,29.617600000000003,48.848,0
CUST_05750,12,25.764166666666664,41.375,0
CUST_05751,23,25.619565217391305,43.20434782608696,0
CUST_05752,15,36.32866666666666,58.20666666666667,0
CUST_05753,20,25.5835,44.08,0
CUST_05754,24,26.909583333333334,46.37083333333334,0
CUST_05755,12,25.573333333333334,45.18333333333334,0
CUST_05756,26,27.634999999999998,45.44615384615384,0
CUST_05757,21,27.00238095238095,45.99047619047619,0
CUST_05758,25,27.8844,47.088,0
CUST_05759,17,22.75176470588235,41.241176470588236,1
CUST_05760,17,30.96058823529412,52.91764705882353,0
CUST_05761,29,30.728275862068966,48.52758620689655,0
CUST_05762,20,25.998,42.980000000000004,0
CUST_05763,19,27.51,45.66315789473684,0
CUST_05764,15,23.354666666666667,39.89333333333333,1
CUST_05765,18,24.40833333333333,42.361111111111114,1
CUST_05766,12,29.364166666666666,50.43333333333334,0
CUST_05767,20,26.762,44.22,0
CUST_05768,13,27.614615384615384,49.03076923076923,0
CUST_05769,17,31.491764705882353,53.04117647058824,0
CUST_05770,19,32.13263157894737,53.72631578947369,0
CUST_05771,23,26.334347826086958,45.06521739130435,0
CUST_05772,18,28.80222222222222,48.733333333333334,0
CUST_05773,12,29.065833333333334,49.76666666666667,0
CUST_05774,20,28.420499999999997,47.485,0
CUST_05775,22,29.938636363636363,49.654545454545456,0
CUST_05776,18,23.848888888888887,40.05555555555556,1
CUST_05777,14,29.69,52.771428571428565,0
CUST_05778,13,26.713846153846152,46.43076923076923,0
CUST_05779,23,28.428260869565218,50.00869565217391,0
CUST_05780,24,29.123333333333335,47.425000000000004,0
CUST_05781,17,27.670588235294115,45.705882352941174,0
CUST_05782,17,27.28882352941176,46.95294117647059,0
CUST_05783,14,31.174285714285713,52.221428571428575,0
CUST_05784,26,29.98,51.05,0
CUST_05785,16,29.318125,49.237500000000004,0
CUST_05786,17,27.654117647058825,46.03529411764706,0
CUST_05787,22,26.579090909090908,43.52272727272727,0
CUST_05788,16,25.784375,42.38125,0
CUST_05789,21,30.592380952380957,49.147619047619045,0
CUST_05790,16,30.000625,48.775,0
CUST_05791,15,27.918666666666663,45.333333333333336,0
CUST_05792,17,28.94529411764706,45.98235294117647,0
CUST_05793,18,25.332222222222224,42.55555555555556,0
CUST_05794,18,25.906666666666666,44.87777777777777,0
CUST_05795,13,25.633076923076924,44.5,0
CUST_05796,18,28.21388888888889,46.144444444444446,0
CUST_05797,26,26.96807692307692,45.18846153846154,0
CUST_05798,24,27.20375,46.637499999999996,0
CUST_05799,26,26.567692307692308,45.88461538461539,0
CUST_05800,27,29.585925925925924,48.57037037037038,0
CUST_05801,21,26.54285714285714,43.61904761904762,0
CUST_05802,17,27.901764705882353,45.84117647058823,0
CUST_05803,18,28.008333333333333,47.26111111111111,0
CUST_05804,19,29.71473684210526,48.147368421052626,0
CUST_05805,14,31.417142857142856,52.82857142857143,0
CUST_05806,27,25.171481481481482,42.7962962962963,0
CUST_05807,25,29.768800000000002,49.536,0
CUST_05808,13,24.964615384615385,40.96153846153846,1
CUST_05809,22,25.75409090909091,45.309090909090905,0
CUST_05810,21,31.589523809523808,52.81428571428571,0
CUST_05811,22,28.59181818181818,47.03181818181818,0
CUST_05812,18,26.101666666666667,44.166666666666664,0
CUST_05813,24,28.242083333333337,46.46666666666667,0
CUST_05814,31,31.463870967741936,54.196774193548386,0
CUST_05815,14,27.534285714285716,48.707142857142856,0
CUST_05816,19,23.68631578947368,41.6,1
CUST_05817,15,27.137333333333334,47.81333333333334,0
CUST_05818,22,29.391363636363636,49.38636363636363,0
CUST_05819,19,25.77,41.27894736842105,0
CUST_05820,10,23.223,39.989999999999995,1
CUST_05821,15,22.81066666666667,37.79333333333333,1
CUST_05822,17,26.794117647058822,46.358823529411765,0
CUST_05823,21,24.03761904761905,40.857142857142854,1
CUST_05824,27,26.485925925925926,45.43703703703704,0
CUST_05825,24,27.095416666666665,44.15,0
CUST_05826,17,24.978235294117646,42.38235294117647,0
CUST_05827,13,26.93769230769231,46.87692307692308,0
CUST_05828,20,26.156,42.980000000000004,0
CUST_05829,20,34.57,58.25,0
CUST_05830,18,33.13111111111111,55.233333333333334,0
CUST_05831,20,34.909,57.95,0
CUST_05832,22,30.168636363636367,50.24090909090909,0
CUST_05833,19,25.35578947368421,42.91578947368421,0
CUST_05834,21,25.444761904761908,44.87142857142857,0
CUST_05835,13,29.39923076923077,51.30769230769231,0
CUST_05836,29,27.38413793103448,47.789655172413795,0
CUST_05837,13,27.134615384615383,45.56923076923077,0
CUST_05838,18,23.290555555555557,40.23888888888889,1
CUST_05839,23,29.684782608695652,49.54347826086956,0
CUST_05840,14,27.495,48.59285714285714,0
CUST_05841,22,28.235909090909093,46.91818181818182,0
CUST_05842,15,26.198666666666668,45.81333333333334,0
CUST_05843,15,26.755333333333333,46.78666666666666,0
CUST_05844,21,29.184285714285714,49.457142857142856,0
CUST_05845,14,25.235714285714288,42.449999999999996,0
CUST_05846,16,24.560625,43.10625,0
CUST_05847,11,28.229090909090907,50.00909090909091,0
CUST_05848,19,30.329473684210527,50.46315789473684,0
CUST_05849,13,25.684615384615384,45.2,0
CUST_05850,17,25.134705882352943,44.129411764705885,0
CUST_05851,29,29.57241379310345,49.40344827586207,0
CUST_05852,26,27.15192307692308,46.24230769230769,0
CUST_05853,11,31.847272727272728,51.73636363636364,0
CUST_05854,20,25.8545,44.015,0
CUST_05855,16,28.036875000000002,47.6375,0
CUST_05856,22,26.84272727272727,44.21818181818182,0
CUST_05857,21,26.581428571428575,45.41428571428572,0
CUST_05858,23,33.80478260869565,59.45217391304348,0
CUST_05859,19,28.91736842105263,48.67368421052631,0
CUST_05860,19,30.892105263157898,51.93684210526315,0
CUST_05861,10,24.118000000000002,43.769999999999996,1
CUST_05862,13,27.599230769230772,45.353846153846156,0
CUST_05863,19,28.731052631578947,49.36842105263158,0
CUST_05864,23,27.432608695652174,46.20434782608696,0
CUST_05865,16,30.90125,53.39375,0
CUST_05866,17,26.636470588235294,43.411764705882355,0
CUST_05867,22,31.34,54.790909090909096,0
CUST_05868,23,27.203913043478263,45.9304347826087,0
CUST_05869,20,31.467000000000002,52.895,0
CUST_05870,15,25.66,44.126666666666665,0
CUST_05871,14,30.357142857142858,50.50714285714286,0
CUST_05872,15,30.909333333333333,53.059999999999995,0
CUST_05873,9,30.64444444444444,50.65555555555555,0
CUST_05874,13,27.214615384615385,45.74615384615385,0
CUST_05875,11,25.980909090909087,43.6,0
CUST_05876,20,28.6025,49.335,0
CUST_05877,18,28.32611111111111,48.099999999999994,0
CUST_05878,22,27.6,45.595454545454544,0
CUST_05879,12,31.145,50.88333333333333,0
CUST_05880,17,26.791176470588233,45.88823529411765,0
CUST_05881,17,26.44235294117647,44.588235294117645,0
CUST_05882,22,27.58818181818182,44.60909090909091,0
CUST_05883,22,31.225454545454546,54.59090909090909,0
CUST_05884,22,25.28318181818182,42.04545454545455,0
CUST_05885,23,26.661739130434785,44.09130434782609,0
CUST_05886,21,26.252857142857145,43.857142857142854,0
CUST_05887,17,24.628823529411765,41.0,1
CUST_05888,18,26.01833333333333,44.416666666666664,0
CUST_05889,17,32.199999999999996,56.22941176470588,0
CUST_05890,17,21.04,36.870588235294115,1
CUST_05891,12,29.6125,52.81666666666666,0
CUST_05892,18,25.40222222222222,43.59444444444445,0
CUST_05893,23,28.14217391304348,47.92173913043479,0
CUST_05894,16,26.520625,43.975,0
CUST_05895,16,29.459375,51.0625,0
CUST_05896,14,29.630714285714284,49.44285714285714,0
CUST_05897,15,25.043333333333333,42.4,0
CUST_05898,18,29.36555555555556,48.96666666666667,0
CUST_05899,17,22.928823529411765,38.92941176470588,1
CUST_05900,16,28.883125,48.4,0
CUST_05901,24,25.573333333333334,43.86666666666667,0
CUST_05902,18,23.008333333333333,41.361111111111114,1
CUST_05903,25,27.5652,47.588,0
CUST_05904,20,27.997000000000003,46.394999999999996,0
CUST_05905,11,25.280909090909095,42.88181818181818,0
CUST_05906,22,22.851363636363637,38.25454545454546,1
CUST_05907,25,27.246,45.36,0
CUST_05908,16,31.469375,51.38125,0
CUST_05909,20,28.759499999999996,50.72,0
CUST_05910,16,28.753125,47.0375,0
CUST_05911,13,27.903846153846153,45.638461538461534,0
CUST_05912,19,28.522631578947365,47.747368421052634,0
CUST_05913,17,26.148823529411764,44.85294117647059,0
CUST_05914,22,30.713636363636365,52.01363636363636,0
CUST_05915,16,24.388125,41.8125,1
CUST_05916,17,30.218235294117648,50.12352941176471,0
CUST_05917,16,25.641875,44.78125,0
CUST_05918,20,28.041499999999996,47.14,0
CUST_05919,17,27.499411764705883,48.80588235294118,0
CUST_05920,14,30.564285714285717,52.93571428571429,0
CUST_05921,22,31.8,51.53181818181818,0
CUST_05922,15,26.682000000000002,45.00666666666667,0
CUST_05923,20,27.690499999999997,47.83,0
CUST_05924,19,26.224736842105262,42.94736842105263,0
CUST_05925,20,29.4935,49.4,0
CUST_05926,22,28.291363636363634,46.53636363636363,0
CUST_05927,19,31.26421052631579,50.857894736842105,0
CUST_05928,17,25.900000000000002,43.92352941176471,0
CUST_05929,14,28.77,48.08571428571429,0
CUST_05930,25,26.6992,45.352,0
CUST_05931,15,26.872,44.66,0
CUST_05932,15,30.854,52.72,0
CUST_05933,16,28.389375,45.975,0
CUST_05934,11,25.12,43.95454545454545,0
CUST_05935,22,25.299545454545456,43.49545454545454,0
CUST_05936,21,24.60238095238095,41.16190476190476,1
CUST_05937,13,22.681538461538462,42.06923076923077,1
CUST_05938,19,25.91,44.98421052631579,0
CUST_05939,22,29.607727272727274,47.790909090909096,0
CUST_05940,23,27.65869565217391,48.15652173913043,0
CUST_05941,16,28.520625,47.25,0
CUST_05942,18,27.899444444444445,48.91111111111111,0
CUST_05943,10,25.916000000000004,47.660000000000004,0
CUST_05944,18,24.18777777777778,42.138888888888886,1
CUST_05945,18,26.034444444444446,43.75555555555556,0
CUST_05946,16,25.115000000000002,43.95625,0
CUST_05947,16,28.05,46.75,0
CUST_05948,21,24.775714285714283,43.89523809523809,0
CUST_05949,15,26.047333333333334,44.766666666666666,0
CUST_05950,19,27.850526315789473,46.55789473684211,0
CUST_05951,21,26.08,45.69047619047619,0
CUST_05952,20,27.923000000000002,47.230000000000004,0
CUST_05953,17,28.654117647058825,48.48235294117647,0
CUST_05954,20,28.675,48.35,0
CUST_05955,8,26.7725,45.9375,0
CUST_05956,23,27.92739130434783,48.373913043478254,0
CUST_05957,20,25.692,41.955,0
CUST_05958,23,28.326521739130435,49.47391304347826,0
CUST_05959,28,25.802857142857142,45.03214285714286,0
CUST_05960,18,29.439999999999998,49.144444444444446,0
CUST_05961,15,27.37,48.21333333333334,0
CUST_05962,24,25.881249999999998,44.25,0
CUST_05963,18,26.964444444444446,46.84444444444445,0
CUST_05964,10,28.830000000000002,46.42,0
CUST_05965,14,26.152142857142856,45.371428571428574,0
CUST_05966,11,28.05181818181818,48.5,0
CUST_05967,23,27.231739130434786,46.44347826086957,0
CUST_05968,18,29.096666666666668,48.083333333333336,0
CUST_05969,14,29.915714285714284,47.642857142857146,0
CUST_05970,25,27.1956,46.196000000000005,0
CUST_05971,18,25.244999999999997,44.68888888888889,0
CUST_05972,19,29.600526315789473,49.126315789473686,0
CUST_05973,12,25.679166666666664,43.39166666666667,0
CUST_05974,15,26.884666666666664,45.61333333333334,0
CUST_05975,17,30.218823529411765,50.94705882352941,0
CUST_05976,19,25.936842105263157,45.96842105263158,0
CUST_05977,18,30.362777777777776,50.327777777777776,0
CUST_05978,22,27.385454545454547,48.07272727272727,0
CUST_05979,12,26.882500000000004,44.800000000000004,0
CUST_05980,22,26.85909090909091,46.73181818181818,0
CUST_05981,20,24.083000000000002,41.195,1
CUST_05982,13,26.376923076923074,44.92307692307692,0
CUST_05983,26,28.13653846153846,49.96153846153846,0
CUST_05984,20,29.427,48.845,0
CUST_05985,20,28.241000000000003,47.22,0
CUST_05986,19,25.60157894736842,42.76315789473684,0
CUST_05987,20,27.090500000000002,44.825,0
CUST_05988,25,27.999200000000002,47.663999999999994,0
CUST_05989,18,26.929444444444446,45.45,0
CUST_05990,21,27.10238095238095,43.766666666666666,0
CUST_05991,16,25.896875,44.1625,0
CUST_05992,17,27.391764705882352,46.09411764705882,0
CUST_05993,17,27.795294117647057,47.2235294117647,0
CUST_05994,8,28.99375,49.35,0
CUST_05995,20,31.481,52.84499999999999,0
CUST_05996,22,27.89,47.23181818181818,0
CUST_05997,16,26.159375,42.8,0
CUST_05998,22,29.344090909090912,49.222727272727276,0
CUST_05999,23,29.56826086956522,48.78695652173913,0
CUST_06000,23,28.877391304347825,48.56521739130435,0
CUST_06001,1,24.34,46.8,0
CUST_06002,1,36.8,80.0,0
CUST_06003,1,20.82,34.7,1
CUST_06004,1,17.35,34.7,1
CUST_06005,1,14.5,29.6,1
CUST_06006,1,15.13,29.1,1
CUST_06007,1,18.93,36.4,1
CUST_06008,1,41.96,77.7,0
CUST_06009,1,41.6,80.0,0
CUST_06010,1,23.7,47.4,0
CUST_06011,1,41.34,79.5,0
CUST_06012,1,27.28,49.6,0
CUST_06013,1,25.05,50.1,0
CUST_06014,1,28.67,48.6,0
CUST_06015,1,26.0,52.0,0
CUST_06016,1,33.03,71.8,0
CUST_06017,1,24.16,49.3,0
CUST_06018,1,26.24,49.5,0
CUST_06019,1,29.77,48.8,0
CUST_06020,1,17.0,30.9,1
CUST_06021,1,19.65,39.3,1
CUST_06022,1,19.14,34.8,1
CUST_06023,1,13.28,27.1,1
CUST_06024,1,22.64,46.2,1
CUST_06025,1,47.2,80.0,0
CUST_06026,1,25.7,45.9,0
CUST_06027,1,23.38,48.7,0
CUST_06028,1,17.81,37.1,1
CUST_06029,1,18.53,38.6,1
CUST_06030,1,37.48,76.5,0
CUST_06031,1,12.3,25.1,1
CUST_06032,1,15.02,31.3,1
CUST_06033,1,17.5,35.0,1
CUST_06034,1,21.41,43.7,1
CUST_06035,1,17.28,32.6,1
CUST_06036,1,25.9,51.8,0
CUST_06037,1,33.26,72.3,0
CUST_06038,1,44.0,80.0,0
CUST_06039,1,27.94,50.8,0
CUST_06040,1,34.65,69.3,0
CUST_06041,1,30.99,59.6,0
CUST_06042,1,35.76,74.5,0
CUST_06043,1,15.3,30.0,1
CUST_06044,1,38.4,80.0,0
CUST_06045,1,39.2,80.0,0
CUST_06046,1,19.44,36.0,1
CUST_06047,1,36.0,80.0,0
CUST_06048,1,22.41,43.1,1
CUST_06049,1,38.51,75.5,0
CUST_06050,1,24.95,46.2,0
CUST_06051,1,20.07,42.7,1
CUST_06052,1,41.6,80.0,0
CUST_06053,1,41.6,80.0,0
CUST_06054,1,17.65,35.3,1
CUST_06055,1,13.87,28.9,1
CUST_06056,1,23.69,44.7,1
CUST_06057,1,19.08,31.8,1
CUST_06058,1,33.61,65.9,0
CUST_06059,1,15.48,31.6,1
CUST_06060,1,26.08,49.2,0
CUST_06061,1,31.14,69.2,0
CUST_06062,1,20.02,38.5,1
CUST_06063,1,16.17,31.1,1
CUST_06064,1,22.51,47.9,1
CUST_06065,1,17.19,33.7,1
CUST_06066,1,18.04,32.8,1
CUST_06067,1,28.78,51.4,0
CUST_06068,1,40.49,79.4,0
CUST_06069,1,39.93,72.6,0
CUST_06070,1,16.47,36.6,1
CUST_06071,1,15.4,30.8,1
CUST_06072,1,17.7,33.4,1
CUST_06073,1,14.93,31.1,1
CUST_06074,1,37.84,71.4,0
CUST_06075,1,27.45,51.8,0
CUST_06076,1,35.96,58.0,0
CUST_06077,1,22.18,43.5,1
CUST_06078,1,22.32,47.5,1
CUST_06079,1,19.37,42.1,1
CUST_06080,1,15.95,31.9,1
CUST_06081,1,21.84,42.0,1
CUST_06082,1,17.19,30.7,1
CUST_06083,1,41.92,79.1,0
CUST_06084,1,19.97,38.4,1
CUST_06085,1,27.2,55.5,0
CUST_06086,1,23.2,46.4,1
CUST_06087,1,16.73,32.8,1
CUST_06088,1,21.95,43.9,1
CUST_06089,1,15.7,30.2,1
CUST_06090,1,13.62,27.8,1
CUST_06091,1,24.79,50.6,0
CUST_06092,1,26.46,54.0,0
CUST_06093,1,21.45,39.0,1
CUST_06094,1,14.98,28.8,1
CUST_06095,1,40.0,80.0,0
CUST_06096,1,15.84,33.0,1
CUST_06097,1,24.84,48.7,0
CUST_06098,1,37.6,80.0,0
CUST_06099,1,19.67,43.7,1
CUST_06100,1,18.4,40.0,1
CUST_06101,1,15.95,31.9,1
CUST_06102,1,33.44,64.3,0
CUST_06103,1,38.4,80.0,0
CUST_06104,1,21.11,41.4,1
CUST_06105,1,22.28,47.4,1
CUST_06106,1,41.6,80.0,0
CUST_06107,1,17.0,32.7,1
CUST_06108,1,18.34,38.2,1
CUST_06109,1,26.32,51.6,0
CUST_06110,1,26.8,54.7,0
CUST_06111,1,32.02,52.5,0
CUST_06112,1,38.4,80.0,0
CUST_06113,1,17.66,36.8,1
CUST_06114,1,35.14,73.2,0
CUST_06115,1,18.23,34.4,1
CUST_06116,1,31.59,58.5,0
CUST_06117,1,17.11,31.1,1
CUST_06118,1,15.73,32.1,1
CUST_06119,1,39.27,77.0,0
CUST_06120,1,43.62,79.3,0
CUST_06121,1,19.24,36.3,1
CUST_06122,1,44.0,80.0,0
CUST_06123,1,18.45,36.9,1
CUST_06124,1,19.87,41.4,1
CUST_06125,1,24.18,46.5,0
CUST_06126,1,23.59,44.5,1
CUST_06127,1,30.6,60.0,0
CUST_06128,1,24.28,46.7,0
CUST_06129,1,43.2,80.0,0
CUST_06130,1,44.0,80.0,0
CUST_06131,1,21.07,38.3,1
CUST_06132,1,24.94,50.9,0
CUST_06133,1,39.22,68.8,0
CUST_06134,1,16.4,32.8,1
CUST_06135,1,23.98,53.3,0
CUST_06136,1,13.9,30.9,1
CUST_06137,1,12.91,28.7,1
CUST_06138,1,16.22,33.8,1
CUST_06139,1,15.29,29.4,1
CUST_06140,1,27.69,45.4,0
CUST_06141,1,21.9,36.5,1
CUST_06142,1,25.55,51.1,0
CUST_06143,1,21.06,44.8,1
CUST_06144,1,23.62,49.2,0
CUST_06145,1,26.19,48.5,0
CUST_06146,1,14.58,31.7,1
CUST_06147,1,25.33,46.9,0
CUST_06148,1,19.68,32.8,1
CUST_06149,1,36.0,80.0,0
CUST_06150,1,20.06,35.2,1
CUST_06151,1,28.39,49.8,0
CUST_06152,1,16.74,37.2,1
CUST_06153,1,16.57,32.5,1
CUST_06154,1,16.86,34.4,1
CUST_06155,1,29.28,56.3,0
CUST_06156,1,14.84,29.1,1
CUST_06157,1,13.73,28.6,1
CUST_06158,1,37.6,80.0,0
CUST_06159,1,36.8,80.0,0
CUST_06160,1,17.4,34.8,1
CUST_06161,1,13.86,29.5,1
CUST_06162,1,37.6,80.0,0
CUST_06163,1,31.88,69.3,0
CUST_06164,1,16.5,30.0,1
CUST_06165,1,17.64,36.0,1
CUST_06166,1,14.95,31.8,1
CUST_06167,1,16.8,35.0,1
CUST_06168,1,38.4,80.0,0
CUST_06169,1,25.91,47.1,0
CUST_06170,1,31.08,51.8,0
CUST_06171,1,40.8,80.0,0
CUST_06172,1,40.44,79.3,0
CUST_06173,1,26.99,48.2,0
CUST_06174,1,23.5,45.2,1
CUST_06175,1,17.7,34.7,1
CUST_06176,1,23.03,49.0,0
CUST_06177,1,33.5,67.0,0
CUST_06178,1,18.6,35.1,1
CUST_06179,1,37.35,74.7,0
CUST_06180,1,14.6,29.8,1
CUST_06181,1,15.58,31.8,1
CUST_06182,1,26.21,50.4,0
CUST_06183,1,22.12,37.5,1
CUST_06184,1,15.34,31.3,1
CUST_06185,1,38.4,80.0,0
CUST_06186,1,35.42,77.0,0
CUST_06187,1,15.55,29.9,1
CUST_06188,1,22.7,45.4,1
CUST_06189,1,15.89,33.8,1
CUST_06190,1,20.65,35.0,1
CUST_06191,1,13.62,26.7,1
CUST_06192,1,21.55,43.1,1
CUST_06193,1,28.97,56.8,0
CUST_06194,1,18.92,35.7,1
CUST_06195,1,36.15,72.3,0
CUST_06196,1,37.6,80.0,0
CUST_06197,1,40.8,80.0,0
CUST_06198,1,28.67,53.1,0
CUST_06199,1,15.35,34.1,1
CUST_06200,1,16.23,26.6,1
CUST_06201,1,26.59,57.8,0
CUST_06202,1,23.74,51.6,0
CUST_06203,1,15.29,29.4,1
CUST_06204,1,18.88,32.0,1
CUST_06205,1,20.82,42.5,1
CUST_06206,1,40.72,70.2,0
CUST_06207,1,23.17,49.3,0
CUST_06208,1,21.5,44.8,1
CUST_06209,1,17.81,37.1,1
CUST_06210,1,32.02,52.5,0
CUST_06211,1,29.59,53.8,0
CUST_06212,1,26.16,45.9,0
CUST_06213,1,22.41,49.8,0
CUST_06214,1,25.03,45.5,0
CUST_06215,1,25.63,53.4,0
CUST_06216,1,36.0,80.0,0
CUST_06217,1,42.4,80.0,0
CUST_06218,1,25.55,48.2,0
CUST_06219,1,26.29,49.6,0
CUST_06220,1,48.0,80.0,0
CUST_06221,1,18.07,31.7,1
CUST_06222,1,16.02,32.7,1
CUST_06223,1,37.6,80.0,0
CUST_06224,1,22.64,46.2,1
CUST_06225,1,27.1,55.3,0
CUST_06226,1,16.27,31.9,1
CUST_06227,1,31.54,70.1,0
CUST_06228,1,22.94,48.8,0
CUST_06229,1,27.43,50.8,0
CUST_06230,1,32.82,52.1,0
CUST_06231,1,23.05,50.1,0
CUST_06232,1,20.35,37.0,1
CUST_06233,1,28.56,50.1,0
CUST_06234,1,23.53,44.4,1
CUST_06235,1,26.45,52.9,0
CUST_06236,1,36.77,76.6,0
CUST_06237,1,14.11,29.4,1
CUST_06238,1,48.0,80.0,0
CUST_06239,1,16.9,35.2,1
CUST_06240,1,25.0,53.2,0
CUST_06241,1,43.89,77.0,0
CUST_06242,1,39.2,80.0,0
CUST_06243,1,25.14,49.3,0
CUST_06244,1,22.62,39.0,1
CUST_06245,1,16.67,30.3,1
CUST_06246,1,19.94,33.8,1
CUST_06247,1,38.7,77.4,0
CUST_06248,1,39.0,79.6,0
CUST_06249,1,16.92,36.0,1
CUST_06250,1,37.54,78.2,0
CUST_06251,1,14.67,31.9,1
CUST_06252,1,46.4,80.0,0
CUST_06253,1,22.89,48.7,0
CUST_06254,1,15.7,32.7,1
CUST_06255,1,16.93,33.2,1
CUST_06256,1,32.22,60.8,0
CUST_06257,1,18.03,36.8,1
CUST_06258,1,28.84,53.4,0
CUST_06259,1,20.56,44.7,1
CUST_06260,1,16.59,31.9,1
CUST_06261,1,18.68,32.2,1
CUST_06262,1,13.97,29.1,1
CUST_06263,1,25.12,47.4,0
CUST_06264,1,24.68,48.4,0
CUST_06265,1,28.13,52.1,0
CUST_06266,1,16.43,31.0,1
CUST_06267,1,24.04,43.7,1
CUST_06268,1,13.82,27.1,1
CUST_06269,1,39.59,74.7,0
CUST_06270,1,16.27,30.7,1
CUST_06271,1,17.7,34.7,1
CUST_06272,1,50.4,80.0,0
CUST_06273,1,39.83,76.6,0
CUST_06274,1,16.71,34.1,1
CUST_06275,1,30.74,52.1,0
CUST_06276,1,30.8,52.2,0
CUST_06277,1,21.04,39.7,1
CUST_06278,1,19.96,36.3,1
CUST_06279,1,41.29,79.4,0
CUST_06280,1,16.2,32.4,1
CUST_06281,1,26.24,48.6,0
CUST_06282,1,18.9,42.0,1
CUST_06283,1,15.98,34.0,1
CUST_06284,1,17.26,33.2,1
CUST_06285,1,15.22,31.7,1
CUST_06286,1,25.92,54.0,0
CUST_06287,1,16.48,31.1,1
CUST_06288,1,40.8,80.0,0
CUST_06289,1,23.88,50.8,0
CUST_06290,1,26.54,47.4,0
CUST_06291,1,16.32,30.8,1
CUST_06292,1,27.77,52.4,0
CUST_06293,1,22.83,43.9,1
CUST_06294,1,38.4,80.0,0
CUST_06295,1,17.05,34.1,1
CUST_06296,1,25.01,48.1,0
CUST_06297,1,23.47,48.9,0
CUST_06298,1,22.75,48.4,0
CUST_06299,1,20.19,38.1,1
CUST_06300,1,38.2,74.9,0
CUST_06301,1,24.24,50.5,0
CUST_06302,1,44.84,73.5,0
CUST_06303,1,42.4,80.0,0
CUST_06304,1,24.34,46.8,0
CUST_06305,1,17.94,34.5,1
CUST_06306,1,37.3,74.6,0
CUST_06307,1,29.32,57.5,0
CUST_06308,1,25.08,45.6,0
CUST_06309,1,18.07,31.7,1
CUST_06310,1,23.71,45.6,0
CUST_06311,1,16.85,31.8,1
CUST_06312,1,17.03,33.4,1
CUST_06313,1,19.22,40.9,1
CUST_06314,1,16.28,29.6,1
CUST_06315,1,30.64,55.7,0
CUST_06316,1,33.2,65.1,0
CUST_06317,1,25.44,53.0,0
CUST_06318,1,26.55,50.1,0
CUST_06319,1,14.62,31.1,1
CUST_06320,1,21.02,46.7,1
CUST_06321,1,25.69,46.7,0
CUST_06322,1,19.31,35.1,1
CUST_06323,1,13.54,28.2,1
CUST_06324,1,28.14,47.7,0
CUST_06325,1,28.21,49.5,0
CUST_06326,1,27.16,50.3,0
CUST_06327,1,38.69,73.0,0
CUST_06328,1,40.8,80.0,0
CUST_06329,1,23.66,45.5,0
CUST_06330,1,39.94,67.7,0
CUST_06331,1,21.34,36.8,1
CUST_06332,1,21.48,46.7,1
CUST_06333,1,35.33,73.6,0
CUST_06334,1,28.88,49.8,0
CUST_06335,1,23.08,47.1,0
CUST_06336,1,17.2,37.4,1
CUST_06337,1,28.27,51.4,0
CUST_06338,1,26.24,47.7,0
CUST_06339,1,24.4,42.8,1
CUST_06340,1,19.01,35.2,1
CUST_06341,1,47.2,80.0,0
CUST_06342,1,38.32,73.7,0
CUST_06343,1,36.8,80.0,0
CUST_06344,1,15.26,31.8,1
CUST_06345,1,24.63,48.3,0
CUST_06346,1,20.75,46.1,1
CUST_06347,1,23.35,44.9,1
CUST_06348,1,25.39,47.9,0
CUST_06349,1,42.4,80.0,0
CUST_06350,1,24.45,49.9,0
CUST_06351,1,28.9,60.2,0
CUST_06352,1,21.06,39.0,1
CUST_06353,1,47.2,80.0,0
CUST_06354,1,35.33,72.1,0
CUST_06355,1,16.8,31.7,1
CUST_06356,1,28.35,52.5,0
CUST_06357,1,38.4,80.0,0
CUST_06358,1,19.5,37.5,1
CUST_06359,1,14.84,29.1,1
CUST_06360,1,20.52,38.0,1
CUST_06361,1,34.94,68.5,0
CUST_06362,1,42.4,80.0,0
CUST_06363,1,36.19,65.8,0
CUST_06364,1,27.54,56.2,0
CUST_06365,1,25.46,46.3,0
CUST_06366,1,24.21,49.4,0
CUST_06367,1,15.07,31.4,1
CUST_06368,1,22.9,42.4,1
CUST_06369,1,45.6,80.0,0
CUST_06370,1,34.4,70.2,0
CUST_06371,1,21.09,39.8,1
CUST_06372,1,25.38,48.8,0
CUST_06373,1,18.82,39.2,1
CUST_06374,1,16.97,36.1,1
CUST_06375,1,25.93,45.5,0
CUST_06376,1,15.41,33.5,1
CUST_06377,1,45.37,79.6,0
CUST_06378,1,25.02,47.2,0
CUST_06379,1,23.21,43.8,1
CUST_06380,1,41.6,80.0,0
CUST_06381,1,26.24,48.6,0
CUST_06382,1,39.02,76.5,0
CUST_06383,1,17.38,31.6,1
CUST_06384,1,16.38,30.9,1
CUST_06385,1,36.8,80.0,0
CUST_06386,1,39.2,80.0,0
CUST_06387,1,36.66,78.0,0
CUST_06388,1,37.39,77.9,0
CUST_06389,1,21.6,40.0,1
CUST_06390,1,17.63,33.9,1
CUST_06391,1,20.96,44.6,1
CUST_06392,1,37.6,80.0,0
CUST_06393,1,38.4,80.0,0
CUST_06394,1,17.65,34.6,1
CUST_06395,1,22.57,43.4,1
CUST_06396,1,25.9,51.8,0
CUST_06397,1,23.9,49.8,0
CUST_06398,1,24.12,45.5,0
CUST_06399,1,15.24,31.1,1
CUST_06400,1,15.96,30.7,1
CUST_06401,1,17.19,33.7,1
CUST_06402,1,40.8,80.0,0
CUST_06403,1,16.32,34.0,1
CUST_06404,1,38.9,77.8,0
CUST_06405,1,24.98,54.3,0
CUST_06406,1,19.98,37.7,1
CUST_06407,1,20.7,46.0,1
CUST_06408,1,15.09,32.1,1
CUST_06409,1,23.92,50.9,0
CUST_06410,1,28.66,58.5,0
CUST_06411,1,16.9,35.2,1
CUST_06412,1,40.0,80.0,0
CUST_06413,1,17.73,34.1,1
CUST_06414,1,30.53,55.5,0
CUST_06415,1,16.52,32.4,1
CUST_06416,1,43.2,80.0,0
CUST_06417,1,24.3,49.6,0
CUST_06418,1,24.96,53.1,0
CUST_06419,1,38.4,80.0,0
CUST_06420,1,25.77,52.6,0
CUST_06421,1,24.39,46.9,0
CUST_06422,1,29.93,51.6,0
CUST_06423,1,15.6,31.2,1
CUST_06424,1,22.13,43.4,1
CUST_06425,1,41.6,80.0,0
CUST_06426,1,14.33,30.5,1
CUST_06427,1,29.22,56.2,0
CUST_06428,1,14.01,29.8,1
CUST_06429,1,26.41,56.2,0
CUST_06430,1,23.96,45.2,0
CUST_06431,1,13.1,29.1,1
CUST_06432,1,23.86,48.7,0
CUST_06433,1,20.41,37.8,1
CUST_06434,1,24.17,53.7,0
CUST_06435,1,15.48,34.4,1
CUST_06436,1,39.06,73.7,0
CUST_06437,1,39.02,76.5,0
CUST_06438,1,29.26,55.2,0
CUST_06439,1,20.24,34.3,1
CUST_06440,1,20.59,34.9,1
CUST_06441,1,18.15,36.3,1
CUST_06442,1,31.19,55.7,0
CUST_06443,1,34.89,71.2,0
CUST_06444,1,29.43,53.5,0
CUST_06445,1,30.51,56.5,0
CUST_06446,1,17.99,32.7,1
CUST_06447,1,29.84,56.3,0
CUST_06448,1,18.0,35.3,1
CUST_06449,1,34.34,76.3,0
CUST_06450,1,19.99,39.2,1
CUST_06451,1,16.8,31.7,1
CUST_06452,1,15.0,30.0,1
CUST_06453,1,25.14,51.3,0
CUST_06454,1,26.62,48.4,0
CUST_06455,1,43.2,80.0,0
CUST_06456,1,24.19,44.8,0
CUST_06457,1,26.8,53.6,0
CUST_06458,1,24.73,45.8,0
CUST_06459,1,40.8,80.0,0
CUST_06460,1,17.0,34.0,1
CUST_06461,1,27.78,50.5,0
CUST_06462,1,15.74,29.7,1
CUST_06463,1,17.44,30.6,1
CUST_06464,1,17.9,37.3,1
CUST_06465,1,17.57,38.2,1
CUST_06466,1,15.91,31.2,1
CUST_06467,1,28.38,47.3,0
CUST_06468,1,25.43,48.9,0
CUST_06469,1,25.97,53.0,0
CUST_06470,1,23.04,48.0,0
CUST_06471,1,28.43,60.5,0
CUST_06472,1,27.77,52.4,0
CUST_06473,1,16.09,29.8,1
CUST_06474,1,17.81,37.9,1
CUST_06475,1,25.76,47.7,0
CUST_06476,1,40.0,80.0,0
CUST_06477,1,40.8,80.0,0
CUST_06478,1,16.07,35.7,1
CUST_06479,1,16.42,30.4,1
CUST_06480,1,19.6,35.0,1
CUST_06481,1,24.82,51.7,0
CUST_06482,1,31.32,52.2,0
CUST_06483,1,18.1,32.9,1
CUST_06484,1,17.44,35.6,1
CUST_06485,1,22.09,40.9,1
CUST_06486,1,27.35,52.6,0
CUST_06487,1,17.27,31.4,1
CUST_06488,1,17.38,31.6,1
CUST_06489,1,18.43,33.5,1
CUST_06490,1,34.94,72.8,0
CUST_06491,1,12.43,23.9,1
CUST_06492,1,23.64,50.3,0
CUST_06493,1,36.8,80.0,0
CUST_06494,1,15.55,30.5,1
CUST_06495,1,18.37,33.4,1
CUST_06496,1,15.86,31.1,1
CUST_06497,1,25.5,50.0,0
CUST_06498,1,17.5,32.4,1
CUST_06499,1,39.75,79.5,0
CUST_06500,1,30.35,56.2,0
CUST_06501,1,13.91,29.6,1
CUST_06502,1,17.28,36.0,1
CUST_06503,1,16.88,29.1,1
CUST_06504,1,36.69,66.7,0
CUST_06505,1,40.0,80.0,0
CUST_06506,1,28.83,49.7,0
CUST_06507,1,24.43,47.9,0
CUST_06508,1,41.09,76.1,0
CUST_06509,1,16.6,33.2,1
CUST_06510,1,33.17,69.1,0
CUST_06511,1,43.2,80.0,0
CUST_06512,1,17.54,35.8,1
CUST_06513,1,17.21,33.1,1
CUST_06514,1,19.95,35.0,1
CUST_06515,1,17.26,33.2,1
CUST_06516,1,16.93,36.8,1
CUST_06517,1,35.77,76.1,0
CUST_06518,1,14.21,29.0,1
CUST_06519,1,14.54,30.3,1
CUST_06520,1,25.25,45.9,0
CUST_06521,1,25.65,47.5,0
CUST_06522,1,23.19,44.6,1
CUST_06523,1,24.16,49.3,0
CUST_06524,1,31.25,60.1,0
CUST_06525,1,25.3,46.0,0
CUST_06526,1,24.77,52.7,0
CUST_06527,1,14.16,28.9,1
CUST_06528,1,21.27,40.9,1
CUST_06529,1,16.7,31.5,1
CUST_06530,1,16.91,31.9,1
CUST_06531,1,16.59,31.3,1
CUST_06532,1,36.06,78.4,0
CUST_06533,1,15.66,30.7,1
CUST_06534,1,25.02,54.4,0
CUST_06535,1,38.78,70.5,0
CUST_06536,1,27.32,47.1,0
CUST_06537,1,22.45,44.9,1
CUST_06538,1,29.17,50.3,0
CUST_06539,1,19.35,32.8,1
CUST_06540,1,22.34,45.6,1
CUST_06541,1,17.71,36.9,1
CUST_06542,1,22.68,42.8,1
CUST_06543,1,20.28,39.0,1
CUST_06544,1,16.85,32.4,1
CUST_06545,1,39.2,80.0,0
CUST_06546,1,39.21,75.4,0
CUST_06547,1,14.19,30.2,1
CUST_06548,1,44.49,76.7,0
CUST_06549,1,43.2,80.0,0
CUST_06550,1,25.16,46.6,0
CUST_06551,1,29.03,63.1,0
CUST_06552,1,24.64,46.5,0
CUST_06553,1,36.45,72.9,0
CUST_06554,1,22.57,43.4,1
CUST_06555,1,26.68,46.0,0
CUST_06556,1,19.64,38.5,1
CUST_06557,1,15.28,28.3,1
CUST_06558,1,37.44,76.4,0
CUST_06559,1,37.31,70.4,0
CUST_06560,1,24.03,53.4,0
CUST_06561,1,24.55,49.1,0
CUST_06562,1,35.8,71.6,0
CUST_06563,1,17.1,34.2,1
CUST_06564,1,17.44,32.3,1
CUST_06565,1,25.06,48.2,0
CUST_06566,1,41.41,71.4,0
CUST_06567,1,38.76,79.1,0
CUST_06568,1,34.27,67.2,0
CUST_06569,1,30.14,62.8,0
CUST_06570,1,36.92,71.0,0
CUST_06571,1,25.81,48.7,0
CUST_06572,1,15.91,31.2,1
CUST_06573,1,15.64,34.0,1
CUST_06574,1,18.42,37.6,1
CUST_06575,1,33.75,75.0,0
CUST_06576,1,36.8,80.0,0
CUST_06577,1,15.71,29.1,1
CUST_06578,1,28.9,57.8,0
CUST_06579,1,22.05,45.0,1
CUST_06580,1,16.59,31.3,1
CUST_06581,1,14.59,30.4,1
CUST_06582,1,21.92,48.7,1
CUST_06583,1,19.47,33.0,1
CUST_06584,1,19.48,38.2,1
CUST_06585,1,17.65,35.3,1
CUST_06586,1,16.35,32.7,1
CUST_06587,1,20.19,43.9,1
CUST_06588,1,23.0,45.1,1
CUST_06589,1,21.95,39.9,1
CUST_06590,1,37.6,80.0,0
CUST_06591,1,16.03,33.4,1
CUST_06592,1,13.68,28.5,1
CUST_06593,1,23.82,45.8,0
CUST_06594,1,42.4,80.0,0
CUST_06595,1,25.9,49.8,0
CUST_06596,1,41.29,77.9,0
CUST_06597,1,26.88,48.0,0
CUST_06598,1,16.88,33.1,1
CUST_06599,1,32.69,64.1,0
CUST_06600,1,16.01,34.8,1
CUST_06601,1,37.53,76.6,0
CUST_06602,1,27.8,54.5,0
CUST_06603,1,19.8,36.0,1
CUST_06604,1,40.76,76.9,0
CUST_06605,1,16.22,33.8,1
CUST_06606,1,14.29,30.4,1
CUST_06607,1,18.0,35.3,1
CUST_06608,1,20.03,44.5,1
CUST_06609,1,23.23,48.4,0
CUST_06610,1,17.62,38.3,1
CUST_06611,1,24.8,49.6,0
CUST_06612,1,18.92,34.4,1
CUST_06613,1,16.85,31.2,1
CUST_06614,1,45.24,75.4,0
CUST_06615,1,37.84,71.4,0
CUST_06616,1,26.05,50.1,0
CUST_06617,1,16.59,31.9,1
CUST_06618,1,16.99,29.3,1
CUST_06619,1,22.04,46.9,1
CUST_06620,1,21.72,36.2,1
CUST_06621,1,18.05,35.4,1
CUST_06622,1,12.69,28.2,1
CUST_06623,1,22.41,49.8,0
CUST_06624,1,17.55,32.5,1
CUST_06625,1,29.48,56.7,0
CUST_06626,1,24.77,52.7,0
CUST_06627,1,26.22,46.0,0
CUST_06628,1,13.09,24.7,1
CUST_06629,1,19.03,34.6,1
CUST_06630,1,28.73,48.7,0
CUST_06631,1,23.92,46.9,0
CUST_06632,1,43.2,80.0,0
CUST_06633,1,15.92,32.5,1
CUST_06634,1,17.28,32.0,1
CUST_06635,1,25.0,46.3,0
CUST_06636,1,37.97,79.1,0
CUST_06637,1,16.52,30.6,1
CUST_06638,1,41.6,80.0,0
CUST_06639,1,21.8,47.4,1
CUST_06640,1,23.82,45.8,0
CUST_06641,1,36.25,78.8,0
CUST_06642,1,16.38,31.5,1
CUST_06643,1,40.8,80.0,0
CUST_06644,1,15.35,30.7,1
CUST_06645,1,17.45,34.9,1
CUST_06646,1,23.97,51.0,0
CUST_06647,1,35.99,67.9,0
CUST_06648,1,21.3,42.6,1
CUST_06649,1,14.8,31.5,1
CUST_06650,1,23.22,49.4,0
CUST_06651,1,24.6,49.2,0
CUST_06652,1,14.31,31.1,1
CUST_06653,1,18.41,31.2,1
CUST_06654,1,17.04,35.5,1
CUST_06655,1,16.75,33.5,1
CUST_06656,1,21.94,47.7,1
CUST_06657,1,25.38,51.8,0
CUST_06658,1,28.56,56.0,0
CUST_06659,1,40.0,80.0,0
CUST_06660,1,37.6,80.0,0
CUST_06661,1,16.25,30.1,1
CUST_06662,1,26.41,53.9,0
CUST_06663,1,29.0,50.0,0
CUST_06664,1,16.05,32.1,1
CUST_06665,1,24.65,50.3,0
CUST_06666,1,15.29,29.4,1
CUST_06667,1,44.07,78.7,0
CUST_06668,1,19.93,37.6,1
CUST_06669,1,15.95,29.0,1
CUST_06670,1,15.48,29.2,1
CUST_06671,1,27.78,49.6,0
CUST_06672,1,16.31,34.7,1
CUST_06673,1,39.31,75.6,0
CUST_06674,1,39.07,76.6,0
CUST_06675,1,16.22,31.8,1
CUST_06676,1,24.02,47.1,0
CUST_06677,1,47.2,80.0,0
CUST_06678,1,25.14,45.7,0
CUST_06679,1,36.0,75.0,0
CUST_06680,1,17.76,37.0,1
CUST_06681,1,27.7,51.3,0
CUST_06682,1,15.7,30.2,1
CUST_06683,1,18.23,34.4,1
CUST_06684,1,24.55,49.1,0
CUST_06685,1,14.93,31.1,1
CUST_06686,1,48.0,80.0,0
CUST_06687,1,43.2,80.0,0
CUST_06688,1,38.53,68.8,0
CUST_06689,1,30.72,51.2,0
CUST_06690,1,28.8,57.6,0
CUST_06691,1,16.68,35.5,1
CUST_06692,1,24.64,44.8,0
CUST_06693,1,20.57,38.1,1
CUST_06694,1,23.61,45.4,1
CUST_06695,1,26.73,46.9,0
CUST_06696,1,27.01,49.1,0
CUST_06697,1,22.0,44.9,1
CUST_06698,1,33.53,72.9,0
CUST_06699,1,16.85,32.4,1
CUST_06700,1,16.6,33.2,1
CUST_06701,1,17.6,35.2,1
CUST_06702,1,24.06,51.2,0
CUST_06703,1,26.57,48.3,0
CUST_06704,1,39.65,79.3,0
CUST_06705,1,24.75,50.5,0
CUST_06706,1,16.86,34.4,1
CUST_06707,1,14.17,30.8,1
CUST_06708,1,28.66,56.2,0
CUST_06709,1,39.2,80.0,0
CUST_06710,1,27.03,46.6,0
CUST_06711,1,47.2,80.0,0
CUST_06712,1,39.74,73.6,0
CUST_06713,1,27.3,51.5,0
CUST_06714,1,15.35,30.7,1
CUST_06715,1,43.36,73.5,0
CUST_06716,1,22.23,47.3,1
CUST_06717,1,34.15,68.3,0
CUST_06718,1,18.68,34.6,1
CUST_06719,1,18.29,38.1,1
CUST_06720,1,21.59,36.6,1
CUST_06721,1,28.35,56.7,0
CUST_06722,1,38.07,70.5,0
CUST_06723,1,18.41,32.3,1
CUST_06724,1,16.69,30.9,1
CUST_06725,1,14.77,28.4,1
CUST_06726,1,37.6,80.0,0
CUST_06727,1,40.0,80.0,0
CUST_06728,1,38.53,74.1,0
CUST_06729,1,40.0,80.0,0
CUST_06730,1,15.9,31.8,1
CUST_06731,1,40.0,80.0,0
CUST_06732,1,25.5,42.5,0
CUST_06733,1,21.45,38.3,1
CUST_06734,1,23.16,43.7,1
CUST_06735,1,20.61,36.8,1
CUST_06736,1,14.64,28.7,1
CUST_06737,1,16.32,30.8,1
CUST_06738,1,40.5,75.0,0
CUST_06739,1,35.25,70.5,0
CUST_06740,1,29.12,63.3,0
CUST_06741,1,38.4,80.0,0
CUST_06742,1,19.57,43.5,1
CUST_06743,1,23.27,42.3,1
CUST_06744,1,21.34,46.4,1
CUST_06745,1,23.96,48.9,0
CUST_06746,1,18.14,33.6,1
CUST_06747,1,24.06,45.4,0
CUST_06748,1,35.97,65.4,0
CUST_06749,1,32.78,68.3,0
CUST_06750,1,24.55,49.1,0
CUST_06751,1,14.9,29.8,1
CUST_06752,1,20.46,38.6,1
CUST_06753,1,36.36,68.6,0
CUST_06754,1,15.29,29.4,1
CUST_06755,1,41.9,77.6,0
CUST_06756,1,15.51,28.2,1
CUST_06757,1,35.7,71.4,0
CUST_06758,1,26.46,54.0,0
CUST_06759,1,37.78,77.1,0
CUST_06760,1,36.92,72.4,0
CUST_06761,1,13.8,30.0,1
CUST_06762,1,16.42,30.4,1
CUST_06763,1,25.97,49.0,0
CUST_06764,1,32.18,59.6,0
CUST_06765,1,27.4,51.7,0
CUST_06766,1,19.96,36.3,1
CUST_06767,1,22.18,47.2,1
CUST_06768,1,25.74,49.5,0
CUST_06769,1,21.41,35.1,1
CUST_06770,1,26.79,57.0,0
CUST_06771,1,37.84,68.8,0
CUST_06772,1,15.36,33.4,1
CUST_06773,1,19.47,33.0,1
CUST_06774,1,19.28,35.7,1
CUST_06775,1,15.44,29.7,1
CUST_06776,1,31.59,58.5,0
CUST_06777,1,16.03,34.1,1
CUST_06778,1,25.49,48.1,0
CUST_06779,1,29.4,58.8,0
CUST_06780,1,15.0,30.0,1
CUST_06781,1,16.18,33.7,1
CUST_06782,1,25.64,49.3,0
CUST_06783,1,35.05,76.2,0
CUST_06784,1,24.02,47.1,0
CUST_06785,1,34.78,74.0,0
CUST_06786,1,16.47,36.6,1
CUST_06787,1,41.85,76.1,0
CUST_06788,1,29.38,56.5,0
CUST_06789,1,16.24,35.3,1
CUST_06790,1,22.59,49.1,0
CUST_06791,1,36.82,70.8,0
CUST_06792,1,17.35,35.4,1
CUST_06793,1,21.85,47.5,1
CUST_06794,1,23.52,49.0,0
CUST_06795,1,36.0,80.0,0
CUST_06796,1,15.15,29.7,1
CUST_06797,1,16.45,32.9,1
CUST_06798,1,21.78,48.4,1
CUST_06799,1,15.97,32.6,1
CUST_06800,1,18.45,36.9,1
CUST_06801,1,15.27,32.5,1
CUST_06802,1,26.35,48.8,0
CUST_06803,1,24.54,46.3,0
CUST_06804,1,42.4,80.0,0
CUST_06805,1,35.88,67.7,0
CUST_06806,1,27.54,51.0,0
CUST_06807,1,36.62,69.1,0
CUST_06808,1,14.95,32.5,1
CUST_06809,1,25.4,49.8,0
CUST_06810,1,23.4,46.8,0
CUST_06811,1,40.87,78.6,0
CUST_06812,1,14.29,30.4,1
CUST_06813,1,27.17,49.4,0
CUST_06814,1,22.36,43.0,1
CUST_06815,1,15.02,27.3,1
CUST_06816,1,17.65,35.3,1
CUST_06817,1,37.44,78.0,0
CUST_06818,1,22.74,46.4,1
CUST_06819,1,17.0,34.0,1
CUST_06820,1,22.69,46.3,1
CUST_06821,1,38.7,77.4,0
CUST_06822,1,26.84,49.7,0
CUST_06823,1,36.8,80.0,0
CUST_06824,1,23.18,51.5,0
CUST_06825,1,15.41,32.1,1
CUST_06826,1,33.31,69.4,0
CUST_06827,1,40.93,75.8,0
CUST_06828,1,27.35,52.6,0
CUST_06829,1,28.24,54.3,0
CUST_06830,1,14.35,31.2,1
CUST_06831,1,14.84,28.0,1
CUST_06832,1,41.04,76.0,0
CUST_06833,1,36.36,71.3,0
CUST_06834,1,40.33,76.1,0
CUST_06835,1,41.6,80.0,0
CUST_06836,1,21.07,43.9,1
CUST_06837,1,23.76,43.2,1
CUST_06838,1,31.91,67.9,0
CUST_06839,1,18.0,35.3,1
CUST_06840,1,18.79,32.4,1
CUST_06841,1,17.06,31.6,1
CUST_06842,1,34.32,74.6,0
CUST_06843,1,38.29,70.9,0
CUST_06844,1,28.73,53.2,0
CUST_06845,1,17.71,32.8,1
CUST_06846,1,25.33,46.9,0
CUST_06847,1,19.69,42.8,1
CUST_06848,1,26.52,51.0,0
CUST_06849,1,14.26,29.7,1
CUST_06850,1,19.08,36.7,1
CUST_06851,1,19.93,42.4,1
CUST_06852,1,19.88,33.7,1
CUST_06853,1,40.0,80.0,0
CUST_06854,1,27.8,55.6,0
CUST_06855,1,41.24,79.3,0
CUST_06856,1,38.43,73.9,0
CUST_06857,1,24.63,48.3,0
CUST_06858,1,17.95,35.2,1
CUST_06859,1,19.19,36.2,1
CUST_06860,1,18.4,36.8,1
CUST_06861,1,16.17,34.4,1
CUST_06862,1,16.46,34.3,1
CUST_06863,1,17.44,32.9,1
CUST_06864,1,39.7,74.9,0
CUST_06865,1,15.5,30.4,1
CUST_06866,1,24.72,51.5,0
CUST_06867,1,14.64,28.7,1
CUST_06868,1,35.28,76.7,0
CUST_06869,1,17.06,32.8,1
CUST_06870,1,26.31,50.6,0
CUST_06871,1,23.18,48.3,0
CUST_06872,1,29.13,51.1,0
CUST_06873,1,44.31,76.4,0
CUST_06874,1,43.2,80.0,0
CUST_06875,1,40.8,80.0,0
CUST_06876,1,28.6,52.0,0
CUST_06877,1,41.6,80.0,0
CUST_06878,1,23.9,45.1,0
CUST_06879,1,20.74,37.7,1
CUST_06880,1,20.75,46.1,1
CUST_06881,1,21.43,45.6,1
CUST_06882,1,21.07,45.8,1
CUST_06883,1,40.98,78.8,0
CUST_06884,1,23.95,49.9,0
CUST_06885,1,19.0,41.3,1
CUST_06886,1,14.67,31.9,1
CUST_06887,1,40.8,80.0,0
CUST_06888,1,26.42,50.8,0
CUST_06889,1,23.14,50.3,0
CUST_06890,1,16.5,33.0,1
CUST_06891,1,16.96,32.0,1
CUST_06892,1,27.05,54.1,0
CUST_06893,1,13.78,26.5,1
CUST_06894,1,23.31,45.7,1
CUST_06895,1,23.38,48.7,0
CUST_06896,1,15.04,32.7,1
CUST_06897,1,18.58,32.6,1
CUST_06898,1,43.2,80.0,0
CUST_06899,1,15.44,31.5,1
CUST_06900,1,13.11,28.5,1
CUST_06901,1,26.26,54.7,0
CUST_06902,1,23.81,49.6,0
CUST_06903,1,16.42,34.2,1
CUST_06904,1,23.32,47.6,0
CUST_06905,1,27.7,51.3,0
CUST_06906,1,20.69,43.1,1
CUST_06907,1,24.1,52.4,0
CUST_06908,1,38.4,80.0,0
CUST_06909,1,39.2,80.0,0
CUST_06910,1,42.44,78.6,0
CUST_06911,1,41.2,74.9,0
CUST_06912,1,16.56,33.8,1
CUST_06913,1,20.14,41.1,1
CUST_06914,1,28.44,49.9,0
CUST_06915,1,16.08,33.5,1
CUST_06916,1,27.93,52.7,0
CUST_06917,1,15.25,33.9,1
CUST_06918,1,27.45,54.9,0
CUST_06919,1,15.62,34.7,1
CUST_06920,1,21.27,43.4,1
CUST_06921,1,15.0,32.6,1
CUST_06922,1,14.49,31.5,1
CUST_06923,1,24.34,50.7,0
CUST_06924,1,13.43,27.4,1
CUST_06925,1,39.42,77.3,0
CUST_06926,1,25.43,51.9,0
CUST_06927,1,25.85,51.7,0
CUST_06928,1,16.22,33.1,1
CUST_06929,1,24.84,46.0,0
CUST_06930,1,14.85,33.0,1
CUST_06931,1,14.16,28.9,1
CUST_06932,1,40.0,80.0,0
CUST_06933,1,16.87,28.6,1
CUST_06934,1,42.4,80.0,0
CUST_06935,1,23.47,47.9,0
CUST_06936,1,15.3,30.6,1
CUST_06937,1,22.29,45.5,1
CUST_06938,1,21.31,40.2,1
CUST_06939,1,15.77,29.2,1
CUST_06940,1,17.54,33.1,1
CUST_06941,1,24.03,44.5,1
CUST_06942,1,26.56,54.2,0
CUST_06943,1,33.52,74.5,0
CUST_06944,1,26.35,52.7,0
CUST_06945,1,23.08,47.1,0
CUST_06946,1,15.5,33.7,1
CUST_06947,1,27.0,50.0,0
CUST_06948,1,17.0,34.0,1
CUST_06949,1,14.04,26.5,1
CUST_06950,1,16.56,36.0,1
CUST_06951,1,42.36,71.8,0
CUST_06952,1,38.4,80.0,0
CUST_06953,1,38.22,78.0,0
CUST_06954,1,15.2,30.4,1
CUST_06955,1,26.94,51.8,0
CUST_06956,1,24.96,48.0,0
CUST_06957,1,29.33,47.3,0
CUST_06958,1,20.79,46.2,1
CUST_06959,1,35.77,79.5,0
CUST_06960,1,19.33,35.8,1
CUST_06961,1,19.5,37.5,1
CUST_06962,1,26.95,49.0,0
CUST_06963,1,16.13,28.3,1
CUST_06964,1,16.85,31.2,1
CUST_06965,1,17.69,36.1,1
CUST_06966,1,22.49,48.9,0
CUST_06967,1,27.23,53.4,0
CUST_06968,1,15.7,32.7,1
CUST_06969,1,17.76,33.5,1
CUST_06970,1,21.7,43.4,1
CUST_06971,1,17.91,38.1,1
CUST_06972,1,33.44,74.3,0
CUST_06973,1,26.26,50.5,0
CUST_06974,1,17.54,34.4,1
CUST_06975,1,17.55,31.9,1
CUST_06976,1,23.05,50.1,0
CUST_06977,1,22.3,37.8,1
CUST_06978,1,28.89,53.5,0
CUST_06979,1,14.2,28.4,1
CUST_06980,1,14.17,30.8,1
CUST_06981,1,28.13,57.4,0
CUST_06982,1,25.65,47.5,0
CUST_06983,1,13.87,28.3,1
CUST_06984,1,24.96,52.0,0
CUST_06985,1,18.82,33.6,1
CUST_06986,1,19.28,35.7,1
CUST_06987,1,19.44,36.0,1
CUST_06988,1,24.7,53.7,0
CUST_06989,1,24.6,47.3,0
CUST_06990,1,41.6,80.0,0
CUST_06991,1,23.37,47.7,0
CUST_06992,1,15.86,31.1,1
CUST_06993,1,20.57,45.7,1
CUST_06994,1,18.0,36.0,1
CUST_06995,1,29.52,55.7,0
CUST_06996,1,17.64,31.5,1
CUST_06997,1,36.65,74.8,0
CUST_06998,1,17.7,34.7,1
CUST_06999,1,25.38,47.0,0
CUST_07000,1,16.37,32.1,1
CUST_07001,1,18.32,33.3,1
CUST_07002,1,22.31,42.9,1
CUST_07003,1,13.87,28.3,1
CUST_07004,1,28.29,61.5,0
CUST_07005,1,22.59,50.2,0
CUST_07006,1,34.46,71.8,0
CUST_07007,1,29.21,63.5,0
CUST_07008,1,21.27,40.9,1
CUST_07009,1,34.89,71.2,0
CUST_07010,1,29.81,55.2,0
CUST_07011,1,40.0,80.0,0
CUST_07012,1,17.54,33.1,1
CUST_07013,1,23.23,48.4,0
CUST_07014,1,17.1,34.9,1
CUST_07015,1,34.3,68.6,0
CUST_07016,1,36.0,80.0,0
CUST_07017,1,17.77,32.9,1
CUST_07018,1,18.47,37.7,1
CUST_07019,1,42.4,80.0,0
CUST_07020,1,17.21,33.1,1
CUST_07021,1,42.4,80.0,0
CUST_07022,1,23.81,44.1,1
CUST_07023,1,43.2,80.0,0
CUST_07024,1,17.21,33.1,1
CUST_07025,1,25.49,48.1,0
CUST_07026,1,16.68,35.5,1
CUST_07027,1,19.5,37.5,1
CUST_07028,1,29.56,50.1,0
CUST_07029,1,21.46,43.8,1
CUST_07030,1,16.59,31.3,1
CUST_07031,1,17.34,29.9,1
CUST_07032,1,35.86,74.7,0
CUST_07033,1,19.61,34.4,1
CUST_07034,1,15.79,33.6,1
CUST_07035,1,19.66,36.4,1
CUST_07036,1,17.24,33.8,1
CUST_07037,1,35.15,70.3,0
CUST_07038,1,15.76,30.3,1
CUST_07039,1,38.56,71.4,0
CUST_07040,1,17.97,33.9,1
CUST_07041,1,22.42,46.7,1
CUST_07042,1,23.52,48.0,0
CUST_07043,1,18.72,36.7,1
CUST_07044,1,17.91,38.1,1
CUST_07045,1,16.85,32.4,1
CUST_07046,1,36.0,80.0,0
CUST_07047,1,20.66,40.5,1
CUST_07048,1,21.76,44.4,1
CUST_07049,1,16.38,30.9,1
CUST_07050,1,24.16,49.3,0
CUST_07051,1,16.96,31.4,1
CUST_07052,1,26.12,53.3,0
CUST_07053,1,16.85,33.7,1
CUST_07054,1,43.01,78.2,0
CUST_07055,1,13.43,27.4,1
CUST_07056,1,40.8,80.0,0
CUST_07057,1,36.34,79.0,0
CUST_07058,1,32.99,70.2,0
CUST_07059,1,15.75,31.5,1
CUST_07060,1,29.84,66.3,0
CUST_07061,1,24.46,45.3,0
CUST_07062,1,25.05,53.3,0
CUST_07063,1,23.19,44.6,1
CUST_07064,1,17.09,33.5,1
CUST_07065,1,27.25,52.4,0
CUST_07066,1,15.98,34.0,1
CUST_07067,1,32.77,56.5,0
CUST_07068,1,40.07,75.6,0
CUST_07069,1,34.03,64.2,0
CUST_07070,1,31.11,63.5,0
CUST_07071,1,23.96,48.9,0
CUST_07072,1,40.8,80.0,0
CUST_07073,1,26.83,51.6,0
CUST_07074,1,44.0,80.0,0
CUST_07075,1,24.29,52.8,0
CUST_07076,1,24.06,51.2,0
CUST_07077,1,22.77,50.6,0
CUST_07078,1,16.97,36.9,1
CUST_07079,1,15.55,32.4,1
CUST_07080,1,31.19,56.7,0
CUST_07081,1,20.25,39.7,1
CUST_07082,1,22.26,35.9,1
CUST_07083,1,42.79,77.8,0
CUST_07084,1,34.04,74.0,0
CUST_07085,1,15.8,31.6,1
CUST_07086,1,16.27,33.2,1
CUST_07087,1,29.34,52.4,0
CUST_07088,1,32.09,52.6,0
CUST_07089,1,27.35,51.6,0
CUST_07090,1,23.92,44.3,1
CUST_07091,1,24.63,48.3,0
CUST_07092,1,21.05,42.1,1
CUST_07093,1,25.18,47.5,0
CUST_07094,1,14.21,29.6,1
CUST_07095,1,42.4,80.0,0
CUST_07096,1,15.76,30.3,1
CUST_07097,1,18.25,36.5,1
CUST_07098,1,40.0,80.0,0
CUST_07099,1,40.8,80.0,0
CUST_07100,1,14.1,26.6,1
CUST_07101,1,40.8,80.0,0
CUST_07102,1,44.0,80.0,0
CUST_07103,1,15.3,30.6,1
CUST_07104,1,18.26,35.8,1
CUST_07105,1,22.45,36.8,1
CUST_07106,1,19.87,36.8,1
CUST_07107,1,18.92,33.2,1
CUST_07108,1,22.53,42.5,1
CUST_07109,1,23.8,44.9,1
CUST_07110,1,17.25,34.5,1
CUST_07111,1,17.6,32.6,1
CUST_07112,1,36.85,65.8,0
CUST_07113,1,23.55,47.1,0
CUST_07114,1,21.71,44.3,1
CUST_07115,1,18.6,35.1,1
CUST_07116,1,19.27,33.8,1
CUST_07117,1,14.7,29.4,1
CUST_07118,1,14.5,29.6,1
CUST_07119,1,16.03,33.4,1
CUST_07120,1,19.53,38.3,1
CUST_07121,1,17.54,33.1,1
CUST_07122,1,24.4,49.8,0
CUST_07123,1,25.86,50.7,0
CUST_07124,1,39.2,78.4,0
CUST_07125,1,14.3,27.5,1
CUST_07126,1,23.3,44.8,1
CUST_07127,1,16.64,35.4,1
CUST_07128,1,33.44,60.8,0
CUST_07129,1,17.01,31.5,1
CUST_07130,1,16.8,35.0,1
CUST_07131,1,35.81,74.6,0
CUST_07132,1,21.15,39.9,1
CUST_07133,1,23.59,50.2,0
CUST_07134,1,18.68,34.6,1
CUST_07135,1,22.49,45.9,1
CUST_07136,1,25.87,52.8,0
CUST_07137,1,38.4,80.0,0
CUST_07138,1,36.35,69.9,0
CUST_07139,1,20.08,36.5,1
CUST_07140,1,18.55,35.0,1
CUST_07141,1,28.1,56.2,0
CUST_07142,1,17.6,32.6,1
CUST_07143,1,25.58,49.2,0
CUST_07144,1,41.58,77.0,0
CUST_07145,1,41.6,80.0,0
CUST_07146,1,26.78,52.5,0
CUST_07147,1,27.03,51.0,0
CUST_07148,1,25.02,47.2,0
CUST_07149,1,38.15,76.3,0
CUST_07150,1,22.18,46.2,1
CUST_07151,1,26.95,55.0,0
CUST_07152,1,22.29,45.5,1
CUST_07153,1,23.48,44.3,1
CUST_07154,1,17.6,32.0,1
CUST_07155,1,19.71,36.5,1
CUST_07156,1,15.17,33.7,1
CUST_07157,1,26.41,48.9,0
CUST_07158,1,35.0,67.3,0
CUST_07159,1,16.17,34.4,1
CUST_07160,1,13.62,27.8,1
CUST_07161,1,36.92,71.0,0
CUST_07162,1,32.24,68.6,0
CUST_07163,1,23.98,44.4,1
CUST_07164,1,46.4,80.0,0
CUST_07165,1,18.09,32.3,1
CUST_07166,1,43.78,74.2,0
CUST_07167,1,24.38,46.0,0
CUST_07168,1,26.21,46.8,0
CUST_07169,1,34.13,74.2,0
CUST_07170,1,21.45,39.0,1
CUST_07171,1,22.9,44.9,1
CUST_07172,1,23.69,50.4,0
CUST_07173,1,33.73,55.3,0
CUST_07174,1,34.16,75.9,0
CUST_07175,1,15.34,31.3,1
CUST_07176,1,16.0,32.0,1
CUST_07177,1,23.23,48.4,0
CUST_07178,1,17.86,38.0,1
CUST_07179,1,21.22,44.2,1
CUST_07180,1,16.05,34.9,1
CUST_07181,1,30.67,53.8,0
CUST_07182,1,17.05,34.8,1
CUST_07183,1,40.0,80.0,0
CUST_07184,1,14.21,29.6,1
CUST_07185,1,15.13,29.1,1
CUST_07186,1,25.3,49.6,0
CUST_07187,1,15.61,30.6,1
CUST_07188,1,15.78,26.3,1
CUST_07189,1,26.94,48.1,0
CUST_07190,1,37.73,77.0,0
CUST_07191,1,18.32,33.3,1
CUST_07192,1,25.14,53.5,0
CUST_07193,1,29.81,64.8,0
CUST_07194,1,14.62,32.5,1
CUST_07195,1,16.74,36.4,1
CUST_07196,1,36.26,74.0,0
CUST_07197,1,29.07,51.0,0
CUST_07198,1,21.36,44.5,1
CUST_07199,1,14.47,26.3,1
CUST_07200,1,18.81,34.2,1
CUST_07201,1,15.5,29.8,1
CUST_07202,1,36.69,66.7,0
CUST_07203,1,41.6,80.0,0
CUST_07204,1,15.44,31.5,1
CUST_07205,1,25.69,46.7,0
CUST_07206,1,44.0,80.0,0
CUST_07207,1,14.67,31.9,1
CUST_07208,1,24.44,47.0,0
CUST_07209,1,18.13,34.2,1
CUST_07210,1,18.87,33.7,1
CUST_07211,1,37.6,80.0,0
CUST_07212,1,23.04,44.3,1
CUST_07213,1,23.55,50.1,0
CUST_07214,1,22.5,40.9,1
CUST_07215,1,26.35,47.9,0
CUST_07216,1,22.4,48.7,0
CUST_07217,1,40.0,80.0,0
CUST_07218,1,38.01,73.1,0
CUST_07219,1,37.6,80.0,0
CUST_07220,1,33.23,58.3,0
CUST_07221,1,21.68,41.7,1
CUST_07222,1,18.02,34.0,1
CUST_07223,1,17.07,32.2,1
CUST_07224,1,33.81,69.0,0
CUST_07225,1,25.33,53.9,0
CUST_07226,1,23.45,49.9,0
CUST_07227,1,38.9,74.8,0
CUST_07228,1,27.64,54.2,0
CUST_07229,1,37.31,69.1,0
CUST_07230,1,19.82,37.4,1
CUST_07231,1,18.31,32.7,1
CUST_07232,1,37.6,80.0,0
CUST_07233,1,32.57,70.8,0
CUST_07234,1,16.51,35.9,1
CUST_07235,1,21.01,44.7,1
CUST_07236,1,19.03,35.9,1
CUST_07237,1,25.55,50.1,0
CUST_07238,1,17.85,35.7,1
CUST_07239,1,16.96,31.4,1
CUST_07240,1,22.39,43.9,1
CUST_07241,1,20.46,37.2,1
CUST_07242,1,40.43,72.2,0
CUST_07243,1,37.6,80.0,0
CUST_07244,1,24.1,50.2,0
CUST_07245,1,15.44,29.7,1
CUST_07246,1,28.35,52.5,0
CUST_07247,1,25.91,50.8,0
CUST_07248,1,30.0,62.5,0
CUST_07249,1,13.95,31.0,1
CUST_07250,1,14.51,27.9,1
CUST_07251,1,38.4,76.8,0
CUST_07252,1,14.73,27.8,1
CUST_07253,1,36.06,70.7,0
CUST_07254,1,27.2,52.3,0
CUST_07255,1,16.42,35.7,1
CUST_07256,1,26.73,48.6,0
CUST_07257,1,30.69,57.9,0
CUST_07258,1,38.3,79.8,0
CUST_07259,1,18.46,36.2,1
CUST_07260,1,15.32,32.6,1
CUST_07261,1,35.87,60.8,0
CUST_07262,1,28.46,52.7,0
CUST_07263,1,37.6,80.0,0
CUST_07264,1,18.95,42.1,1
CUST_07265,1,19.71,37.9,1
CUST_07266,1,36.8,80.0,0
CUST_07267,1,15.46,32.9,1
CUST_07268,1,18.68,34.6,1
CUST_07269,1,23.03,49.0,0
CUST_07270,1,30.15,51.1,0
CUST_07271,1,16.7,33.4,1
CUST_07272,1,15.53,31.7,1
CUST_07273,1,25.19,51.4,0
CUST_07274,1,22.0,42.3,1
CUST_07275,1,34.34,76.3,0
CUST_07276,1,37.6,80.0,0
CUST_07277,1,24.5,50.0,0
CUST_07278,1,11.87,25.8,1
CUST_07279,1,26.19,48.5,0
CUST_07280,1,18.1,34.8,1
CUST_07281,1,24.99,49.0,0
CUST_07282,1,16.73,32.8,1
CUST_07283,1,16.36,34.8,1
CUST_07284,1,17.87,33.1,1
CUST_07285,1,15.5,28.7,1
CUST_07286,1,15.89,33.1,1
CUST_07287,1,24.35,48.7,0
CUST_07288,1,37.6,80.0,0
CUST_07289,1,42.95,78.1,0
CUST_07290,1,29.39,47.4,0
CUST_07291,1,24.25,51.6,0
CUST_07292,1,41.6,80.0,0
CUST_07293,1,21.34,45.4,1
CUST_07294,1,35.66,74.3,0
CUST_07295,1,41.47,75.4,0
CUST_07296,1,14.06,28.7,1
CUST_07297,1,23.35,44.9,1
CUST_07298,1,36.8,80.0,0
CUST_07299,1,31.53,56.3,0
CUST_07300,1,16.05,34.9,1
CUST_07301,1,15.24,31.1,1
CUST_07302,1,17.15,36.5,1
CUST_07303,1,18.5,34.9,1
CUST_07304,1,40.0,80.0,0
CUST_07305,1,26.84,48.8,0
CUST_07306,1,37.5,75.0,0
CUST_07307,1,22.32,47.5,1
CUST_07308,1,30.93,50.7,0
CUST_07309,1,23.83,50.7,0
CUST_07310,1,20.35,43.3,1
CUST_07311,1,13.77,30.6,1
CUST_07312,1,16.75,34.9,1
CUST_07313,1,18.85,32.5,1
CUST_07314,1,21.92,34.8,1
CUST_07315,1,16.66,34.7,1
CUST_07316,1,37.6,80.0,0
CUST_07317,1,18.72,36.0,1
CUST_07318,1,23.09,44.4,1
CUST_07319,1,46.4,80.0,0
CUST_07320,1,17.97,33.9,1
CUST_07321,1,34.1,69.6,0
CUST_07322,1,37.6,80.0,0
CUST_07323,1,17.94,34.5,1
CUST_07324,1,21.7,45.2,1
CUST_07325,1,27.02,57.5,0
CUST_07326,1,26.45,46.4,0
CUST_07327,1,21.65,40.1,1
CUST_07328,1,17.9,35.8,1
CUST_07329,1,24.24,52.7,0
CUST_07330,1,15.91,30.6,1
CUST_07331,1,38.4,80.0,0
CUST_07332,1,27.66,50.3,0
CUST_07333,1,40.8,80.0,0
CUST_07334,1,26.78,52.5,0
CUST_07335,1,27.64,54.2,0
CUST_07336,1,28.08,58.5,0
CUST_07337,1,19.12,37.5,1
CUST_07338,1,27.97,51.8,0
CUST_07339,1,37.15,70.1,0
CUST_07340,1,24.55,49.1,0
CUST_07341,1,18.2,32.5,1
CUST_07342,1,41.29,79.4,0
CUST_07343,1,22.15,44.3,1
CUST_07344,1,15.42,32.8,1
CUST_07345,1,22.99,41.8,1
CUST_07346,1,16.69,32.1,1
CUST_07347,1,13.92,27.3,1
CUST_07348,1,22.95,42.5,1
CUST_07349,1,16.17,31.1,1
CUST_07350,1,13.4,26.8,1
CUST_07351,1,16.15,35.1,1
CUST_07352,1,27.14,51.2,0
CUST_07353,1,16.85,33.7,1
CUST_07354,1,19.5,36.8,1
CUST_07355,1,40.0,80.0,0
CUST_07356,1,26.77,50.5,0
CUST_07357,1,24.16,49.3,0
CUST_07358,1,26.78,52.5,0
CUST_07359,1,21.24,36.0,1
CUST_07360,1,14.95,29.9,1
CUST_07361,1,39.2,80.0,0
CUST_07362,1,17.89,34.4,1
CUST_07363,1,36.8,80.0,0
CUST_07364,1,37.95,71.6,0
CUST_07365,1,26.31,50.6,0
CUST_07366,1,16.43,31.6,1
CUST_07367,1,15.71,30.8,1
CUST_07368,1,38.91,79.4,0
CUST_07369,1,41.97,76.3,0
CUST_07370,1,37.6,80.0,0
CUST_07371,1,28.67,50.3,0
CUST_07372,1,17.23,32.5,1
CUST_07373,1,26.31,50.6,0
CUST_07374,1,31.0,57.4,0
CUST_07375,1,37.6,80.0,0
CUST_07376,1,17.38,31.6,1
CUST_07377,1,22.64,46.2,1
CUST_07378,1,35.3,75.1,0
CUST_07379,1,29.89,58.6,0
CUST_07380,1,14.01,28.6,1
CUST_07381,1,17.97,33.9,1
CUST_07382,1,17.03,33.4,1
CUST_07383,1,23.36,51.9,0
CUST_07384,1,26.98,56.2,0
CUST_07385,1,15.45,30.3,1
CUST_07386,1,39.96,74.0,0
CUST_07387,1,24.22,45.7,0
CUST_07388,1,27.19,47.7,0
CUST_07389,1,17.67,37.6,1
CUST_07390,1,39.91,73.9,0
CUST_07391,1,40.0,80.0,0
CUST_07392,1,14.54,30.3,1
CUST_07393,1,17.6,32.0,1
CUST_07394,1,22.34,43.8,1
CUST_07395,1,18.93,33.8,1
CUST_07396,1,31.42,68.3,0
CUST_07397,1,16.39,29.8,1
CUST_07398,1,20.3,35.0,1
CUST_07399,1,40.0,80.0,0
CUST_07400,1,28.43,61.8,0
CUST_07401,1,41.14,74.8,0
CUST_07402,1,16.54,31.2,1
CUST_07403,1,15.45,30.3,1
CUST_07404,1,26.91,58.5,0
CUST_07405,1,40.8,80.0,0
CUST_07406,1,26.94,51.8,0
CUST_07407,1,36.8,80.0,0
CUST_07408,1,17.93,29.4,1
CUST_07409,1,35.6,69.8,0
CUST_07410,1,37.73,77.0,0
CUST_07411,1,34.45,63.8,0
CUST_07412,1,25.61,43.4,0
CUST_07413,1,15.82,34.4,1
CUST_07414,1,24.2,48.4,0
CUST_07415,1,15.24,31.1,1
CUST_07416,1,31.34,65.3,0
CUST_07417,1,15.23,27.2,1
CUST_07418,1,31.14,67.7,0
CUST_07419,1,29.93,47.5,0
CUST_07420,1,17.86,33.7,1
CUST_07421,1,15.25,29.9,1
CUST_07422,1,16.54,35.2,1
CUST_07423,1,15.74,33.5,1
CUST_07424,1,16.85,31.2,1
CUST_07425,1,25.14,49.3,0
CUST_07426,1,23.77,46.6,0
CUST_07427,1,40.0,80.0,0
CUST_07428,1,16.42,34.2,1
CUST_07429,1,44.0,80.0,0
CUST_07430,1,18.21,35.7,1
CUST_07431,1,24.27,45.8,0
CUST_07432,1,16.12,31.0,1
CUST_07433,1,18.26,35.8,1
CUST_07434,1,30.93,65.8,0
CUST_07435,1,41.44,79.7,0
CUST_07436,1,12.94,26.4,1
CUST_07437,1,39.47,73.1,0
CUST_07438,1,37.8,75.6,0
CUST_07439,1,15.69,34.1,1
CUST_07440,1,26.11,54.4,0
CUST_07441,1,24.65,49.3,0
CUST_07442,1,19.12,35.4,1
CUST_07443,1,13.11,28.5,1
CUST_07444,1,38.27,73.6,0
CUST_07445,1,17.01,36.2,1
CUST_07446,1,20.5,41.0,1
CUST_07447,1,25.86,50.7,0
CUST_07448,1,25.54,47.3,0
CUST_07449,1,16.57,32.5,1
CUST_07450,1,40.8,80.0,0
CUST_07451,1,26.57,48.3,0
CUST_07452,1,16.02,32.7,1
CUST_07453,1,26.79,48.7,0
CUST_07454,1,31.35,55.0,0
CUST_07455,1,24.59,46.4,0
CUST_07456,1,13.33,27.2,1
CUST_07457,1,20.07,38.6,1
CUST_07458,1,17.66,36.8,1
CUST_07459,1,13.9,27.8,1
CUST_07460,1,28.47,58.1,0
CUST_07461,1,20.47,34.7,1
CUST_07462,1,23.0,51.1,0
CUST_07463,1,24.45,49.9,0
CUST_07464,1,19.01,35.2,1
CUST_07465,1,18.37,33.4,1
CUST_07466,1,36.8,80.0,0
CUST_07467,1,25.3,49.6,0
CUST_07468,1,24.48,48.0,0
CUST_07469,1,24.1,52.4,0
CUST_07470,1,17.16,33.0,1
CUST_07471,1,42.08,79.4,0
CUST_07472,1,18.38,37.5,1
CUST_07473,1,15.84,33.0,1
CUST_07474,1,36.92,71.0,0
CUST_07475,1,41.6,80.0,0
CUST_07476,1,16.37,33.4,1
CUST_07477,1,40.0,80.0,0
CUST_07478,1,25.36,44.5,0
CUST_07479,1,37.6,80.0,0
CUST_07480,1,16.69,29.8,1
CUST_07481,1,27.05,48.3,0
CUST_07482,1,43.55,76.4,0
CUST_07483,1,26.01,51.0,0
CUST_07484,1,37.78,77.1,0
CUST_07485,1,23.27,47.5,0
CUST_07486,1,17.05,34.8,1
CUST_07487,1,26.47,51.9,0
CUST_07488,1,14.22,31.6,1
CUST_07489,1,39.2,80.0,0
CUST_07490,1,18.33,39.0,1
CUST_07491,1,38.86,79.3,0
CUST_07492,1,25.24,53.7,0
CUST_07493,1,45.48,75.8,0
CUST_07494,1,18.53,31.4,1
CUST_07495,1,17.72,37.7,1
CUST_07496,1,45.57,74.7,0
CUST_07497,1,23.12,49.2,0
CUST_07498,1,30.3,50.5,0
CUST_07499,1,21.01,38.9,1
CUST_07500,1,38.4,80.0,0
CUST_07501,1,16.43,31.0,1
CUST_07502,1,23.54,43.6,1
CUST_07503,1,40.61,75.2,0
CUST_07504,1,35.33,76.8,0
CUST_07505,1,17.17,32.4,1
CUST_07506,1,34.22,61.1,0
CUST_07507,1,19.12,35.4,1
CUST_07508,1,25.6,47.4,0
CUST_07509,1,22.7,45.4,1
CUST_07510,1,32.28,53.8,0
CUST_07511,1,15.0,28.3,1
CUST_07512,1,15.55,33.8,1
CUST_07513,1,17.84,34.3,1
CUST_07514,1,22.93,46.8,1
CUST_07515,1,19.88,37.5,1
CUST_07516,1,18.6,37.2,1
CUST_07517,1,16.68,32.7,1
CUST_07518,1,21.87,40.5,1
CUST_07519,1,30.69,49.5,0
CUST_07520,1,14.27,31.7,1
CUST_07521,1,26.95,49.0,0
CUST_07522,1,41.41,75.3,0
CUST_07523,1,17.0,34.0,1
CUST_07524,1,39.27,74.1,0
CUST_07525,1,16.64,32.0,1
CUST_07526,1,34.88,64.6,0
CUST_07527,1,22.3,37.8,1
CUST_07528,1,40.0,80.0,0
CUST_07529,1,22.93,46.8,1
CUST_07530,1,40.8,80.0,0
CUST_07531,1,23.54,43.6,1
CUST_07532,1,40.0,80.0,0
CUST_07533,1,33.12,58.1,0
CUST_07534,1,20.75,45.1,1
CUST_07535,1,42.39,78.5,0
CUST_07536,1,17.58,33.8,1
CUST_07537,1,40.0,80.0,0
CUST_07538,1,22.83,41.5,1
CUST_07539,1,25.78,53.7,0
CUST_07540,1,36.3,66.0,0
CUST_07541,1,26.35,52.7,0
CUST_07542,1,36.06,73.6,0
CUST_07543,1,24.79,53.9,0
CUST_07544,1,18.05,36.1,1
CUST_07545,1,27.1,48.4,0
CUST_07546,1,18.41,34.1,1
CUST_07547,1,22.83,43.9,1
CUST_07548,1,32.81,72.9,0
CUST_07549,1,16.51,35.9,1
CUST_07550,1,24.54,47.2,0
CUST_07551,1,13.48,29.3,1
CUST_07552,1,40.28,76.0,0
CUST_07553,1,39.16,75.3,0
CUST_07554,1,18.82,39.2,1
CUST_07555,1,13.68,26.3,1
CUST_07556,1,40.0,80.0,0
CUST_07557,1,16.47,30.5,1
CUST_07558,1,31.26,53.9,0
CUST_07559,1,23.35,46.7,0
CUST_07560,1,15.46,32.2,1
CUST_07561,1,23.46,51.0,0
CUST_07562,1,21.89,41.3,1
CUST_07563,1,15.71,29.1,1
CUST_07564,1,16.79,31.1,1
CUST_07565,1,16.95,34.6,1
CUST_07566,1,22.46,46.8,1
CUST_07567,1,16.85,31.2,1
CUST_07568,1,15.97,32.6,1
CUST_07569,1,18.04,32.8,1
CUST_07570,1,14.69,28.8,1
CUST_07571,1,13.62,29.6,1
CUST_07572,1,26.89,49.8,0
CUST_07573,1,41.36,75.2,0
CUST_07574,1,29.01,51.8,0
CUST_07575,1,19.77,37.3,1
CUST_07576,1,36.9,73.8,0
CUST_07577,1,33.7,67.4,0
CUST_07578,1,41.6,80.0,0
CUST_07579,1,26.66,47.6,0
CUST_07580,1,29.57,61.6,0
CUST_07581,1,38.43,73.9,0
CUST_07582,1,19.6,35.0,1
CUST_07583,1,36.0,76.6,0
CUST_07584,1,16.12,31.6,1
CUST_07585,1,25.8,46.9,0
CUST_07586,1,41.89,74.8,0
CUST_07587,1,14.38,30.6,1
CUST_07588,1,19.69,35.8,1
CUST_07589,1,37.91,72.9,0
CUST_07590,1,26.21,50.4,0
CUST_07591,1,15.55,28.8,1
CUST_07592,1,16.25,30.1,1
CUST_07593,1,20.93,43.6,1
CUST_07594,1,37.6,80.0,0
CUST_07595,1,19.8,40.4,1
CUST_07596,1,27.85,47.2,0
CUST_07597,1,43.07,78.3,0
CUST_07598,1,15.65,32.6,1
CUST_07599,1,15.53,31.7,1
CUST_07600,1,18.41,32.3,1
CUST_07601,1,32.43,52.3,0
CUST_07602,1,20.18,38.8,1
CUST_07603,1,15.95,29.0,1
CUST_07604,1,14.65,29.9,1
CUST_07605,1,37.6,80.0,0
CUST_07606,1,19.39,35.9,1
CUST_07607,1,17.05,31.0,1
CUST_07608,1,21.74,45.3,1
CUST_07609,1,23.23,50.5,0
CUST_07610,1,41.39,78.1,0
CUST_07611,1,22.94,47.8,0
CUST_07612,1,25.63,53.4,0
CUST_07613,1,33.7,67.4,0
CUST_07614,1,39.2,80.0,0
CUST_07615,1,17.05,28.9,1
CUST_07616,1,40.0,80.0,0
CUST_07617,1,22.74,46.4,1
CUST_07618,1,22.32,46.5,1
CUST_07619,1,15.6,31.2,1
CUST_07620,1,44.0,80.0,0
CUST_07621,1,16.22,31.2,1
CUST_07622,1,26.54,55.3,0
CUST_07623,1,23.36,49.7,0
CUST_07624,1,15.69,34.1,1
CUST_07625,1,25.96,50.9,0
CUST_07626,1,23.89,53.1,0
CUST_07627,1,17.6,33.2,1
CUST_07628,1,25.27,48.6,0
CUST_07629,1,24.95,49.9,0
CUST_07630,1,31.43,58.2,0
CUST_07631,1,26.37,44.7,0
CUST_07632,1,17.11,29.0,1
CUST_07633,1,17.33,32.1,1
CUST_07634,1,23.3,46.6,0
CUST_07635,1,41.08,79.0,0
CUST_07636,1,16.12,29.3,1
CUST_07637,1,15.15,30.3,1
CUST_07638,1,40.8,80.0,0
CUST_07639,1,30.84,59.3,0
CUST_07640,1,43.2,80.0,0
CUST_07641,1,16.78,32.9,1
CUST_07642,1,22.51,36.3,1
CUST_07643,1,18.29,34.5,1
CUST_07644,1,26.22,46.0,0
CUST_07645,1,24.53,48.1,0
CUST_07646,1,27.76,51.4,0
CUST_07647,1,21.95,46.7,1
CUST_07648,1,25.76,54.8,0
CUST_07649,1,27.66,53.2,0
CUST_07650,1,24.57,45.5,0
CUST_07651,1,41.44,72.7,0
CUST_07652,1,43.2,80.0,0
CUST_07653,1,25.25,49.5,0
CUST_07654,1,16.25,30.1,1
CUST_07655,1,40.0,80.0,0
CUST_07656,1,28.08,52.0,0
CUST_07657,1,16.03,33.4,1
CUST_07658,1,25.61,56.9,0
CUST_07659,1,26.94,48.1,0
CUST_07660,1,15.66,34.8,1
CUST_07661,1,37.6,80.0,0
CUST_07662,1,37.97,67.8,0
CUST_07663,1,33.02,68.8,0
CUST_07664,1,43.2,80.0,0
CUST_07665,1,16.1,35.0,1
CUST_07666,1,35.67,72.8,0
CUST_07667,1,13.87,28.9,1
CUST_07668,1,21.37,41.1,1
CUST_07669,1,15.31,31.9,1
CUST_07670,1,17.88,36.5,1
CUST_07671,1,22.64,44.4,1
CUST_07672,1,14.28,28.0,1
CUST_07673,1,20.74,37.7,1
CUST_07674,1,20.25,38.2,1
CUST_07675,1,25.65,48.4,0
CUST_07676,1,43.74,78.1,0
CUST_07677,1,25.38,54.0,0
CUST_07678,1,39.2,80.0,0
CUST_07679,1,39.8,75.1,0
CUST_07680,1,26.12,53.3,0
CUST_07681,1,41.6,80.0,0
CUST_07682,1,17.35,35.4,1
CUST_07683,1,46.61,79.0,0
CUST_07684,1,41.36,76.6,0
CUST_07685,1,22.51,47.9,1
CUST_07686,1,19.55,37.6,1
CUST_07687,1,35.28,76.7,0
CUST_07688,1,32.8,71.3,0
CUST_07689,1,21.54,36.5,1
CUST_07690,1,29.0,50.0,0
CUST_07691,1,26.87,50.7,0
CUST_07692,1,17.48,37.2,1
CUST_07693,1,17.6,35.2,1
CUST_07694,1,17.39,34.1,1
CUST_07695,1,32.3,67.3,0
CUST_07696,1,36.0,80.0,0
CUST_07697,1,34.6,60.7,0
CUST_07698,1,40.8,80.0,0
CUST_07699,1,30.36,66.0,0
CUST_07700,1,23.71,45.6,0
CUST_07701,1,39.85,79.7,0
CUST_07702,1,40.0,80.0,0
CUST_07703,1,14.1,30.0,1
CUST_07704,1,24.25,48.5,0
CUST_07705,1,28.71,58.6,0
CUST_07706,1,23.83,51.8,0
CUST_07707,1,21.38,45.5,1
CUST_07708,1,24.75,46.7,0
CUST_07709,1,27.34,49.7,0
CUST_07710,1,27.06,45.1,0
CUST_07711,1,39.26,72.7,0
CUST_07712,1,23.1,45.3,1
CUST_07713,1,21.02,45.7,1
CUST_07714,1,40.0,80.0,0
CUST_07715,1,21.46,37.0,1
CUST_07716,1,17.2,35.1,1
CUST_07717,1,15.83,32.3,1
CUST_07718,1,20.5,40.2,1
CUST_07719,1,29.81,55.2,0
CUST_07720,1,20.47,34.7,1
CUST_07721,1,18.2,33.7,1
CUST_07722,1,16.28,31.3,1
CUST_07723,1,27.73,56.6,0
CUST_07724,1,16.93,33.2,1
CUST_07725,1,26.18,47.6,0
CUST_07726,1,13.32,29.6,1
CUST_07727,1,16.38,36.4,1
CUST_07728,1,15.34,31.3,1
CUST_07729,1,14.26,29.7,1
CUST_07730,1,16.94,30.8,1
CUST_07731,1,18.71,35.3,1
CUST_07732,1,39.88,78.2,0
CUST_07733,1,40.8,80.0,0
CUST_07734,1,18.9,37.8,1
CUST_07735,1,23.4,46.8,0
CUST_07736,1,23.31,49.6,0
CUST_07737,1,15.46,32.9,1
CUST_07738,1,40.0,80.0,0
CUST_07739,1,24.29,52.8,0
CUST_07740,1,36.8,80.0,0
CUST_07741,1,25.74,49.5,0
CUST_07742,1,20.71,35.1,1
CUST_07743,1,27.77,52.4,0
CUST_07744,1,25.44,48.0,0
CUST_07745,1,33.44,74.3,0
CUST_07746,1,16.8,33.6,1
CUST_07747,1,23.26,45.6,1
CUST_07748,1,47.62,76.8,0
CUST_07749,1,25.48,49.0,0
CUST_07750,1,16.9,31.3,1
CUST_07751,1,26.45,55.1,0
CUST_07752,1,15.09,30.8,1
CUST_07753,1,27.16,50.3,0
CUST_07754,1,20.59,43.8,1
CUST_07755,1,29.41,50.7,0
CUST_07756,1,26.02,53.1,0
CUST_07757,1,27.66,50.3,0
CUST_07758,1,22.42,46.7,1
CUST_07759,1,12.7,27.6,1
CUST_07760,1,40.8,80.0,0
CUST_07761,1,26.34,49.7,0
CUST_07762,1,23.81,49.6,0
CUST_07763,1,24.77,52.7,0
CUST_07764,1,30.08,55.7,0
CUST_07765,1,48.0,80.0,0
CUST_07766,1,22.79,43.0,1
CUST_07767,1,15.05,30.1,1
CUST_07768,1,27.55,59.9,0
CUST_07769,1,20.09,37.9,1
CUST_07770,1,33.61,68.6,0
CUST_07771,1,17.16,33.0,1
CUST_07772,1,14.5,29.0,1
CUST_07773,1,37.95,71.6,0
CUST_07774,1,31.74,69.0,0
CUST_07775,1,20.12,42.8,1
CUST_07776,1,22.12,38.8,1
CUST_07777,1,17.66,32.7,1
CUST_07778,1,21.9,46.6,1
CUST_07779,1,18.31,33.9,1
CUST_07780,1,40.95,70.6,0
CUST_07781,1,25.52,46.4,0
CUST_07782,1,31.06,58.6,0
CUST_07783,1,31.57,57.4,0
CUST_07784,1,36.55,73.1,0
CUST_07785,1,16.31,34.7,1
CUST_07786,1,16.01,31.4,1
CUST_07787,1,22.69,46.3,1
CUST_07788,1,32.34,70.3,0
CUST_07789,1,17.99,34.6,1
CUST_07790,1,19.22,40.9,1
CUST_07791,1,14.8,30.2,1
CUST_07792,1,21.48,46.7,1
CUST_07793,1,18.25,33.8,1
CUST_07794,1,23.55,51.2,0
CUST_07795,1,23.73,50.5,0
CUST_07796,1,16.35,32.7,1
CUST_07797,1,14.4,32.0,1
CUST_07798,1,17.49,34.3,1
CUST_07799,1,16.42,34.2,1
CUST_07800,1,20.44,39.3,1
CUST_07801,1,18.12,30.2,1
CUST_07802,1,39.2,80.0,0
CUST_07803,1,38.02,79.2,0
CUST_07804,1,48.0,80.0,0
CUST_07805,1,47.2,80.0,0
CUST_07806,1,24.2,44.0,1
CUST_07807,1,29.68,50.3,0
CUST_07808,1,21.02,45.7,1
CUST_07809,1,25.7,47.6,0
CUST_07810,1,19.5,42.4,1
CUST_07811,1,14.94,29.3,1
CUST_07812,1,17.54,34.4,1
CUST_07813,1,19.03,35.9,1
CUST_07814,1,14.63,31.8,1
CUST_07815,1,15.96,34.7,1
CUST_07816,1,39.99,72.7,0
CUST_07817,1,43.34,78.8,0
CUST_07818,1,32.8,71.3,0
CUST_07819,1,16.65,33.3,1
CUST_07820,1,16.25,30.1,1
CUST_07821,1,18.52,39.4,1
CUST_07822,1,23.59,44.5,1
CUST_07823,1,17.44,32.3,1
CUST_07824,1,17.58,37.4,1
CUST_07825,1,17.49,33.0,1
CUST_07826,1,20.65,44.9,1
CUST_07827,1,40.6,72.5,0
CUST_07828,1,23.23,48.4,0
CUST_07829,1,25.55,51.1,0
CUST_07830,1,41.98,79.2,0
CUST_07831,1,23.92,46.9,0
CUST_07832,1,37.6,80.0,0
CUST_07833,1,42.4,80.0,0
CUST_07834,1,14.69,30.6,1
CUST_07835,1,24.53,51.1,0
CUST_07836,1,18.56,36.4,1
CUST_07837,1,17.59,35.9,1
CUST_07838,1,16.5,30.0,1
CUST_07839,1,18.36,36.0,1
CUST_07840,1,13.8,27.6,1
CUST_07841,1,39.2,80.0,0
CUST_07842,1,38.4,80.0,0
CUST_07843,1,14.05,29.9,1
CUST_07844,1,17.68,34.0,1
CUST_07845,1,39.52,76.0,0
CUST_07846,1,35.63,75.8,0
CUST_07847,1,24.08,44.6,0
CUST_07848,1,31.41,69.8,0
CUST_07849,1,18.0,36.0,1
CUST_07850,1,19.8,39.6,1
CUST_07851,1,36.6,74.7,0
CUST_07852,1,21.71,44.3,1
CUST_07853,1,23.81,49.6,0
CUST_07854,1,23.87,51.9,0
CUST_07855,1,24.16,49.3,0
CUST_07856,1,24.94,48.9,0
CUST_07857,1,17.89,34.4,1
CUST_07858,1,19.6,36.3,1
CUST_07859,1,17.85,35.7,1
CUST_07860,1,35.79,77.8,0
CUST_07861,1,17.91,39.8,1
CUST_07862,1,15.24,29.3,1
CUST_07863,1,37.6,80.0,0
CUST_07864,1,17.35,35.4,1
CUST_07865,1,17.28,32.0,1
CUST_07866,1,23.22,51.6,0
CUST_07867,1,22.13,48.1,1
CUST_07868,1,16.2,36.0,1
CUST_07869,1,17.99,34.6,1
CUST_07870,1,18.36,30.6,1
CUST_07871,1,18.52,39.4,1
CUST_07872,1,35.33,73.6,0
CUST_07873,1,24.91,47.0,0
CUST_07874,1,24.5,50.0,0
CUST_07875,1,22.93,46.8,1
CUST_07876,1,28.0,54.9,0
CUST_07877,1,21.29,38.7,1
CUST_07878,1,16.78,35.7,1
CUST_07879,1,16.64,28.2,1
CUST_07880,1,26.88,44.8,0
CUST_07881,1,37.39,77.9,0
CUST_07882,1,16.12,34.3,1
CUST_07883,1,25.58,53.3,0
CUST_07884,1,18.92,35.7,1
CUST_07885,1,22.13,48.1,1
CUST_07886,1,12.88,28.0,1
CUST_07887,1,27.82,53.5,0
CUST_07888,1,24.25,48.5,0
CUST_07889,1,22.66,47.2,1
CUST_07890,1,25.48,49.0,0
CUST_07891,1,42.4,80.0,0
CUST_07892,1,22.24,43.6,1
CUST_07893,1,22.21,41.9,1
CUST_07894,1,47.2,80.0,0
CUST_07895,1,14.31,29.2,1
CUST_07896,1,15.61,28.9,1
CUST_07897,1,17.84,36.4,1
CUST_07898,1,20.7,41.4,1
CUST_07899,1,15.7,30.2,1
CUST_07900,1,22.42,46.7,1
CUST_07901,1,24.68,45.7,0
CUST_07902,1,17.7,34.7,1
CUST_07903,1,15.79,33.6,1
CUST_07904,1,23.62,48.2,0
CUST_07905,1,17.28,32.6,1
CUST_07906,1,42.4,80.0,0
CUST_07907,1,16.6,33.2,1
CUST_07908,1,18.2,33.7,1
CUST_07909,1,35.82,79.6,0
CUST_07910,1,29.54,53.7,0
CUST_07911,1,24.61,53.5,0
CUST_07912,1,16.52,29.5,1
CUST_07913,1,15.65,31.3,1
CUST_07914,1,15.61,28.9,1
CUST_07915,1,21.35,42.7,1
CUST_07916,1,43.2,80.0,0
CUST_07917,1,21.27,41.7,1
CUST_07918,1,16.75,33.5,1
CUST_07919,1,26.13,49.3,0
CUST_07920,1,26.07,53.2,0
CUST_07921,1,22.58,42.6,1
CUST_07922,1,45.6,80.0,0
CUST_07923,1,28.04,49.2,0
CUST_07924,1,25.75,51.5,0
CUST_07925,1,37.6,80.0,0
CUST_07926,1,40.8,80.0,0
CUST_07927,1,38.61,75.7,0
CUST_07928,1,45.49,77.1,0
CUST_07929,1,17.12,31.7,1
CUST_07930,1,23.4,45.0,1
CUST_07931,1,38.93,72.1,0
CUST_07932,1,18.21,33.1,1
CUST_07933,1,21.07,38.3,1
CUST_07934,1,45.47,78.4,0
CUST_07935,1,17.86,33.7,1
CUST_07936,1,13.82,29.4,1
CUST_07937,1,37.58,78.3,0
CUST_07938,1,37.25,77.6,0
CUST_07939,1,15.79,32.9,1
CUST_07940,1,27.34,55.8,0
CUST_07941,1,18.98,36.5,1
CUST_07942,1,18.55,37.1,1
CUST_07943,1,26.08,55.5,0
CUST_07944,1,16.54,31.2,1
CUST_07945,1,17.33,30.4,1
CUST_07946,1,15.95,31.9,1
CUST_07947,1,23.5,45.2,1
CUST_07948,1,38.12,70.6,0
CUST_07949,1,14.98,31.2,1
CUST_07950,1,19.33,35.8,1
CUST_07951,1,19.12,35.4,1
CUST_07952,1,14.8,29.6,1
CUST_07953,1,32.95,70.1,0
CUST_07954,1,36.8,80.0,0
CUST_07955,1,22.51,46.9,1
CUST_07956,1,25.11,46.5,0
CUST_07957,1,19.1,38.2,1
CUST_07958,1,17.2,35.1,1
CUST_07959,1,18.66,35.2,1
CUST_07960,1,23.15,45.4,1
CUST_07961,1,15.93,35.4,1
CUST_07962,1,18.15,34.9,1
CUST_07963,1,19.58,35.6,1
CUST_07964,1,36.8,80.0,0
CUST_07965,1,38.12,77.8,0
CUST_07966,1,20.36,34.5,1
CUST_07967,1,18.4,36.8,1
CUST_07968,1,25.88,45.4,0
CUST_07969,1,28.33,45.7,0
CUST_07970,1,18.38,37.5,1
CUST_07971,1,14.9,32.4,1
CUST_07972,1,34.74,77.2,0
CUST_07973,1,44.0,80.0,0
CUST_07974,1,28.46,53.7,0
CUST_07975,1,14.35,31.2,1
CUST_07976,1,23.45,45.1,1
CUST_07977,1,36.0,80.0,0
CUST_07978,1,41.98,79.2,0
CUST_07979,1,19.82,36.7,1
CUST_07980,1,15.13,27.5,1
CUST_07981,1,41.36,76.6,0
CUST_07982,1,24.3,51.7,0
CUST_07983,1,25.11,46.5,0
CUST_07984,1,30.94,57.3,0
CUST_07985,1,22.86,49.7,0
CUST_07986,1,21.9,46.6,1
CUST_07987,1,17.9,35.8,1
CUST_07988,1,37.91,72.9,0
CUST_07989,1,27.54,51.0,0
CUST_07990,1,17.07,32.2,1
CUST_07991,1,32.93,67.2,0
CUST_07992,1,26.02,44.1,0
CUST_07993,1,16.91,34.5,1
CUST_07994,1,37.84,68.8,0
CUST_07995,1,19.49,40.6,1
CUST_07996,1,17.55,32.5,1
CUST_07997,1,20.57,45.7,1
CUST_07998,1,22.7,47.3,1
CUST_07999,1,36.8,80.0,0
CUST_08000,1,15.55,30.5,1
